lead_id,source,course_interested,city,budget_range,lead_score,first_contact_date,response_time_hours,num_follow_ups,converted,conversion_date,revenue
LD10001,Google Ads,Full Stack Development,Bengaluru,<15k,86,2026-04-23,54.2,3,Y,2026-05-18,12797
LD10002,Instagram Ads,Full Stack Development,Mumbai,30k-50k,70,2025-11-06,3.6,2,N,,0
LD10003,Google Ads,Business Analytics,Hyderabad,15k-30k,40,2026-01-14,17.0,1,N,,0
LD10004,Instagram Ads,Full Stack Development,Kolkata,<15k,12,2025-12-30,13.0,1,N,,0
LD10005,Instagram Ads,Data Science Bootcamp,Hyderabad,<15k,42,2026-05-20,1.2,4,N,,0
LD10006,Google Ads,Business Analytics,Bengaluru,15k-30k,92,2026-05-03,0.6,3,N,,0
LD10007,Referral,Power BI & Tableau,Kolkata,15k-30k,34,2026-07-01,3.7,6,N,,0
LD10008,LinkedIn,Business Analytics,Delhi NCR,50k+,23,2025-11-23,7.9,2,N,,0
LD10009,Instagram Ads,Data Science Bootcamp,Kolkata,15k-30k,66,2026-02-23,78.0,2,N,,0
LD10010,Organic Search,Digital Marketing,Pune,30k-50k,72,2025-11-08,1.4,1,N,,0
LD10011,Referral,Business Analytics,Hyderabad,30k-50k,78,2025-12-29,7.2,1,N,,0
LD10012,LinkedIn,Data Science Bootcamp,Hyderabad,50k+,37,2026-03-17,11.5,3,N,,0
LD10013,Google Ads,Digital Marketing,Delhi NCR,30k-50k,26,2025-11-07,13.3,1,N,,0
LD10014,LinkedIn,Data Science Bootcamp,Hyderabad,50k+,75,2025-12-24,5.2,3,Y,2025-12-26,70586
LD10015,LinkedIn,Python for Data Analysis,Delhi NCR,<15k,40,2026-04-26,18.1,6,N,,0
LD10016,Google Ads,Full Stack Development,Mumbai,30k-50k,48,2026-03-28,30.7,1,N,,0
LD10017,Google Ads,Full Stack Development,Bengaluru,<15k,51,2025-12-30,4.5,1,N,,0
LD10018,Organic Search,Full Stack Development,Delhi NCR,15k-30k,63,2026-04-09,8.1,4,N,,0
LD10019,Instagram Ads,Data Science Bootcamp,Hyderabad,15k-30k,64,2026-06-08,16.9,1,N,,0
LD10020,Instagram Ads,Python for Data Analysis,Ahmedabad,30k-50k,49,2025-11-01,12.1,4,N,,0
LD10021,Google Ads,Full Stack Development,Pune,30k-50k,45,2026-06-07,18.0,2,N,,0
LD10022,Instagram Ads,Digital Marketing,Mumbai,30k-50k,73,2026-05-09,16.1,1,N,,0
LD10023,Instagram Ads,Full Stack Development,Hyderabad,30k-50k,39,2026-01-31,18.7,2,N,,0
LD10024,LinkedIn,Power BI & Tableau,Mumbai,15k-30k,48,2025-12-12,5.4,4,Y,2025-12-28,23761
LD10025,Referral,Business Analytics,Kolkata,50k+,60,2026-07-19,7.5,6,Y,2026-07-21,65633
LD10026,Organic Search,Digital Marketing,Chennai,15k-30k,40,2026-01-30,19.0,2,N,,0
LD10027,Organic Search,Data Science Bootcamp,Bengaluru,15k-30k,27,2025-11-25,18.9,3,N,,0
LD10028,Walk-in,Digital Marketing,Delhi NCR,50k+,39,2025-11-26,9.0,6,N,,0
LD10029,Google Ads,Data Science Bootcamp,Chennai,15k-30k,64,2026-06-19,0.4,5,N,,0
LD10030,LinkedIn,Business Analytics,Kolkata,50k+,53,2026-04-13,6.3,3,N,,0
LD10031,Walk-in,Full Stack Development,Pune,50k+,76,2026-06-08,21.4,2,N,,0
LD10032,Organic Search,Digital Marketing,Mumbai,15k-30k,56,2026-05-18,21.8,6,N,,0
LD10033,Organic Search,Full Stack Development,Kolkata,30k-50k,45,2026-03-26,18.9,5,N,,0
LD10034,Referral,Power BI & Tableau,Chennai,50k+,56,2026-07-23,6.1,1,Y,2026-08-05,63182
LD10035,Instagram Ads,Business Analytics,Ahmedabad,15k-30k,55,2026-02-11,13.3,3,N,,0
LD10036,Referral,Data Science Bootcamp,Hyderabad,<15k,41,2026-03-30,23.3,4,N,,0
LD10037,Instagram Ads,Business Analytics,Kolkata,15k-30k,45,2026-06-14,0.5,4,N,,0
LD10038,Organic Search,Power BI & Tableau,Kolkata,<15k,41,2026-04-17,19.4,5,N,,0
LD10039,Google Ads,Python for Data Analysis,Delhi NCR,50k+,50,2026-06-23,25.5,0,N,,0
LD10040,Google Ads,Power BI & Tableau,Hyderabad,<15k,92,2026-04-06,11.5,2,N,,0
LD10041,Referral,Full Stack Development,Chennai,30k-50k,58,2026-05-11,0.8,5,Y,2026-05-18,43521
LD10042,Referral,Data Science Bootcamp,Kolkata,30k-50k,42,2025-11-12,8.8,7,Y,2025-11-13,36145
LD10043,Instagram Ads,Business Analytics,Bengaluru,50k+,43,2026-01-01,20.7,1,N,,0
LD10044,Organic Search,Full Stack Development,Pune,30k-50k,71,2026-01-18,17.8,4,N,,0
LD10045,LinkedIn,Power BI & Tableau,Delhi NCR,<15k,86,2025-11-21,83.8,3,N,,0
LD10046,Instagram Ads,Full Stack Development,Pune,15k-30k,46,2026-01-02,41.9,4,Y,2026-01-19,20201
LD10047,Google Ads,Digital Marketing,Bengaluru,15k-30k,79,2025-11-27,53.9,4,N,,0
LD10048,Organic Search,Power BI & Tableau,Ahmedabad,30k-50k,31,2026-01-14,28.1,1,Y,2026-01-20,39532
LD10049,LinkedIn,Data Science Bootcamp,Chennai,<15k,67,2026-04-22,7.8,1,N,,0
LD10050,Instagram Ads,Digital Marketing,Bengaluru,15k-30k,82,2026-02-07,21.7,2,Y,2026-02-08,24141
LD10051,Google Ads,Business Analytics,Hyderabad,<15k,61,2026-02-09,8.3,5,N,,0
LD10052,LinkedIn,Full Stack Development,Hyderabad,50k+,84,2025-12-27,2.1,1,N,,0
LD10053,Instagram Ads,Power BI & Tableau,Pune,15k-30k,52,2026-01-11,2.3,3,N,,0
LD10054,LinkedIn,Full Stack Development,Pune,50k+,63,2026-07-13,4.6,1,N,,0
LD10055,Instagram Ads,Digital Marketing,Mumbai,50k+,64,2026-04-25,39.9,2,N,,0
LD10056,Referral,Power BI & Tableau,Delhi NCR,15k-30k,56,2026-04-15,21.4,4,N,,0
LD10057,Walk-in,Python for Data Analysis,Ahmedabad,30k-50k,12,2025-12-16,39.8,3,N,,0
LD10058,Instagram Ads,Power BI & Tableau,Hyderabad,50k+,44,2026-05-18,66.0,6,N,,0
LD10059,LinkedIn,Business Analytics,Hyderabad,15k-30k,53,2025-12-14,53.9,5,N,,0
LD10060,Walk-in,Digital Marketing,Mumbai,<15k,49,2026-02-11,2.9,6,N,,0
LD10061,Instagram Ads,Power BI & Tableau,Bengaluru,15k-30k,27,2026-07-28,36.0,8,N,,0
LD10062,Referral,Data Science Bootcamp,Mumbai,<15k,65,2026-04-23,8.0,2,N,,0
LD10063,Referral,Data Science Bootcamp,Chennai,<15k,84,2026-04-01,34.4,4,N,,0
LD10064,Instagram Ads,Data Science Bootcamp,Delhi NCR,15k-30k,72,2026-05-05,0.3,3,N,,0
LD10065,Google Ads,Full Stack Development,Mumbai,50k+,54,2026-06-18,13.0,5,N,,0
LD10066,Google Ads,Power BI & Tableau,Ahmedabad,15k-30k,70,2026-05-30,70.4,3,N,,0
LD10067,Instagram Ads,Business Analytics,Kolkata,50k+,32,2026-01-01,2.5,1,N,,0
LD10068,LinkedIn,Business Analytics,Hyderabad,<15k,64,2025-11-08,11.6,2,Y,2025-11-10,11468
LD10069,Instagram Ads,Full Stack Development,Chennai,50k+,56,2026-01-25,1.7,2,N,,0
LD10070,Instagram Ads,Python for Data Analysis,Ahmedabad,50k+,9,2026-01-12,28.9,2,N,,0
LD10071,Instagram Ads,Full Stack Development,Hyderabad,<15k,49,2025-12-27,5.8,3,N,,0
LD10072,Google Ads,Data Science Bootcamp,Chennai,50k+,8,2026-07-15,11.2,1,N,,0
LD10073,Organic Search,Data Science Bootcamp,Mumbai,15k-30k,85,2026-06-27,40.6,2,N,,0
LD10074,Instagram Ads,Business Analytics,Pune,50k+,5,2026-01-24,8.5,0,N,,0
LD10075,Instagram Ads,Python for Data Analysis,Delhi NCR,15k-30k,54,2026-04-27,7.1,3,Y,2026-05-03,22382
LD10076,Organic Search,Python for Data Analysis,Hyderabad,15k-30k,84,2026-02-16,10.2,1,N,,0
LD10077,Referral,Python for Data Analysis,Bengaluru,<15k,45,2026-07-07,15.2,4,N,,0
LD10078,Instagram Ads,Full Stack Development,Hyderabad,<15k,42,2026-03-05,6.0,2,N,,0
LD10079,Google Ads,Business Analytics,Kolkata,15k-30k,43,2026-01-11,72.7,1,N,,0
LD10080,Organic Search,Python for Data Analysis,Mumbai,50k+,70,2026-01-06,47.7,4,N,,0
LD10081,Google Ads,Python for Data Analysis,Pune,<15k,24,2026-04-02,12.8,1,N,,0
LD10082,Instagram Ads,Python for Data Analysis,Kolkata,<15k,70,2026-01-10,11.8,1,N,,0
LD10083,Instagram Ads,Digital Marketing,Delhi NCR,50k+,65,2026-04-08,1.2,4,N,,0
LD10084,Google Ads,Python for Data Analysis,Pune,50k+,83,2026-07-03,7.7,6,Y,2026-07-13,65968
LD10085,LinkedIn,Business Analytics,Mumbai,30k-50k,62,2026-02-17,2.7,2,N,,0
LD10086,Referral,Data Science Bootcamp,Chennai,<15k,46,2025-12-29,8.0,4,N,,0
LD10087,Google Ads,Data Science Bootcamp,Ahmedabad,<15k,72,2026-07-30,24.8,3,N,,0
LD10088,Instagram Ads,Power BI & Tableau,Bengaluru,15k-30k,56,2026-03-19,50.6,2,N,,0
LD10089,Referral,Power BI & Tableau,Pune,<15k,71,2025-11-24,13.7,3,Y,2025-11-30,12629
LD10090,LinkedIn,Data Science Bootcamp,Mumbai,<15k,37,2025-11-12,7.5,3,N,,0
LD10091,Organic Search,Python for Data Analysis,Mumbai,<15k,39,2025-11-29,2.9,5,N,,0
LD10092,LinkedIn,Power BI & Tableau,Hyderabad,<15k,30,2026-04-20,15.8,3,N,,0
LD10093,Referral,Python for Data Analysis,Delhi NCR,30k-50k,90,2026-06-04,17.0,0,N,,0
LD10094,Organic Search,Business Analytics,Mumbai,30k-50k,66,2026-02-23,3.0,6,Y,2026-03-25,42711
LD10095,Instagram Ads,Digital Marketing,Pune,50k+,76,2025-11-17,45.7,4,Y,2025-11-20,63676
LD10096,Referral,Full Stack Development,Ahmedabad,30k-50k,43,2026-02-12,45.4,3,N,,0
LD10097,Google Ads,Digital Marketing,Bengaluru,<15k,50,2026-07-29,2.7,2,N,,0
LD10098,Referral,Python for Data Analysis,Hyderabad,<15k,68,2026-03-24,0.2,3,N,,0
LD10099,Instagram Ads,Power BI & Tableau,Delhi NCR,15k-30k,39,2026-07-23,103.8,2,N,,0
LD10100,Instagram Ads,Business Analytics,Hyderabad,30k-50k,68,2026-06-22,3.8,0,N,,0
LD10101,Referral,Business Analytics,Delhi NCR,30k-50k,31,2025-11-03,1.2,4,Y,2025-11-17,43568
LD10102,Google Ads,Business Analytics,Delhi NCR,50k+,59,2026-05-15,5.7,2,Y,2026-05-24,67066
LD10103,Instagram Ads,Power BI & Tableau,Delhi NCR,<15k,56,2026-05-05,4.5,2,N,,0
LD10104,Organic Search,Full Stack Development,Pune,<15k,52,2026-03-26,4.9,1,N,,0
LD10105,LinkedIn,Digital Marketing,Hyderabad,<15k,21,2026-01-11,31.9,3,N,,0
LD10106,LinkedIn,Full Stack Development,Delhi NCR,15k-30k,90,2026-04-23,7.5,3,N,,0
LD10107,Google Ads,Digital Marketing,Chennai,15k-30k,54,2025-11-30,14.5,4,N,,0
LD10108,Organic Search,Business Analytics,Ahmedabad,30k-50k,77,2026-02-26,10.0,0,N,,0
LD10109,Referral,Digital Marketing,Hyderabad,<15k,29,2026-03-03,18.1,1,N,,0
LD10110,Instagram Ads,Full Stack Development,Delhi NCR,50k+,57,2026-07-18,44.2,2,N,,0
LD10111,Organic Search,Data Science Bootcamp,Chennai,<15k,60,2026-06-27,31.9,1,N,,0
LD10112,Organic Search,Business Analytics,Pune,30k-50k,74,2026-01-10,3.5,4,Y,2026-01-20,36662
LD10113,Referral,Full Stack Development,Kolkata,50k+,35,2026-03-16,5.1,2,N,,0
LD10114,Google Ads,Power BI & Tableau,Hyderabad,<15k,76,2025-12-18,19.6,3,N,,0
LD10115,Referral,Data Science Bootcamp,Bengaluru,15k-30k,58,2026-07-07,1.0,4,N,,0
LD10116,Organic Search,Digital Marketing,Kolkata,15k-30k,48,2026-06-25,10.3,4,N,,0
LD10117,Google Ads,Business Analytics,Delhi NCR,<15k,76,2026-01-20,1.7,4,N,,0
LD10118,LinkedIn,Digital Marketing,Chennai,<15k,57,2026-04-23,19.4,4,N,,0
LD10119,Walk-in,Business Analytics,Hyderabad,15k-30k,33,2026-04-15,0.7,5,N,,0
LD10120,Walk-in,Digital Marketing,Pune,50k+,76,2025-12-11,52.0,5,N,,0
LD10121,Instagram Ads,Business Analytics,Pune,15k-30k,49,2026-05-27,2.3,2,N,,0
LD10122,Referral,Python for Data Analysis,Pune,<15k,57,2026-03-27,28.2,4,Y,2026-04-11,10851
LD10123,LinkedIn,Full Stack Development,Kolkata,30k-50k,73,2026-05-31,13.5,6,N,,0
LD10124,Organic Search,Full Stack Development,Delhi NCR,15k-30k,61,2026-03-24,9.7,3,N,,0
LD10125,Google Ads,Business Analytics,Kolkata,<15k,16,2025-10-31,6.3,1,N,,0
LD10126,Instagram Ads,Data Science Bootcamp,Mumbai,50k+,30,2026-01-27,53.9,2,N,,0
LD10127,Walk-in,Business Analytics,Chennai,50k+,58,2025-11-05,11.3,3,N,,0
LD10128,Referral,Digital Marketing,Mumbai,15k-30k,64,2026-07-11,4.7,1,Y,2026-07-22,21340
LD10129,Instagram Ads,Data Science Bootcamp,Kolkata,15k-30k,38,2026-06-27,62.6,5,N,,0
LD10130,Instagram Ads,Digital Marketing,Hyderabad,30k-50k,64,2026-06-15,4.6,3,N,,0
LD10131,Instagram Ads,Digital Marketing,Kolkata,30k-50k,20,2026-01-22,2.5,6,N,,0
LD10132,Organic Search,Full Stack Development,Bengaluru,30k-50k,29,2025-11-15,12.3,1,N,,0
LD10133,Instagram Ads,Data Science Bootcamp,Pune,30k-50k,68,2026-06-27,34.3,4,N,,0
LD10134,LinkedIn,Power BI & Tableau,Bengaluru,30k-50k,91,2026-07-16,28.7,9,N,,0
LD10135,LinkedIn,Data Science Bootcamp,Chennai,50k+,41,2025-11-23,0.5,2,N,,0
LD10136,LinkedIn,Full Stack Development,Kolkata,30k-50k,64,2026-03-12,12.7,0,N,,0
LD10137,Referral,Power BI & Tableau,Kolkata,<15k,60,2025-11-18,71.5,4,N,,0
LD10138,Walk-in,Power BI & Tableau,Delhi NCR,15k-30k,46,2026-05-26,7.5,4,Y,2026-05-29,22915
LD10139,Instagram Ads,Data Science Bootcamp,Bengaluru,50k+,62,2026-05-28,15.7,2,Y,2026-05-29,62706
LD10140,Google Ads,Power BI & Tableau,Chennai,15k-30k,44,2025-12-05,26.5,4,N,,0
LD10141,Instagram Ads,Python for Data Analysis,Chennai,<15k,77,2026-03-09,28.5,2,N,,0
LD10142,Walk-in,Power BI & Tableau,Hyderabad,30k-50k,81,2026-03-30,2.9,4,Y,2026-04-28,39274
LD10143,LinkedIn,Full Stack Development,Delhi NCR,30k-50k,29,2026-01-11,4.7,1,N,,0
LD10144,Google Ads,Full Stack Development,Chennai,50k+,83,2026-06-26,62.1,6,N,,0
LD10145,Instagram Ads,Python for Data Analysis,Pune,30k-50k,62,2026-02-23,45.7,3,N,,0
LD10146,Instagram Ads,Business Analytics,Kolkata,50k+,39,2025-12-27,12.2,1,N,,0
LD10147,Organic Search,Full Stack Development,Delhi NCR,15k-30k,51,2026-03-27,6.7,1,N,,0
LD10148,Referral,Python for Data Analysis,Delhi NCR,<15k,41,2026-05-18,6.2,3,N,,0
LD10149,Instagram Ads,Digital Marketing,Kolkata,15k-30k,65,2025-12-24,5.0,3,Y,2025-12-27,22077
LD10150,Instagram Ads,Power BI & Tableau,Ahmedabad,30k-50k,90,2026-01-24,7.8,0,Y,2026-01-28,37061
LD10151,Referral,Python for Data Analysis,Mumbai,50k+,60,2026-07-29,21.1,2,N,,0
LD10152,Instagram Ads,Power BI & Tableau,Pune,50k+,39,2026-04-26,49.5,1,N,,0
LD10153,LinkedIn,Full Stack Development,Delhi NCR,<15k,57,2026-02-27,22.5,3,N,,0
LD10154,Google Ads,Power BI & Tableau,Hyderabad,30k-50k,74,2026-03-21,18.6,2,Y,2026-03-23,37276
LD10155,LinkedIn,Business Analytics,Mumbai,30k-50k,54,2025-12-03,4.5,3,N,,0
LD10156,Organic Search,Business Analytics,Bengaluru,15k-30k,97,2025-12-31,4.7,5,Y,2026-01-03,21835
LD10157,LinkedIn,Data Science Bootcamp,Ahmedabad,15k-30k,59,2026-01-31,23.4,3,N,,0
LD10158,Organic Search,Power BI & Tableau,Ahmedabad,<15k,75,2026-04-09,12.0,5,N,,0
LD10159,Referral,Python for Data Analysis,Kolkata,15k-30k,61,2026-01-01,18.0,4,N,,0
LD10160,Instagram Ads,Python for Data Analysis,Mumbai,50k+,49,2025-12-30,36.8,3,N,,0
LD10161,Google Ads,Business Analytics,Hyderabad,<15k,23,2025-11-19,62.8,3,N,,0
LD10162,Instagram Ads,Python for Data Analysis,Pune,15k-30k,49,2026-04-21,13.2,3,N,,0
LD10163,Organic Search,Full Stack Development,Bengaluru,50k+,71,2026-01-01,3.3,1,N,,0
LD10164,LinkedIn,Power BI & Tableau,Hyderabad,15k-30k,79,2026-07-05,29.5,3,N,,0
LD10165,Instagram Ads,Python for Data Analysis,Ahmedabad,15k-30k,52,2026-06-22,13.6,1,N,,0
LD10166,Google Ads,Full Stack Development,Ahmedabad,30k-50k,34,2025-11-19,12.7,0,N,,0
LD10167,Walk-in,Power BI & Tableau,Ahmedabad,50k+,57,2026-01-03,60.4,0,N,,0
LD10168,Google Ads,Business Analytics,Ahmedabad,50k+,64,2026-05-01,13.0,2,Y,2026-05-04,67660
LD10169,Instagram Ads,Digital Marketing,Delhi NCR,15k-30k,51,2025-12-28,20.1,3,N,,0
LD10170,LinkedIn,Power BI & Tableau,Mumbai,50k+,59,2025-12-06,52.1,5,N,,0
LD10171,Organic Search,Digital Marketing,Hyderabad,50k+,61,2026-07-13,20.3,3,N,,0
LD10172,Instagram Ads,Full Stack Development,Mumbai,30k-50k,39,2026-04-04,68.0,6,N,,0
LD10173,Organic Search,Digital Marketing,Chennai,30k-50k,51,2026-03-09,29.7,4,N,,0
LD10174,Google Ads,Power BI & Tableau,Pune,<15k,55,2026-06-02,9.1,3,N,,0
LD10175,Instagram Ads,Business Analytics,Kolkata,15k-30k,56,2026-06-08,1.4,4,N,,0
LD10176,Instagram Ads,Full Stack Development,Mumbai,15k-30k,77,2025-12-21,7.5,3,N,,0
LD10177,Organic Search,Data Science Bootcamp,Kolkata,50k+,70,2025-11-26,30.2,2,N,,0
LD10178,Walk-in,Digital Marketing,Kolkata,50k+,60,2026-02-25,1.1,2,N,,0
LD10179,Instagram Ads,Data Science Bootcamp,Kolkata,15k-30k,85,2026-02-23,6.0,3,N,,0
LD10180,Google Ads,Python for Data Analysis,Kolkata,<15k,70,2026-03-07,2.3,2,N,,0
LD10181,Organic Search,Python for Data Analysis,Chennai,<15k,57,2026-05-18,2.0,5,N,,0
LD10182,Referral,Digital Marketing,Kolkata,50k+,46,2026-05-02,30.8,2,N,,0
LD10183,Google Ads,Power BI & Tableau,Ahmedabad,15k-30k,49,2026-07-26,33.0,4,N,,0
LD10184,Instagram Ads,Business Analytics,Kolkata,30k-50k,79,2025-11-26,17.6,2,N,,0
LD10185,LinkedIn,Python for Data Analysis,Kolkata,<15k,79,2026-02-17,4.4,1,N,,0
LD10186,Instagram Ads,Digital Marketing,Pune,50k+,87,2026-01-31,8.9,3,N,,0
LD10187,Google Ads,Python for Data Analysis,Bengaluru,15k-30k,66,2026-06-23,10.1,4,N,,0
LD10188,Instagram Ads,Python for Data Analysis,Hyderabad,<15k,87,2026-01-06,1.6,3,N,,0
LD10189,Instagram Ads,Full Stack Development,Pune,50k+,75,2025-12-21,13.2,2,N,,0
LD10190,Referral,Python for Data Analysis,Bengaluru,15k-30k,57,2026-03-02,7.1,6,Y,2026-03-08,24013
LD10191,Instagram Ads,Digital Marketing,Chennai,50k+,86,2026-02-23,21.1,2,N,,0
LD10192,Organic Search,Business Analytics,Chennai,50k+,48,2026-01-15,28.6,3,N,,0
LD10193,Walk-in,Digital Marketing,Delhi NCR,50k+,44,2026-01-07,14.0,3,N,,0
LD10194,Organic Search,Python for Data Analysis,Hyderabad,30k-50k,62,2026-07-10,22.2,0,N,,0
LD10195,Instagram Ads,Python for Data Analysis,Bengaluru,<15k,38,2026-02-28,8.0,2,N,,0
LD10196,Referral,Digital Marketing,Hyderabad,15k-30k,22,2026-06-23,13.1,6,N,,0
LD10197,Google Ads,Full Stack Development,Bengaluru,<15k,31,2026-03-30,37.9,4,N,,0
LD10198,Google Ads,Business Analytics,Bengaluru,15k-30k,47,2025-11-13,66.8,5,N,,0
LD10199,Organic Search,Power BI & Tableau,Mumbai,15k-30k,42,2026-07-30,3.5,2,Y,2026-08-01,24037
LD10200,Referral,Business Analytics,Hyderabad,50k+,51,2026-06-16,60.8,3,N,,0
LD10201,Referral,Power BI & Tableau,Ahmedabad,15k-30k,50,2026-07-22,4.4,3,Y,2026-08-28,20054
LD10202,Organic Search,Full Stack Development,Chennai,30k-50k,84,2026-07-10,74.1,1,N,,0
LD10203,Google Ads,Business Analytics,Pune,<15k,58,2026-06-19,1.9,1,N,,0
LD10204,Referral,Digital Marketing,Bengaluru,<15k,55,2025-12-15,6.6,3,N,,0
LD10205,Google Ads,Digital Marketing,Kolkata,50k+,43,2026-03-12,3.9,5,Y,2026-03-15,68383
LD10206,Instagram Ads,Full Stack Development,Hyderabad,15k-30k,3,2025-12-28,13.8,1,N,,0
LD10207,Walk-in,Power BI & Tableau,Hyderabad,15k-30k,78,2026-02-17,29.1,3,Y,2026-02-22,20460
LD10208,Google Ads,Full Stack Development,Hyderabad,30k-50k,51,2025-11-16,24.1,3,N,,0
LD10209,LinkedIn,Power BI & Tableau,Chennai,<15k,53,2026-02-11,56.0,4,N,,0
LD10210,Organic Search,Power BI & Tableau,Chennai,50k+,73,2026-07-26,40.6,2,N,,0
LD10211,Instagram Ads,Data Science Bootcamp,Bengaluru,30k-50k,59,2026-01-11,24.1,2,Y,2026-01-12,36096
LD10212,Walk-in,Python for Data Analysis,Hyderabad,50k+,45,2026-06-02,24.1,2,N,,0
LD10213,Organic Search,Python for Data Analysis,Ahmedabad,30k-50k,78,2026-03-04,3.7,1,Y,2026-03-05,36657
LD10214,Walk-in,Full Stack Development,Kolkata,15k-30k,69,2026-02-23,6.3,3,Y,2026-03-02,23208
LD10215,Referral,Business Analytics,Ahmedabad,30k-50k,84,2026-07-19,13.6,0,N,,0
LD10216,LinkedIn,Python for Data Analysis,Delhi NCR,50k+,90,2026-07-29,19.2,1,N,,0
LD10217,Instagram Ads,Digital Marketing,Hyderabad,15k-30k,50,2026-03-31,8.4,4,N,,0
LD10218,Referral,Digital Marketing,Mumbai,50k+,49,2026-05-15,6.1,6,N,,0
LD10219,Organic Search,Python for Data Analysis,Chennai,50k+,53,2025-12-12,27.0,5,N,,0
LD10220,LinkedIn,Data Science Bootcamp,Chennai,50k+,53,2026-01-20,4.3,6,N,,0
LD10221,Organic Search,Business Analytics,Mumbai,50k+,50,2026-07-22,37.2,3,N,,0
LD10222,Instagram Ads,Digital Marketing,Chennai,30k-50k,37,2026-04-07,14.6,3,N,,0
LD10223,Referral,Digital Marketing,Bengaluru,30k-50k,39,2026-03-28,0.1,1,N,,0
LD10224,Google Ads,Power BI & Tableau,Hyderabad,15k-30k,67,2026-05-23,7.1,1,N,,0
LD10225,Walk-in,Business Analytics,Ahmedabad,50k+,24,2025-11-15,8.3,5,N,,0
LD10226,Instagram Ads,Power BI & Tableau,Ahmedabad,15k-30k,80,2026-04-08,16.0,2,N,,0
LD10227,Referral,Full Stack Development,Ahmedabad,50k+,77,2026-03-17,14.8,5,N,,0
LD10228,Organic Search,Data Science Bootcamp,Delhi NCR,<15k,42,2026-06-20,13.1,2,N,,0
LD10229,Instagram Ads,Business Analytics,Mumbai,50k+,77,2025-12-12,4.5,8,N,,0
LD10230,Referral,Digital Marketing,Ahmedabad,30k-50k,48,2026-07-20,16.0,2,Y,2026-07-21,42653
LD10231,Instagram Ads,Power BI & Tableau,Kolkata,30k-50k,65,2025-11-21,13.1,3,N,,0
LD10232,Google Ads,Full Stack Development,Chennai,30k-50k,44,2025-12-20,2.6,2,N,,0
LD10233,Organic Search,Full Stack Development,Delhi NCR,50k+,70,2026-04-11,26.1,2,N,,0
LD10234,Instagram Ads,Digital Marketing,Mumbai,30k-50k,79,2026-05-03,1.1,2,N,,0
LD10235,Instagram Ads,Data Science Bootcamp,Chennai,15k-30k,44,2026-01-03,5.7,3,Y,2026-01-20,20412
LD10236,Referral,Data Science Bootcamp,Mumbai,15k-30k,54,2025-12-02,9.5,2,N,,0
LD10237,Walk-in,Business Analytics,Delhi NCR,50k+,23,2026-07-01,14.8,1,N,,0
LD10238,Walk-in,Full Stack Development,Hyderabad,30k-50k,44,2026-01-06,5.3,3,N,,0
LD10239,Referral,Business Analytics,Mumbai,30k-50k,40,2026-04-11,7.7,1,N,,0
LD10240,Referral,Digital Marketing,Delhi NCR,15k-30k,38,2026-04-18,13.3,3,N,,0
LD10241,Referral,Data Science Bootcamp,Delhi NCR,15k-30k,46,2026-02-22,1.5,2,N,,0
LD10242,Organic Search,Data Science Bootcamp,Delhi NCR,<15k,95,2026-04-08,14.2,1,N,,0
LD10243,Google Ads,Full Stack Development,Ahmedabad,15k-30k,45,2026-03-22,1.0,2,N,,0
LD10244,Referral,Data Science Bootcamp,Delhi NCR,<15k,35,2026-07-13,4.1,7,Y,2026-07-18,12982
LD10245,Referral,Python for Data Analysis,Ahmedabad,50k+,57,2025-12-25,12.4,3,Y,2026-01-06,66008
LD10246,Referral,Digital Marketing,Bengaluru,15k-30k,26,2026-05-14,28.8,3,N,,0
LD10247,Organic Search,Digital Marketing,Hyderabad,50k+,44,2026-01-04,6.9,4,N,,0
LD10248,Organic Search,Data Science Bootcamp,Ahmedabad,50k+,44,2026-02-16,3.0,2,N,,0
LD10249,LinkedIn,Data Science Bootcamp,Pune,<15k,51,2026-05-02,12.7,5,N,,0
LD10250,Instagram Ads,Business Analytics,Hyderabad,30k-50k,74,2026-01-20,14.8,3,N,,0
LD10251,Instagram Ads,Business Analytics,Kolkata,<15k,51,2026-01-25,35.2,4,N,,0
LD10252,Google Ads,Power BI & Tableau,Kolkata,15k-30k,81,2026-05-24,31.7,2,N,,0
LD10253,Instagram Ads,Python for Data Analysis,Delhi NCR,50k+,87,2025-11-19,4.9,1,N,,0
LD10254,Referral,Power BI & Tableau,Delhi NCR,50k+,48,2026-03-05,7.8,4,N,,0
LD10255,Google Ads,Power BI & Tableau,Hyderabad,<15k,46,2026-07-30,20.9,1,N,,0
LD10256,Instagram Ads,Business Analytics,Delhi NCR,15k-30k,65,2026-07-29,18.5,3,Y,2026-08-01,22673
LD10257,Walk-in,Full Stack Development,Pune,<15k,52,2025-11-20,36.9,6,N,,0
LD10258,LinkedIn,Business Analytics,Hyderabad,15k-30k,35,2025-12-28,14.2,2,N,,0
LD10259,Instagram Ads,Business Analytics,Kolkata,<15k,72,2026-01-11,24.2,5,N,,0
LD10260,LinkedIn,Python for Data Analysis,Delhi NCR,50k+,44,2026-07-12,2.1,2,N,,0
LD10261,Instagram Ads,Data Science Bootcamp,Delhi NCR,15k-30k,74,2026-06-28,11.4,3,N,,0
LD10262,Instagram Ads,Full Stack Development,Ahmedabad,30k-50k,89,2026-06-28,1.5,2,N,,0
LD10263,Walk-in,Data Science Bootcamp,Delhi NCR,15k-30k,61,2026-02-08,34.8,1,N,,0
LD10264,Instagram Ads,Full Stack Development,Kolkata,15k-30k,78,2025-12-13,43.3,6,N,,0
LD10265,Organic Search,Data Science Bootcamp,Pune,15k-30k,35,2026-06-15,16.6,6,N,,0
LD10266,Google Ads,Digital Marketing,Hyderabad,15k-30k,55,2026-05-11,19.0,5,N,,0
LD10267,Google Ads,Data Science Bootcamp,Delhi NCR,15k-30k,46,2026-04-15,11.5,0,N,,0
LD10268,Google Ads,Power BI & Tableau,Ahmedabad,30k-50k,41,2026-07-27,11.8,2,N,,0
LD10269,Referral,Data Science Bootcamp,Delhi NCR,50k+,48,2026-04-27,0.1,0,N,,0
LD10270,Referral,Full Stack Development,Delhi NCR,50k+,39,2025-11-02,12.9,3,N,,0
LD10271,Instagram Ads,Power BI & Tableau,Ahmedabad,50k+,40,2026-06-11,7.6,5,N,,0
LD10272,Google Ads,Data Science Bootcamp,Kolkata,<15k,24,2026-01-20,42.9,6,N,,0
LD10273,Instagram Ads,Full Stack Development,Delhi NCR,30k-50k,40,2026-04-30,5.4,1,N,,0
LD10274,Google Ads,Data Science Bootcamp,Mumbai,<15k,61,2026-07-14,8.3,2,Y,2026-07-15,11651
LD10275,Walk-in,Full Stack Development,Delhi NCR,<15k,69,2025-12-06,19.9,3,N,,0
LD10276,LinkedIn,Power BI & Tableau,Pune,<15k,59,2025-12-01,23.2,2,N,,0
LD10277,Instagram Ads,Python for Data Analysis,Delhi NCR,50k+,15,2025-11-29,0.2,3,N,,0
LD10278,Organic Search,Business Analytics,Ahmedabad,50k+,69,2026-03-31,33.6,4,N,,0
LD10279,Google Ads,Data Science Bootcamp,Chennai,50k+,86,2026-01-13,28.8,6,N,,0
LD10280,Google Ads,Python for Data Analysis,Chennai,30k-50k,70,2026-04-14,3.3,3,Y,2026-04-15,41166
LD10281,Referral,Full Stack Development,Pune,<15k,77,2026-05-14,7.5,1,N,,0
LD10282,Google Ads,Digital Marketing,Ahmedabad,50k+,31,2025-12-25,4.4,3,N,,0
LD10283,Instagram Ads,Digital Marketing,Bengaluru,50k+,53,2026-04-22,12.7,2,N,,0
LD10284,Instagram Ads,Python for Data Analysis,Chennai,<15k,47,2026-01-11,25.4,3,N,,0
LD10285,Google Ads,Digital Marketing,Hyderabad,30k-50k,65,2026-03-13,39.5,6,N,,0
LD10286,Referral,Python for Data Analysis,Ahmedabad,<15k,14,2026-07-05,14.0,4,N,,0
LD10287,Instagram Ads,Python for Data Analysis,Mumbai,<15k,51,2026-06-18,7.5,4,N,,0
LD10288,Google Ads,Power BI & Tableau,Ahmedabad,30k-50k,32,2025-11-25,9.2,5,N,,0
LD10289,Instagram Ads,Full Stack Development,Bengaluru,50k+,47,2026-02-23,11.6,5,N,,0
LD10290,Instagram Ads,Business Analytics,Pune,30k-50k,60,2026-01-14,37.7,4,N,,0
LD10291,Referral,Digital Marketing,Ahmedabad,50k+,59,2025-10-31,8.5,2,N,,0
LD10292,Referral,Data Science Bootcamp,Mumbai,<15k,6,2026-05-29,36.1,6,N,,0
LD10293,LinkedIn,Full Stack Development,Delhi NCR,15k-30k,52,2026-04-22,10.4,2,N,,0
LD10294,Referral,Power BI & Tableau,Kolkata,<15k,75,2026-01-10,47.0,0,N,,0
LD10295,Organic Search,Data Science Bootcamp,Hyderabad,15k-30k,77,2026-05-21,23.1,2,N,,0
LD10296,Instagram Ads,Python for Data Analysis,Pune,<15k,44,2026-03-30,56.8,0,N,,0
LD10297,Organic Search,Python for Data Analysis,Delhi NCR,30k-50k,69,2026-02-24,31.7,1,N,,0
LD10298,Instagram Ads,Python for Data Analysis,Ahmedabad,50k+,65,2025-11-02,25.2,5,N,,0
LD10299,Instagram Ads,Business Analytics,Pune,50k+,39,2025-11-20,9.4,1,N,,0
LD10300,Walk-in,Python for Data Analysis,Pune,15k-30k,48,2026-06-29,1.4,3,N,,0
LD10301,Organic Search,Data Science Bootcamp,Kolkata,30k-50k,22,2026-07-04,22.1,1,N,,0
LD10302,Google Ads,Digital Marketing,Bengaluru,30k-50k,39,2026-03-28,29.3,5,N,,0
LD10303,Walk-in,Digital Marketing,Ahmedabad,30k-50k,55,2026-06-15,16.7,2,N,,0
LD10304,Referral,Business Analytics,Ahmedabad,50k+,75,2026-04-08,17.6,1,Y,2026-04-17,69192
LD10305,LinkedIn,Digital Marketing,Kolkata,30k-50k,18,2025-12-10,14.5,3,N,,0
LD10306,Referral,Python for Data Analysis,Mumbai,30k-50k,54,2025-12-04,1.0,2,N,,0
LD10307,Instagram Ads,Full Stack Development,Kolkata,15k-30k,71,2026-01-23,5.8,1,N,,0
LD10308,Instagram Ads,Business Analytics,Bengaluru,50k+,37,2026-07-03,8.0,5,N,,0
LD10309,Google Ads,Digital Marketing,Kolkata,50k+,86,2026-06-05,59.9,2,N,,0
LD10310,Instagram Ads,Python for Data Analysis,Ahmedabad,15k-30k,28,2026-06-22,3.3,7,N,,0
LD10311,Referral,Data Science Bootcamp,Chennai,15k-30k,43,2026-07-03,0.9,4,N,,0
LD10312,Instagram Ads,Data Science Bootcamp,Hyderabad,50k+,30,2025-12-27,26.3,4,N,,0
LD10313,LinkedIn,Power BI & Tableau,Bengaluru,50k+,80,2026-01-07,4.4,3,Y,2026-01-15,63636
LD10314,Organic Search,Full Stack Development,Kolkata,15k-30k,71,2025-11-28,4.0,3,Y,2025-12-04,20977
LD10315,LinkedIn,Full Stack Development,Hyderabad,15k-30k,50,2026-05-31,0.3,2,N,,0
LD10316,Google Ads,Python for Data Analysis,Chennai,30k-50k,35,2026-06-29,13.6,1,N,,0
LD10317,Walk-in,Power BI & Tableau,Hyderabad,50k+,50,2026-02-18,13.2,6,N,,0
LD10318,Instagram Ads,Digital Marketing,Chennai,50k+,58,2026-04-18,6.2,4,N,,0
LD10319,Referral,Full Stack Development,Bengaluru,50k+,58,2025-12-12,65.8,1,N,,0
LD10320,Google Ads,Power BI & Tableau,Mumbai,<15k,59,2026-07-11,9.1,1,N,,0
LD10321,Instagram Ads,Full Stack Development,Mumbai,30k-50k,65,2026-06-24,11.9,2,Y,2026-06-28,37803
LD10322,Instagram Ads,Full Stack Development,Kolkata,<15k,56,2026-07-24,2.7,3,N,,0
LD10323,Referral,Data Science Bootcamp,Ahmedabad,<15k,74,2026-06-09,8.8,4,N,,0
LD10324,Instagram Ads,Business Analytics,Bengaluru,30k-50k,53,2026-06-28,2.9,0,N,,0
LD10325,Google Ads,Data Science Bootcamp,Bengaluru,30k-50k,51,2025-11-06,2.6,4,N,,0
LD10326,Google Ads,Digital Marketing,Chennai,30k-50k,47,2026-05-20,14.2,1,N,,0
LD10327,Google Ads,Python for Data Analysis,Mumbai,15k-30k,46,2026-01-29,4.2,1,N,,0
LD10328,Instagram Ads,Power BI & Tableau,Pune,50k+,66,2026-07-12,54.4,5,N,,0
LD10329,Instagram Ads,Business Analytics,Hyderabad,15k-30k,53,2026-06-07,17.5,8,N,,0
LD10330,Instagram Ads,Power BI & Tableau,Mumbai,50k+,30,2026-06-23,18.4,3,N,,0
LD10331,Instagram Ads,Python for Data Analysis,Mumbai,15k-30k,41,2026-06-09,0.2,3,N,,0
LD10332,Organic Search,Python for Data Analysis,Ahmedabad,30k-50k,33,2026-01-11,1.8,1,N,,0
LD10333,Organic Search,Digital Marketing,Ahmedabad,<15k,42,2026-06-02,2.3,4,N,,0
LD10334,Organic Search,Digital Marketing,Hyderabad,15k-30k,81,2025-11-29,45.1,4,N,,0
LD10335,Google Ads,Python for Data Analysis,Delhi NCR,30k-50k,24,2026-06-26,19.2,1,Y,2026-06-27,37401
LD10336,LinkedIn,Full Stack Development,Delhi NCR,50k+,55,2026-06-22,6.0,6,N,,0
LD10337,LinkedIn,Python for Data Analysis,Mumbai,30k-50k,29,2025-12-30,52.7,5,N,,0
LD10338,LinkedIn,Python for Data Analysis,Hyderabad,50k+,62,2026-06-10,4.2,1,N,,0
LD10339,Referral,Business Analytics,Chennai,50k+,57,2026-03-05,9.5,6,Y,2026-03-09,58988
LD10340,Instagram Ads,Power BI & Tableau,Delhi NCR,30k-50k,76,2026-01-22,26.1,0,N,,0
LD10341,Referral,Data Science Bootcamp,Delhi NCR,50k+,68,2026-06-05,1.0,3,N,,0
LD10342,LinkedIn,Data Science Bootcamp,Ahmedabad,<15k,32,2026-01-01,9.9,4,N,,0
LD10343,LinkedIn,Digital Marketing,Chennai,15k-30k,91,2025-11-06,29.6,5,N,,0
LD10344,Organic Search,Business Analytics,Delhi NCR,15k-30k,62,2025-12-22,15.8,1,N,,0
LD10345,Referral,Full Stack Development,Hyderabad,15k-30k,8,2026-01-28,6.3,3,N,,0
LD10346,LinkedIn,Full Stack Development,Delhi NCR,<15k,58,2026-06-23,21.5,6,N,,0
LD10347,Instagram Ads,Python for Data Analysis,Chennai,<15k,33,2026-07-21,7.6,7,N,,0
LD10348,Organic Search,Full Stack Development,Hyderabad,15k-30k,47,2026-01-15,8.7,0,N,,0
LD10349,Instagram Ads,Digital Marketing,Kolkata,30k-50k,91,2026-04-24,21.9,5,N,,0
LD10350,Instagram Ads,Business Analytics,Pune,15k-30k,55,2026-02-17,29.0,2,N,,0
LD10351,Instagram Ads,Power BI & Tableau,Delhi NCR,30k-50k,77,2026-07-25,6.7,4,N,,0
LD10352,LinkedIn,Business Analytics,Ahmedabad,30k-50k,93,2026-03-26,0.2,1,N,,0
LD10353,Google Ads,Digital Marketing,Hyderabad,30k-50k,44,2026-07-14,6.6,4,N,,0
LD10354,Google Ads,Python for Data Analysis,Pune,<15k,20,2025-12-01,1.0,5,N,,0
LD10355,Organic Search,Business Analytics,Chennai,50k+,28,2026-07-22,1.9,2,N,,0
LD10356,Instagram Ads,Data Science Bootcamp,Bengaluru,50k+,56,2025-12-18,9.3,4,N,,0
LD10357,Instagram Ads,Digital Marketing,Ahmedabad,<15k,40,2026-07-20,11.9,3,N,,0
LD10358,Walk-in,Digital Marketing,Kolkata,30k-50k,58,2026-01-11,6.4,2,N,,0
LD10359,Instagram Ads,Full Stack Development,Hyderabad,30k-50k,68,2025-11-29,0.3,5,N,,0
LD10360,Walk-in,Full Stack Development,Ahmedabad,15k-30k,24,2026-02-26,2.0,4,N,,0
LD10361,Organic Search,Data Science Bootcamp,Mumbai,30k-50k,24,2026-05-17,20.5,1,N,,0
LD10362,Walk-in,Full Stack Development,Ahmedabad,<15k,65,2026-01-24,9.2,4,Y,2026-01-28,11022
LD10363,Organic Search,Full Stack Development,Kolkata,30k-50k,89,2026-04-14,44.3,2,N,,0
LD10364,Instagram Ads,Data Science Bootcamp,Bengaluru,15k-30k,82,2026-03-19,22.5,1,N,,0
LD10365,Organic Search,Data Science Bootcamp,Ahmedabad,30k-50k,89,2026-02-13,0.2,2,N,,0
LD10366,Organic Search,Data Science Bootcamp,Mumbai,<15k,48,2026-04-06,1.5,7,N,,0
LD10367,Organic Search,Power BI & Tableau,Kolkata,15k-30k,58,2026-01-08,13.3,1,N,,0
LD10368,Instagram Ads,Python for Data Analysis,Kolkata,30k-50k,70,2026-05-12,8.3,5,N,,0
LD10369,Google Ads,Power BI & Tableau,Kolkata,15k-30k,44,2025-10-31,10.5,2,N,,0
LD10370,Instagram Ads,Full Stack Development,Ahmedabad,<15k,72,2026-07-10,6.4,1,N,,0
LD10371,Walk-in,Power BI & Tableau,Delhi NCR,50k+,65,2026-03-26,2.0,4,N,,0
LD10372,LinkedIn,Data Science Bootcamp,Mumbai,30k-50k,34,2026-05-15,20.8,1,N,,0
LD10373,Instagram Ads,Python for Data Analysis,Mumbai,50k+,65,2026-05-21,13.0,4,N,,0
LD10374,Google Ads,Digital Marketing,Chennai,<15k,49,2026-05-02,7.9,3,N,,0
LD10375,Referral,Power BI & Tableau,Bengaluru,30k-50k,32,2026-02-07,12.6,6,N,,0
LD10376,Instagram Ads,Python for Data Analysis,Mumbai,30k-50k,62,2025-11-19,21.3,1,N,,0
LD10377,Instagram Ads,Data Science Bootcamp,Hyderabad,50k+,49,2026-04-30,22.8,3,N,,0
LD10378,Instagram Ads,Full Stack Development,Bengaluru,15k-30k,63,2026-01-29,4.5,3,N,,0
LD10379,Instagram Ads,Data Science Bootcamp,Mumbai,30k-50k,76,2026-01-24,4.5,5,Y,2026-01-29,39295
LD10380,LinkedIn,Business Analytics,Hyderabad,15k-30k,76,2026-06-19,18.0,2,Y,2026-06-22,20428
LD10381,Organic Search,Power BI & Tableau,Mumbai,15k-30k,49,2026-05-15,4.2,3,N,,0
LD10382,Instagram Ads,Business Analytics,Pune,30k-50k,53,2026-01-20,11.6,4,N,,0
LD10383,Referral,Power BI & Tableau,Delhi NCR,<15k,61,2026-01-23,32.6,5,N,,0
LD10384,Google Ads,Business Analytics,Delhi NCR,15k-30k,49,2026-02-19,1.4,4,N,,0
LD10385,Google Ads,Business Analytics,Bengaluru,<15k,51,2026-02-17,14.0,2,N,,0
LD10386,Google Ads,Business Analytics,Chennai,<15k,41,2026-01-19,105.7,2,N,,0
LD10387,Google Ads,Business Analytics,Bengaluru,30k-50k,68,2025-12-04,1.3,5,N,,0
LD10388,Instagram Ads,Business Analytics,Bengaluru,30k-50k,32,2026-02-22,29.4,2,N,,0
LD10389,Referral,Business Analytics,Hyderabad,50k+,76,2026-07-14,27.4,3,N,,0
LD10390,Instagram Ads,Full Stack Development,Ahmedabad,<15k,85,2026-05-03,3.9,9,N,,0
LD10391,Organic Search,Python for Data Analysis,Hyderabad,30k-50k,47,2026-07-04,5.7,2,N,,0
LD10392,Referral,Python for Data Analysis,Bengaluru,15k-30k,26,2026-04-17,3.7,2,N,,0
LD10393,Organic Search,Full Stack Development,Ahmedabad,30k-50k,58,2026-01-21,28.6,2,N,,0
LD10394,Instagram Ads,Full Stack Development,Bengaluru,<15k,66,2026-03-29,3.8,3,N,,0
LD10395,LinkedIn,Python for Data Analysis,Kolkata,50k+,36,2025-10-31,27.1,2,N,,0
LD10396,Instagram Ads,Full Stack Development,Ahmedabad,<15k,83,2026-01-17,5.4,0,N,,0
LD10397,Instagram Ads,Full Stack Development,Hyderabad,50k+,30,2026-02-25,14.7,0,N,,0
LD10398,LinkedIn,Data Science Bootcamp,Pune,30k-50k,78,2026-04-07,7.1,6,Y,2026-05-25,38613
LD10399,Organic Search,Data Science Bootcamp,Delhi NCR,15k-30k,34,2026-04-27,29.6,3,Y,2026-05-01,23248
LD10400,Referral,Power BI & Tableau,Kolkata,30k-50k,50,2026-03-06,6.8,2,N,,0
LD10401,Referral,Power BI & Tableau,Ahmedabad,30k-50k,62,2026-02-28,25.9,0,N,,0
LD10402,Referral,Power BI & Tableau,Hyderabad,50k+,76,2025-12-28,36.0,6,N,,0
LD10403,Referral,Full Stack Development,Mumbai,<15k,77,2026-03-09,47.4,3,N,,0
LD10404,Referral,Python for Data Analysis,Mumbai,50k+,65,2026-07-04,1.0,5,Y,2026-07-13,67562
LD10405,Referral,Python for Data Analysis,Ahmedabad,30k-50k,47,2026-06-05,5.8,3,N,,0
LD10406,LinkedIn,Python for Data Analysis,Hyderabad,50k+,91,2025-12-16,3.3,0,N,,0
LD10407,Referral,Digital Marketing,Chennai,50k+,21,2025-11-23,21.6,6,N,,0
LD10408,Referral,Full Stack Development,Chennai,30k-50k,65,2026-03-20,16.2,1,Y,2026-03-24,36676
LD10409,Referral,Business Analytics,Hyderabad,50k+,37,2026-04-21,38.3,5,N,,0
LD10410,Walk-in,Data Science Bootcamp,Hyderabad,<15k,74,2026-01-30,0.5,5,N,,0
LD10411,Instagram Ads,Python for Data Analysis,Chennai,<15k,51,2026-06-11,66.6,4,N,,0
LD10412,Instagram Ads,Business Analytics,Chennai,<15k,24,2026-05-24,3.3,4,N,,0
LD10413,Organic Search,Full Stack Development,Kolkata,<15k,39,2026-05-02,7.1,2,N,,0
LD10414,Instagram Ads,Digital Marketing,Bengaluru,50k+,29,2025-12-31,4.3,2,N,,0
LD10415,Instagram Ads,Digital Marketing,Chennai,30k-50k,58,2025-12-24,1.6,4,Y,2025-12-31,38189
LD10416,Google Ads,Data Science Bootcamp,Pune,15k-30k,100,2025-11-06,1.5,3,N,,0
LD10417,Google Ads,Full Stack Development,Mumbai,50k+,49,2026-01-05,23.2,5,N,,0
LD10418,Google Ads,Data Science Bootcamp,Chennai,30k-50k,71,2026-03-09,24.4,5,N,,0
LD10419,Google Ads,Data Science Bootcamp,Mumbai,30k-50k,93,2026-06-19,25.9,1,N,,0
LD10420,Referral,Python for Data Analysis,Delhi NCR,<15k,87,2025-11-19,4.7,3,N,,0
LD10421,Instagram Ads,Data Science Bootcamp,Delhi NCR,15k-30k,44,2026-02-21,5.9,1,N,,0
LD10422,Walk-in,Full Stack Development,Chennai,30k-50k,71,2026-04-20,15.2,2,N,,0
LD10423,Instagram Ads,Digital Marketing,Pune,<15k,63,2025-12-23,14.6,4,N,,0
LD10424,Instagram Ads,Business Analytics,Hyderabad,50k+,48,2026-05-09,0.0,4,N,,0
LD10425,Google Ads,Business Analytics,Hyderabad,<15k,36,2026-03-14,1.8,2,N,,0
LD10426,LinkedIn,Full Stack Development,Kolkata,15k-30k,41,2026-01-05,11.4,3,N,,0
LD10427,Referral,Python for Data Analysis,Chennai,50k+,57,2026-04-28,139.0,3,N,,0
LD10428,LinkedIn,Business Analytics,Delhi NCR,30k-50k,12,2025-11-01,12.8,1,Y,2025-11-07,39505
LD10429,LinkedIn,Full Stack Development,Hyderabad,30k-50k,23,2026-05-24,3.2,0,Y,2026-06-03,36892
LD10430,Referral,Data Science Bootcamp,Pune,15k-30k,48,2026-05-29,5.9,3,N,,0
LD10431,Instagram Ads,Power BI & Tableau,Hyderabad,<15k,56,2025-11-29,26.7,4,N,,0
LD10432,Instagram Ads,Digital Marketing,Kolkata,50k+,80,2026-02-24,7.6,0,N,,0
LD10433,Organic Search,Python for Data Analysis,Kolkata,50k+,61,2025-12-18,48.7,3,N,,0
LD10434,Google Ads,Digital Marketing,Hyderabad,15k-30k,65,2026-07-19,59.5,0,N,,0
LD10435,Organic Search,Digital Marketing,Hyderabad,50k+,22,2026-03-21,17.5,3,N,,0
LD10436,LinkedIn,Digital Marketing,Delhi NCR,50k+,47,2025-11-13,49.3,3,N,,0
LD10437,Instagram Ads,Data Science Bootcamp,Kolkata,15k-30k,51,2026-01-07,16.3,3,N,,0
LD10438,Organic Search,Power BI & Tableau,Bengaluru,<15k,22,2026-06-19,25.2,4,Y,2026-06-21,12392
LD10439,Google Ads,Business Analytics,Mumbai,30k-50k,44,2026-03-04,9.3,5,N,,0
LD10440,Google Ads,Business Analytics,Delhi NCR,30k-50k,45,2026-06-06,32.0,2,N,,0
LD10441,Google Ads,Digital Marketing,Bengaluru,<15k,57,2026-05-01,6.4,2,N,,0
LD10442,Google Ads,Python for Data Analysis,Pune,50k+,34,2026-07-27,23.8,7,Y,2026-08-09,68912
LD10443,Instagram Ads,Business Analytics,Mumbai,50k+,57,2026-04-11,15.5,3,N,,0
LD10444,Instagram Ads,Power BI & Tableau,Hyderabad,30k-50k,41,2026-07-17,19.4,2,N,,0
LD10445,Google Ads,Python for Data Analysis,Kolkata,<15k,46,2026-07-01,50.1,5,N,,0
LD10446,Referral,Data Science Bootcamp,Hyderabad,50k+,92,2026-04-16,5.2,5,Y,2026-04-28,62766
LD10447,Instagram Ads,Digital Marketing,Kolkata,50k+,79,2026-05-15,1.6,3,N,,0
LD10448,Google Ads,Full Stack Development,Delhi NCR,50k+,45,2026-03-17,11.1,2,N,,0
LD10449,Organic Search,Data Science Bootcamp,Bengaluru,50k+,5,2026-06-14,13.7,0,N,,0
LD10450,Organic Search,Digital Marketing,Ahmedabad,15k-30k,41,2026-03-29,63.8,2,N,,0
LD10451,Instagram Ads,Full Stack Development,Hyderabad,30k-50k,69,2026-07-02,17.1,2,N,,0
LD10452,LinkedIn,Python for Data Analysis,Mumbai,<15k,14,2026-05-22,30.3,3,N,,0
LD10453,Google Ads,Python for Data Analysis,Hyderabad,50k+,30,2026-03-09,20.3,1,N,,0
LD10454,LinkedIn,Python for Data Analysis,Chennai,30k-50k,47,2026-01-09,0.8,3,Y,2026-01-14,41851
LD10455,Walk-in,Business Analytics,Pune,30k-50k,40,2026-01-06,4.5,7,N,,0
LD10456,LinkedIn,Data Science Bootcamp,Mumbai,<15k,91,2026-04-23,2.9,6,N,,0
LD10457,Google Ads,Digital Marketing,Pune,30k-50k,85,2026-05-28,13.0,3,N,,0
LD10458,Organic Search,Business Analytics,Pune,<15k,41,2026-03-22,29.5,5,N,,0
LD10459,Organic Search,Digital Marketing,Pune,15k-30k,29,2026-04-20,21.0,2,N,,0
LD10460,Referral,Power BI & Tableau,Hyderabad,15k-30k,66,2026-01-13,9.7,1,N,,0
LD10461,Organic Search,Business Analytics,Ahmedabad,50k+,75,2025-11-21,41.1,1,N,,0
LD10462,Instagram Ads,Power BI & Tableau,Chennai,50k+,88,2026-01-17,0.4,3,N,,0
LD10463,Walk-in,Full Stack Development,Pune,30k-50k,16,2026-01-13,9.8,1,Y,2026-01-20,36090
LD10464,Organic Search,Python for Data Analysis,Ahmedabad,<15k,81,2026-01-26,6.6,0,N,,0
LD10465,Google Ads,Python for Data Analysis,Delhi NCR,30k-50k,50,2026-03-27,65.6,3,N,,0
LD10466,Instagram Ads,Power BI & Tableau,Chennai,<15k,70,2025-12-07,10.0,3,N,,0
LD10467,Walk-in,Power BI & Tableau,Delhi NCR,<15k,68,2026-01-02,1.8,3,Y,2026-01-07,11861
LD10468,Google Ads,Python for Data Analysis,Bengaluru,50k+,39,2026-05-08,9.0,2,N,,0
LD10469,Organic Search,Data Science Bootcamp,Delhi NCR,30k-50k,31,2026-05-11,3.0,1,N,,0
LD10470,Instagram Ads,Data Science Bootcamp,Kolkata,<15k,19,2025-11-17,0.6,3,N,,0
LD10471,LinkedIn,Python for Data Analysis,Ahmedabad,<15k,70,2026-02-19,40.7,2,N,,0
LD10472,Organic Search,Power BI & Tableau,Chennai,15k-30k,32,2026-03-28,31.3,2,N,,0
LD10473,Organic Search,Power BI & Tableau,Pune,50k+,67,2026-02-21,5.7,2,N,,0
LD10474,LinkedIn,Data Science Bootcamp,Hyderabad,50k+,77,2025-12-26,6.2,4,N,,0
LD10475,LinkedIn,Digital Marketing,Pune,<15k,35,2026-02-22,4.1,5,N,,0
LD10476,Instagram Ads,Data Science Bootcamp,Ahmedabad,15k-30k,41,2026-07-05,36.1,1,N,,0
LD10477,Organic Search,Python for Data Analysis,Chennai,15k-30k,21,2026-04-08,33.8,5,N,,0
LD10478,Instagram Ads,Digital Marketing,Kolkata,30k-50k,44,2026-05-08,21.2,3,Y,2026-05-09,40847
LD10479,LinkedIn,Python for Data Analysis,Bengaluru,30k-50k,48,2026-06-21,0.8,4,Y,2026-06-24,36222
LD10480,Referral,Full Stack Development,Hyderabad,30k-50k,54,2026-05-28,10.0,2,N,,0
LD10481,Walk-in,Digital Marketing,Kolkata,<15k,58,2026-02-11,0.9,4,N,,0
LD10482,LinkedIn,Digital Marketing,Pune,30k-50k,39,2025-11-01,9.4,2,N,,0
LD10483,Organic Search,Digital Marketing,Pune,<15k,37,2026-02-04,41.5,5,N,,0
LD10484,Referral,Digital Marketing,Kolkata,30k-50k,40,2026-05-24,16.2,0,N,,0
LD10485,Google Ads,Business Analytics,Delhi NCR,<15k,59,2026-06-20,19.7,2,N,,0
LD10486,Google Ads,Power BI & Tableau,Chennai,50k+,67,2026-07-18,23.5,2,N,,0
LD10487,Google Ads,Business Analytics,Kolkata,<15k,78,2026-02-22,5.3,0,N,,0
LD10488,Referral,Power BI & Tableau,Bengaluru,30k-50k,57,2026-05-23,13.0,1,N,,0
LD10489,Referral,Digital Marketing,Pune,30k-50k,42,2026-03-29,8.9,1,Y,2026-04-29,39552
LD10490,Referral,Business Analytics,Ahmedabad,30k-50k,49,2026-04-13,37.2,4,N,,0
LD10491,Organic Search,Business Analytics,Pune,15k-30k,36,2025-12-30,20.6,1,N,,0
LD10492,Organic Search,Business Analytics,Delhi NCR,<15k,61,2025-12-29,21.7,5,Y,2026-01-01,11863
LD10493,Referral,Data Science Bootcamp,Chennai,<15k,100,2026-02-26,34.1,1,N,,0
LD10494,Instagram Ads,Power BI & Tableau,Kolkata,15k-30k,42,2025-11-07,1.1,2,N,,0
LD10495,Referral,Business Analytics,Pune,15k-30k,94,2026-01-30,30.9,0,N,,0
LD10496,Google Ads,Full Stack Development,Ahmedabad,15k-30k,54,2026-05-04,17.1,6,N,,0
LD10497,Organic Search,Data Science Bootcamp,Chennai,50k+,47,2026-02-18,14.6,2,N,,0
LD10498,Organic Search,Full Stack Development,Ahmedabad,15k-30k,51,2025-12-15,7.2,4,N,,0
LD10499,Instagram Ads,Power BI & Tableau,Ahmedabad,30k-50k,56,2026-03-07,2.3,3,N,,0
LD10500,Organic Search,Business Analytics,Delhi NCR,15k-30k,12,2025-12-04,109.7,3,N,,0
LD10501,Google Ads,Python for Data Analysis,Chennai,15k-30k,63,2026-04-18,8.8,3,N,,0
LD10502,Google Ads,Full Stack Development,Ahmedabad,50k+,57,2025-11-07,16.6,3,N,,0
LD10503,Instagram Ads,Digital Marketing,Kolkata,50k+,98,2026-02-15,23.9,1,N,,0
LD10504,Referral,Business Analytics,Pune,15k-30k,78,2026-04-03,7.6,2,N,,0
LD10505,LinkedIn,Digital Marketing,Ahmedabad,<15k,50,2025-11-07,9.1,1,N,,0
LD10506,Instagram Ads,Digital Marketing,Hyderabad,<15k,32,2026-04-24,50.5,3,N,,0
LD10507,Referral,Digital Marketing,Pune,<15k,66,2025-12-07,31.8,3,Y,2025-12-11,12039
LD10508,Referral,Digital Marketing,Pune,50k+,38,2026-03-06,49.5,4,N,,0
LD10509,Instagram Ads,Python for Data Analysis,Mumbai,<15k,94,2025-11-13,30.3,1,N,,0
LD10510,Instagram Ads,Python for Data Analysis,Bengaluru,30k-50k,38,2026-02-11,16.5,3,Y,2026-02-24,42610
LD10511,Referral,Python for Data Analysis,Kolkata,<15k,56,2025-12-27,7.8,6,N,,0
LD10512,Instagram Ads,Power BI & Tableau,Mumbai,30k-50k,66,2026-01-28,17.7,2,N,,0
LD10513,Organic Search,Python for Data Analysis,Chennai,<15k,30,2026-05-26,13.3,2,N,,0
LD10514,Instagram Ads,Business Analytics,Chennai,<15k,50,2026-02-11,8.8,1,N,,0
LD10515,Google Ads,Data Science Bootcamp,Pune,30k-50k,57,2026-05-24,8.7,3,N,,0
LD10516,LinkedIn,Business Analytics,Delhi NCR,<15k,40,2026-06-15,14.7,1,N,,0
LD10517,Instagram Ads,Python for Data Analysis,Ahmedabad,15k-30k,45,2026-01-07,3.7,2,N,,0
LD10518,Instagram Ads,Python for Data Analysis,Hyderabad,<15k,50,2025-11-22,2.4,2,N,,0
LD10519,Organic Search,Data Science Bootcamp,Mumbai,30k-50k,78,2025-11-05,53.6,2,N,,0
LD10520,Google Ads,Business Analytics,Hyderabad,50k+,82,2026-03-27,9.7,0,N,,0
LD10521,Instagram Ads,Digital Marketing,Delhi NCR,15k-30k,67,2026-07-30,1.9,5,N,,0
LD10522,Google Ads,Data Science Bootcamp,Mumbai,<15k,75,2026-02-03,46.0,1,N,,0
LD10523,Organic Search,Python for Data Analysis,Hyderabad,50k+,24,2026-04-26,88.1,3,N,,0
LD10524,Instagram Ads,Data Science Bootcamp,Bengaluru,50k+,20,2026-06-01,28.9,4,N,,0
LD10525,LinkedIn,Full Stack Development,Pune,15k-30k,10,2026-04-26,1.1,2,N,,0
LD10526,Walk-in,Digital Marketing,Bengaluru,50k+,77,2026-05-24,2.6,2,Y,2026-06-14,69934
LD10527,LinkedIn,Power BI & Tableau,Mumbai,30k-50k,2,2026-07-17,85.9,2,N,,0
LD10528,Referral,Power BI & Tableau,Pune,50k+,44,2025-12-24,15.4,2,N,,0
LD10529,Instagram Ads,Full Stack Development,Chennai,<15k,79,2025-11-05,24.4,0,N,,0
LD10530,Instagram Ads,Data Science Bootcamp,Kolkata,<15k,42,2025-12-11,21.4,5,N,,0
LD10531,Google Ads,Python for Data Analysis,Kolkata,<15k,18,2025-12-04,16.5,2,N,,0
LD10532,Instagram Ads,Digital Marketing,Bengaluru,30k-50k,54,2026-05-01,15.8,3,N,,0
LD10533,Referral,Digital Marketing,Chennai,<15k,59,2026-04-02,9.4,3,N,,0
LD10534,Referral,Business Analytics,Chennai,<15k,76,2025-12-29,29.9,4,N,,0
LD10535,Instagram Ads,Business Analytics,Chennai,<15k,40,2026-05-09,5.1,3,N,,0
LD10536,Instagram Ads,Power BI & Tableau,Pune,30k-50k,59,2026-05-28,13.1,2,N,,0
LD10537,Instagram Ads,Full Stack Development,Ahmedabad,50k+,100,2025-12-15,18.9,3,N,,0
LD10538,Organic Search,Full Stack Development,Pune,15k-30k,25,2026-04-14,48.3,4,N,,0
LD10539,LinkedIn,Data Science Bootcamp,Bengaluru,50k+,55,2026-05-23,5.3,1,N,,0
LD10540,Instagram Ads,Digital Marketing,Bengaluru,15k-30k,78,2025-12-01,25.5,3,N,,0
LD10541,Referral,Business Analytics,Chennai,<15k,62,2026-06-11,49.1,5,N,,0
LD10542,Referral,Digital Marketing,Ahmedabad,50k+,38,2026-07-21,4.2,3,N,,0
LD10543,Instagram Ads,Digital Marketing,Mumbai,<15k,50,2025-11-29,9.4,2,N,,0
LD10544,LinkedIn,Digital Marketing,Bengaluru,30k-50k,69,2025-11-07,33.7,3,Y,2025-11-12,36872
LD10545,Instagram Ads,Full Stack Development,Delhi NCR,30k-50k,61,2026-01-24,6.9,6,N,,0
LD10546,Google Ads,Data Science Bootcamp,Kolkata,30k-50k,57,2026-05-03,12.5,2,N,,0
LD10547,LinkedIn,Python for Data Analysis,Kolkata,50k+,79,2026-07-19,35.6,2,N,,0
LD10548,Walk-in,Digital Marketing,Ahmedabad,15k-30k,70,2026-02-16,6.8,4,Y,2026-03-03,20542
LD10549,Instagram Ads,Full Stack Development,Chennai,50k+,58,2026-05-14,22.8,3,N,,0
LD10550,Organic Search,Power BI & Tableau,Hyderabad,30k-50k,79,2025-11-20,12.9,5,N,,0
LD10551,Organic Search,Full Stack Development,Hyderabad,50k+,73,2026-05-07,21.5,3,Y,2026-05-30,67329
LD10552,Referral,Python for Data Analysis,Delhi NCR,15k-30k,50,2026-04-20,5.7,4,Y,2026-04-21,22194
LD10553,Walk-in,Digital Marketing,Hyderabad,<15k,55,2025-11-27,8.3,3,N,,0
LD10554,Instagram Ads,Digital Marketing,Delhi NCR,30k-50k,75,2026-05-29,73.1,1,N,,0
LD10555,Referral,Python for Data Analysis,Pune,50k+,31,2026-06-20,9.7,4,Y,2026-06-30,65167
LD10556,Google Ads,Full Stack Development,Chennai,50k+,8,2026-04-12,16.3,4,N,,0
LD10557,Google Ads,Python for Data Analysis,Chennai,<15k,40,2025-12-03,4.5,0,N,,0
LD10558,Instagram Ads,Power BI & Tableau,Delhi NCR,50k+,65,2026-07-26,23.2,2,N,,0
LD10559,Google Ads,Full Stack Development,Hyderabad,<15k,80,2026-06-01,8.5,2,N,,0
LD10560,Google Ads,Full Stack Development,Chennai,50k+,46,2026-02-02,20.3,3,N,,0
LD10561,Google Ads,Power BI & Tableau,Bengaluru,15k-30k,60,2026-02-24,80.9,4,N,,0
LD10562,Instagram Ads,Business Analytics,Bengaluru,50k+,43,2026-02-09,9.3,4,N,,0
LD10563,Instagram Ads,Business Analytics,Mumbai,<15k,19,2026-03-18,4.8,1,N,,0
LD10564,Google Ads,Full Stack Development,Chennai,30k-50k,64,2026-02-01,37.6,3,N,,0
LD10565,Instagram Ads,Python for Data Analysis,Pune,<15k,47,2026-06-19,6.4,2,N,,0
LD10566,Instagram Ads,Full Stack Development,Chennai,50k+,60,2026-06-12,1.3,4,N,,0
LD10567,Instagram Ads,Digital Marketing,Hyderabad,50k+,86,2025-11-28,35.3,2,N,,0
LD10568,LinkedIn,Power BI & Tableau,Chennai,15k-30k,56,2026-07-20,30.8,3,N,,0
LD10569,Google Ads,Python for Data Analysis,Delhi NCR,30k-50k,55,2026-04-22,14.2,2,N,,0
LD10570,Organic Search,Business Analytics,Bengaluru,<15k,15,2026-06-14,18.7,2,N,,0
LD10571,Google Ads,Full Stack Development,Ahmedabad,15k-30k,47,2026-05-12,0.7,4,N,,0
LD10572,Instagram Ads,Power BI & Tableau,Hyderabad,50k+,31,2026-02-26,26.0,2,N,,0
LD10573,Google Ads,Digital Marketing,Ahmedabad,30k-50k,60,2026-05-19,17.8,1,N,,0
LD10574,Instagram Ads,Business Analytics,Ahmedabad,30k-50k,72,2026-07-21,7.3,3,N,,0
LD10575,LinkedIn,Business Analytics,Pune,<15k,39,2026-01-12,8.7,1,N,,0
LD10576,Referral,Data Science Bootcamp,Pune,50k+,34,2026-06-08,21.4,3,N,,0
LD10577,Instagram Ads,Full Stack Development,Hyderabad,50k+,32,2026-03-26,2.1,3,Y,2026-04-02,61630
LD10578,Google Ads,Full Stack Development,Chennai,30k-50k,77,2026-03-11,1.5,1,Y,2026-03-28,36048
LD10579,Google Ads,Full Stack Development,Delhi NCR,<15k,61,2026-02-26,2.4,2,N,,0
LD10580,Referral,Digital Marketing,Pune,15k-30k,88,2026-05-18,13.8,1,N,,0
LD10581,Google Ads,Digital Marketing,Hyderabad,15k-30k,50,2026-01-12,8.4,6,N,,0
LD10582,Organic Search,Business Analytics,Mumbai,15k-30k,21,2026-06-20,45.3,4,N,,0
LD10583,LinkedIn,Python for Data Analysis,Chennai,<15k,82,2026-06-14,15.1,5,N,,0
LD10584,LinkedIn,Power BI & Tableau,Ahmedabad,30k-50k,69,2025-11-23,9.0,1,N,,0
LD10585,Google Ads,Power BI & Tableau,Hyderabad,15k-30k,60,2026-06-28,24.9,2,N,,0
LD10586,Google Ads,Data Science Bootcamp,Kolkata,30k-50k,87,2026-01-05,24.9,5,N,,0
LD10587,LinkedIn,Full Stack Development,Kolkata,50k+,70,2026-03-06,13.4,3,N,,0
LD10588,Referral,Python for Data Analysis,Pune,<15k,31,2026-04-15,3.0,6,N,,0
LD10589,Instagram Ads,Digital Marketing,Ahmedabad,<15k,62,2026-02-11,41.0,1,N,,0
LD10590,Google Ads,Python for Data Analysis,Pune,30k-50k,79,2025-11-07,34.7,2,N,,0
LD10591,LinkedIn,Power BI & Tableau,Pune,15k-30k,31,2026-06-20,3.6,3,N,,0
LD10592,Instagram Ads,Python for Data Analysis,Hyderabad,<15k,65,2025-12-19,7.0,7,N,,0
LD10593,Instagram Ads,Power BI & Tableau,Delhi NCR,15k-30k,100,2025-12-27,23.3,1,N,,0
LD10594,Instagram Ads,Business Analytics,Chennai,15k-30k,80,2026-06-05,8.6,6,N,,0
LD10595,Referral,Full Stack Development,Chennai,15k-30k,66,2026-01-31,16.6,3,Y,2026-02-01,21719
LD10596,Organic Search,Power BI & Tableau,Hyderabad,30k-50k,44,2026-06-28,10.4,4,N,,0
LD10597,Google Ads,Digital Marketing,Delhi NCR,15k-30k,13,2026-05-10,24.0,0,N,,0
LD10598,Instagram Ads,Business Analytics,Hyderabad,30k-50k,48,2026-01-14,14.5,2,N,,0
LD10599,Referral,Power BI & Tableau,Pune,15k-30k,45,2025-11-02,17.1,2,N,,0
LD10600,Referral,Business Analytics,Bengaluru,30k-50k,67,2026-07-16,26.4,1,Y,2026-07-17,36421
LD10601,LinkedIn,Data Science Bootcamp,Bengaluru,<15k,78,2025-11-23,2.3,0,N,,0
LD10602,Google Ads,Full Stack Development,Mumbai,30k-50k,50,2026-05-15,0.7,3,N,,0
LD10603,Instagram Ads,Power BI & Tableau,Bengaluru,50k+,33,2026-03-13,8.2,5,N,,0
LD10604,Google Ads,Python for Data Analysis,Delhi NCR,30k-50k,74,2026-05-25,11.8,4,N,,0
LD10605,LinkedIn,Python for Data Analysis,Kolkata,15k-30k,58,2026-05-07,17.0,2,N,,0
LD10606,Instagram Ads,Digital Marketing,Hyderabad,50k+,77,2026-04-25,0.3,3,N,,0
LD10607,Walk-in,Full Stack Development,Pune,<15k,61,2026-03-13,15.4,3,N,,0
LD10608,Referral,Python for Data Analysis,Ahmedabad,50k+,71,2026-06-04,2.5,3,N,,0
LD10609,Google Ads,Python for Data Analysis,Chennai,15k-30k,47,2025-11-25,3.7,4,N,,0
LD10610,Walk-in,Power BI & Tableau,Chennai,15k-30k,14,2025-12-30,4.2,1,N,,0
LD10611,Google Ads,Full Stack Development,Chennai,30k-50k,53,2026-05-07,15.0,0,N,,0
LD10612,LinkedIn,Python for Data Analysis,Chennai,15k-30k,44,2026-01-22,1.6,4,N,,0
LD10613,Organic Search,Power BI & Tableau,Chennai,<15k,75,2026-04-07,51.0,4,N,,0
LD10614,Instagram Ads,Business Analytics,Hyderabad,50k+,70,2026-03-09,28.8,1,N,,0
LD10615,Google Ads,Digital Marketing,Mumbai,50k+,77,2026-03-24,6.5,8,N,,0
LD10616,Referral,Business Analytics,Bengaluru,<15k,39,2026-02-24,10.6,2,N,,0
LD10617,Google Ads,Digital Marketing,Kolkata,50k+,74,2026-05-22,3.3,2,Y,2026-05-29,67141
LD10618,Google Ads,Business Analytics,Chennai,15k-30k,59,2026-01-29,21.7,2,N,,0
LD10619,Organic Search,Power BI & Tableau,Mumbai,30k-50k,81,2026-05-10,0.7,5,N,,0
LD10620,Google Ads,Business Analytics,Ahmedabad,50k+,62,2026-01-12,11.6,3,N,,0
LD10621,Google Ads,Python for Data Analysis,Ahmedabad,30k-50k,59,2026-01-07,1.3,3,Y,2026-02-01,40100
LD10622,Google Ads,Data Science Bootcamp,Kolkata,<15k,80,2025-12-02,11.4,3,N,,0
LD10623,Organic Search,Power BI & Tableau,Mumbai,50k+,64,2025-12-22,11.5,1,N,,0
LD10624,Walk-in,Business Analytics,Bengaluru,30k-50k,51,2025-12-02,12.0,5,Y,2025-12-11,38254
LD10625,Instagram Ads,Data Science Bootcamp,Ahmedabad,30k-50k,45,2026-03-26,0.7,0,N,,0
LD10626,Referral,Power BI & Tableau,Delhi NCR,50k+,62,2026-05-27,10.1,0,N,,0
LD10627,Instagram Ads,Power BI & Tableau,Hyderabad,<15k,76,2025-12-20,25.8,4,N,,0
LD10628,Walk-in,Python for Data Analysis,Delhi NCR,15k-30k,23,2025-12-29,12.8,3,N,,0
LD10629,Google Ads,Full Stack Development,Kolkata,30k-50k,39,2026-03-12,5.9,2,N,,0
LD10630,Google Ads,Digital Marketing,Kolkata,<15k,57,2026-05-16,12.9,2,N,,0
LD10631,Walk-in,Data Science Bootcamp,Chennai,15k-30k,55,2026-07-24,52.1,3,Y,2026-07-27,21779
LD10632,Organic Search,Power BI & Tableau,Hyderabad,30k-50k,66,2026-03-23,23.8,4,Y,2026-04-19,42826
LD10633,Google Ads,Python for Data Analysis,Delhi NCR,50k+,80,2026-01-16,16.6,3,Y,2026-01-20,63010
LD10634,Google Ads,Power BI & Tableau,Pune,<15k,42,2025-11-27,27.4,5,N,,0
LD10635,Referral,Data Science Bootcamp,Chennai,50k+,58,2025-12-22,5.4,0,N,,0
LD10636,Walk-in,Digital Marketing,Pune,30k-50k,98,2026-01-01,15.2,4,N,,0
LD10637,Google Ads,Business Analytics,Bengaluru,50k+,39,2025-12-18,1.7,3,N,,0
LD10638,Walk-in,Data Science Bootcamp,Pune,<15k,30,2025-11-03,10.5,3,N,,0
LD10639,Instagram Ads,Full Stack Development,Ahmedabad,30k-50k,14,2026-03-25,0.9,2,N,,0
LD10640,Google Ads,Power BI & Tableau,Pune,50k+,52,2026-01-13,66.3,4,N,,0
LD10641,Organic Search,Power BI & Tableau,Chennai,15k-30k,85,2026-07-23,16.8,2,N,,0
LD10642,LinkedIn,Power BI & Tableau,Pune,30k-50k,67,2026-03-31,0.6,3,N,,0
LD10643,Instagram Ads,Python for Data Analysis,Chennai,30k-50k,35,2026-05-09,4.0,3,N,,0
LD10644,Google Ads,Power BI & Tableau,Delhi NCR,50k+,39,2025-12-04,21.9,2,N,,0
LD10645,Walk-in,Python for Data Analysis,Chennai,<15k,32,2026-06-25,29.0,1,N,,0
LD10646,Organic Search,Digital Marketing,Kolkata,<15k,37,2026-03-14,35.2,4,N,,0
LD10647,Instagram Ads,Power BI & Tableau,Bengaluru,30k-50k,45,2026-06-26,9.5,4,N,,0
LD10648,Organic Search,Power BI & Tableau,Delhi NCR,50k+,19,2026-04-05,78.7,4,N,,0
LD10649,Referral,Full Stack Development,Bengaluru,15k-30k,61,2026-03-08,5.8,4,Y,2026-03-10,21964
LD10650,Google Ads,Power BI & Tableau,Pune,50k+,100,2026-02-28,3.6,2,N,,0
LD10651,Instagram Ads,Power BI & Tableau,Pune,50k+,46,2025-12-20,47.3,4,N,,0
LD10652,LinkedIn,Full Stack Development,Bengaluru,15k-30k,60,2025-11-14,15.5,3,N,,0
LD10653,Instagram Ads,Power BI & Tableau,Mumbai,<15k,74,2026-07-14,10.3,2,N,,0
LD10654,Instagram Ads,Data Science Bootcamp,Chennai,50k+,67,2026-03-10,2.8,3,N,,0
LD10655,LinkedIn,Python for Data Analysis,Kolkata,15k-30k,42,2026-06-12,31.7,1,N,,0
LD10656,Google Ads,Full Stack Development,Kolkata,15k-30k,46,2026-02-17,51.6,3,N,,0
LD10657,Instagram Ads,Power BI & Tableau,Bengaluru,50k+,76,2025-11-20,18.3,3,N,,0
LD10658,Walk-in,Full Stack Development,Mumbai,15k-30k,73,2026-04-20,66.8,2,N,,0
LD10659,Instagram Ads,Power BI & Tableau,Ahmedabad,30k-50k,76,2025-11-14,18.9,3,N,,0
LD10660,Google Ads,Power BI & Tableau,Chennai,50k+,45,2025-12-10,1.0,4,N,,0
LD10661,Instagram Ads,Business Analytics,Chennai,50k+,80,2026-04-02,64.7,3,N,,0
LD10662,Google Ads,Power BI & Tableau,Delhi NCR,30k-50k,73,2026-01-21,2.4,1,N,,0
LD10663,LinkedIn,Power BI & Tableau,Mumbai,50k+,74,2026-07-29,39.9,2,N,,0
LD10664,Google Ads,Business Analytics,Delhi NCR,30k-50k,65,2025-12-02,32.9,3,N,,0
LD10665,LinkedIn,Business Analytics,Delhi NCR,30k-50k,50,2026-05-27,30.9,1,N,,0
LD10666,Referral,Full Stack Development,Ahmedabad,15k-30k,78,2026-04-14,1.7,3,Y,2026-04-15,22386
LD10667,LinkedIn,Digital Marketing,Chennai,50k+,80,2026-06-03,0.3,0,N,,0
LD10668,Google Ads,Power BI & Tableau,Delhi NCR,30k-50k,60,2025-12-31,16.3,1,N,,0
LD10669,Referral,Data Science Bootcamp,Kolkata,50k+,72,2026-03-22,15.6,3,N,,0
LD10670,Referral,Digital Marketing,Delhi NCR,15k-30k,63,2026-03-02,3.7,2,N,,0
LD10671,Organic Search,Data Science Bootcamp,Hyderabad,30k-50k,67,2026-02-28,21.9,1,N,,0
LD10672,Referral,Digital Marketing,Delhi NCR,50k+,63,2026-06-22,6.8,1,N,,0
LD10673,Instagram Ads,Full Stack Development,Mumbai,50k+,72,2026-07-28,22.4,1,N,,0
LD10674,Instagram Ads,Business Analytics,Delhi NCR,30k-50k,54,2026-01-22,25.6,3,N,,0
LD10675,Instagram Ads,Business Analytics,Mumbai,<15k,35,2026-04-18,20.7,4,N,,0
LD10676,Instagram Ads,Business Analytics,Mumbai,<15k,27,2026-04-15,44.4,2,N,,0
LD10677,LinkedIn,Full Stack Development,Bengaluru,15k-30k,43,2026-05-21,3.3,5,Y,2026-05-22,21660
LD10678,Organic Search,Data Science Bootcamp,Chennai,50k+,49,2026-07-16,2.7,2,Y,2026-07-18,70508
LD10679,LinkedIn,Full Stack Development,Hyderabad,50k+,53,2025-12-26,7.9,5,N,,0
LD10680,Referral,Full Stack Development,Bengaluru,15k-30k,43,2025-12-27,32.2,7,N,,0
LD10681,Instagram Ads,Power BI & Tableau,Kolkata,15k-30k,76,2026-04-29,27.3,4,N,,0
LD10682,Walk-in,Full Stack Development,Ahmedabad,50k+,39,2025-12-12,3.5,3,Y,2025-12-30,66731
LD10683,Organic Search,Full Stack Development,Delhi NCR,15k-30k,83,2025-12-17,5.4,1,Y,2025-12-30,20834
LD10684,Organic Search,Digital Marketing,Bengaluru,30k-50k,26,2025-11-20,9.4,2,N,,0
LD10685,Instagram Ads,Data Science Bootcamp,Bengaluru,15k-30k,84,2025-10-31,30.8,3,N,,0
LD10686,Walk-in,Business Analytics,Pune,50k+,55,2026-03-02,60.0,1,N,,0
LD10687,Instagram Ads,Data Science Bootcamp,Ahmedabad,50k+,31,2026-04-11,30.5,1,N,,0
LD10688,Walk-in,Business Analytics,Bengaluru,30k-50k,91,2026-01-18,31.0,1,Y,2026-01-19,40646
LD10689,Walk-in,Data Science Bootcamp,Hyderabad,30k-50k,82,2026-01-02,12.4,4,Y,2026-01-06,40278
LD10690,Walk-in,Digital Marketing,Ahmedabad,30k-50k,27,2026-05-11,11.6,6,N,,0
LD10691,Google Ads,Full Stack Development,Pune,50k+,48,2026-05-10,2.8,1,N,,0
LD10692,Organic Search,Power BI & Tableau,Delhi NCR,50k+,64,2026-03-03,6.9,5,N,,0
LD10693,Instagram Ads,Business Analytics,Chennai,<15k,31,2026-05-06,0.2,0,N,,0
LD10694,Instagram Ads,Business Analytics,Delhi NCR,50k+,100,2026-07-10,9.9,4,N,,0
LD10695,Instagram Ads,Full Stack Development,Bengaluru,15k-30k,43,2026-06-03,4.9,4,N,,0
LD10696,Instagram Ads,Full Stack Development,Delhi NCR,30k-50k,93,2026-04-19,17.7,4,N,,0
LD10697,LinkedIn,Power BI & Tableau,Pune,15k-30k,22,2026-04-29,10.8,3,N,,0
LD10698,Google Ads,Power BI & Tableau,Kolkata,50k+,50,2026-07-12,54.8,3,N,,0
LD10699,Instagram Ads,Power BI & Tableau,Hyderabad,30k-50k,69,2026-02-24,17.6,3,N,,0
LD10700,Google Ads,Python for Data Analysis,Pune,<15k,51,2026-03-28,13.1,3,N,,0
LD10701,Instagram Ads,Business Analytics,Chennai,50k+,73,2026-04-25,60.8,2,N,,0
LD10702,Referral,Business Analytics,Delhi NCR,<15k,69,2026-07-05,40.1,1,N,,0
LD10703,Walk-in,Python for Data Analysis,Ahmedabad,15k-30k,41,2026-06-13,8.9,3,N,,0
LD10704,Instagram Ads,Digital Marketing,Delhi NCR,30k-50k,22,2025-11-19,38.1,3,N,,0
LD10705,LinkedIn,Power BI & Tableau,Delhi NCR,<15k,25,2025-12-15,2.9,3,N,,0
LD10706,Organic Search,Full Stack Development,Mumbai,30k-50k,74,2026-01-22,30.0,6,Y,2026-02-11,42604
LD10707,Organic Search,Data Science Bootcamp,Ahmedabad,<15k,57,2026-05-23,4.0,4,N,,0
LD10708,Referral,Digital Marketing,Kolkata,15k-30k,31,2026-04-04,0.3,1,Y,2026-04-05,22294
LD10709,Walk-in,Full Stack Development,Hyderabad,30k-50k,14,2026-01-17,19.7,1,N,,0
LD10710,Instagram Ads,Full Stack Development,Chennai,30k-50k,97,2025-12-03,20.8,3,N,,0
LD10711,Instagram Ads,Power BI & Tableau,Mumbai,15k-30k,58,2026-05-07,37.1,3,N,,0
LD10712,LinkedIn,Business Analytics,Pune,50k+,41,2026-05-10,30.6,4,N,,0
LD10713,Referral,Python for Data Analysis,Kolkata,30k-50k,50,2026-07-15,1.7,3,N,,0
LD10714,Instagram Ads,Full Stack Development,Mumbai,50k+,46,2026-03-16,22.9,2,N,,0
LD10715,Instagram Ads,Business Analytics,Ahmedabad,<15k,60,2026-03-14,18.3,3,N,,0
LD10716,Google Ads,Power BI & Tableau,Hyderabad,30k-50k,75,2025-11-21,3.2,3,N,,0
LD10717,Walk-in,Power BI & Tableau,Bengaluru,<15k,79,2025-11-10,13.0,5,N,,0
LD10718,Google Ads,Power BI & Tableau,Pune,15k-30k,54,2026-02-25,7.3,4,N,,0
LD10719,Instagram Ads,Business Analytics,Ahmedabad,30k-50k,17,2026-01-26,4.9,2,Y,2026-01-29,40352
LD10720,Referral,Data Science Bootcamp,Ahmedabad,15k-30k,47,2026-01-07,7.9,3,N,,0
LD10721,Google Ads,Data Science Bootcamp,Bengaluru,50k+,83,2025-11-24,25.7,2,N,,0
LD10722,Referral,Python for Data Analysis,Kolkata,15k-30k,46,2026-07-20,4.1,1,N,,0
LD10723,Instagram Ads,Python for Data Analysis,Ahmedabad,<15k,54,2026-06-16,37.3,4,N,,0
LD10724,Instagram Ads,Full Stack Development,Bengaluru,30k-50k,28,2026-04-06,51.8,5,N,,0
LD10725,Walk-in,Python for Data Analysis,Bengaluru,30k-50k,56,2026-07-17,5.5,1,N,,0
LD10726,Instagram Ads,Full Stack Development,Hyderabad,15k-30k,84,2026-07-30,6.0,3,Y,2026-07-31,21606
LD10727,Walk-in,Data Science Bootcamp,Chennai,50k+,60,2026-05-02,18.3,3,Y,2026-05-08,64835
LD10728,Referral,Full Stack Development,Bengaluru,<15k,62,2026-01-12,52.6,2,N,,0
LD10729,Instagram Ads,Data Science Bootcamp,Bengaluru,50k+,34,2025-11-10,0.6,4,N,,0
LD10730,Instagram Ads,Digital Marketing,Pune,50k+,38,2026-05-25,12.1,2,N,,0
LD10731,Instagram Ads,Business Analytics,Chennai,50k+,100,2026-03-08,17.7,1,N,,0
LD10732,Instagram Ads,Python for Data Analysis,Kolkata,50k+,82,2026-04-26,4.0,2,Y,2026-05-21,58785
LD10733,LinkedIn,Python for Data Analysis,Pune,<15k,63,2026-07-08,27.9,1,N,,0
LD10734,Organic Search,Full Stack Development,Hyderabad,30k-50k,39,2025-12-19,49.9,2,N,,0
LD10735,Instagram Ads,Business Analytics,Pune,50k+,34,2026-04-08,1.4,4,Y,2026-04-13,60103
LD10736,Google Ads,Full Stack Development,Bengaluru,15k-30k,21,2026-04-22,7.8,3,N,,0
LD10737,Instagram Ads,Data Science Bootcamp,Ahmedabad,30k-50k,60,2026-03-14,28.8,2,N,,0
LD10738,Walk-in,Full Stack Development,Kolkata,50k+,38,2025-11-24,27.3,4,N,,0
LD10739,LinkedIn,Business Analytics,Ahmedabad,15k-30k,88,2026-02-02,18.6,4,N,,0
LD10740,Referral,Digital Marketing,Delhi NCR,15k-30k,61,2026-01-29,3.3,2,N,,0
LD10741,Instagram Ads,Business Analytics,Bengaluru,<15k,76,2026-05-01,7.4,0,N,,0
LD10742,Organic Search,Full Stack Development,Bengaluru,50k+,11,2026-06-22,32.6,1,N,,0
LD10743,Instagram Ads,Business Analytics,Hyderabad,15k-30k,74,2026-01-29,66.2,3,N,,0
LD10744,Walk-in,Data Science Bootcamp,Ahmedabad,<15k,26,2026-05-08,1.2,4,N,,0
LD10745,Instagram Ads,Power BI & Tableau,Mumbai,<15k,51,2026-01-17,31.6,4,N,,0
LD10746,Google Ads,Full Stack Development,Kolkata,<15k,76,2026-07-16,2.8,5,Y,2026-07-26,11547
LD10747,Organic Search,Python for Data Analysis,Mumbai,15k-30k,63,2026-06-10,10.5,4,N,,0
LD10748,Google Ads,Data Science Bootcamp,Delhi NCR,15k-30k,10,2026-03-30,13.4,3,N,,0
LD10749,Referral,Business Analytics,Chennai,30k-50k,58,2026-03-04,18.8,0,N,,0
LD10750,Google Ads,Business Analytics,Pune,30k-50k,100,2026-01-24,1.5,3,Y,2026-01-25,41737
LD10751,Referral,Full Stack Development,Kolkata,15k-30k,51,2026-01-27,12.8,2,N,,0
LD10752,Instagram Ads,Digital Marketing,Bengaluru,30k-50k,27,2026-07-22,18.7,3,N,,0
LD10753,Walk-in,Power BI & Tableau,Kolkata,15k-30k,43,2026-02-18,16.3,1,N,,0
LD10754,Walk-in,Power BI & Tableau,Bengaluru,50k+,55,2026-03-20,62.2,4,N,,0
LD10755,Instagram Ads,Digital Marketing,Chennai,50k+,80,2026-07-27,11.4,3,N,,0
LD10756,Google Ads,Full Stack Development,Kolkata,50k+,55,2026-04-28,49.3,2,N,,0
LD10757,LinkedIn,Business Analytics,Kolkata,30k-50k,49,2026-03-28,61.9,3,N,,0
LD10758,Referral,Business Analytics,Mumbai,50k+,22,2026-02-20,24.4,2,N,,0
LD10759,Organic Search,Business Analytics,Pune,30k-50k,77,2025-12-21,21.3,3,N,,0
LD10760,LinkedIn,Python for Data Analysis,Kolkata,<15k,51,2026-02-06,4.1,2,N,,0
LD10761,Google Ads,Python for Data Analysis,Kolkata,15k-30k,73,2026-05-25,12.9,1,N,,0
LD10762,Instagram Ads,Business Analytics,Mumbai,30k-50k,47,2026-04-19,10.0,6,N,,0
LD10763,Google Ads,Digital Marketing,Ahmedabad,<15k,61,2026-05-26,3.1,7,N,,0
LD10764,Instagram Ads,Digital Marketing,Mumbai,<15k,84,2025-12-25,2.4,2,N,,0
LD10765,Instagram Ads,Data Science Bootcamp,Kolkata,30k-50k,79,2026-03-29,16.3,3,N,,0
LD10766,Google Ads,Full Stack Development,Hyderabad,<15k,58,2026-07-11,6.9,3,Y,2026-07-14,11436
LD10767,Organic Search,Business Analytics,Ahmedabad,15k-30k,39,2026-02-27,53.5,2,N,,0
LD10768,Organic Search,Business Analytics,Delhi NCR,30k-50k,56,2026-05-09,19.3,6,N,,0
LD10769,Instagram Ads,Data Science Bootcamp,Mumbai,15k-30k,54,2025-12-03,16.2,2,N,,0
LD10770,Google Ads,Full Stack Development,Ahmedabad,<15k,26,2026-07-23,9.9,4,N,,0
LD10771,Instagram Ads,Business Analytics,Kolkata,15k-30k,68,2026-04-15,8.4,0,N,,0
LD10772,Instagram Ads,Business Analytics,Delhi NCR,30k-50k,41,2026-01-04,11.6,0,N,,0
LD10773,LinkedIn,Python for Data Analysis,Chennai,50k+,65,2025-12-13,26.6,3,N,,0
LD10774,Referral,Digital Marketing,Chennai,30k-50k,63,2026-03-30,4.8,4,Y,2026-04-11,37495
LD10775,Instagram Ads,Power BI & Tableau,Ahmedabad,50k+,46,2026-03-30,117.8,0,N,,0
LD10776,Referral,Data Science Bootcamp,Chennai,50k+,76,2025-11-25,41.7,1,Y,2025-11-28,67201
LD10777,LinkedIn,Business Analytics,Chennai,30k-50k,37,2026-07-28,11.1,4,N,,0
LD10778,Referral,Python for Data Analysis,Mumbai,<15k,54,2026-07-07,2.8,3,Y,2026-07-18,12511
LD10779,Google Ads,Full Stack Development,Bengaluru,15k-30k,32,2026-03-05,1.0,4,N,,0
LD10780,Organic Search,Digital Marketing,Delhi NCR,50k+,60,2025-12-02,14.8,3,Y,2025-12-17,59512
LD10781,Organic Search,Business Analytics,Chennai,15k-30k,47,2026-06-15,45.5,4,N,,0
LD10782,Google Ads,Business Analytics,Mumbai,50k+,59,2026-03-16,11.5,0,N,,0
LD10783,Organic Search,Python for Data Analysis,Delhi NCR,30k-50k,48,2026-05-14,10.9,4,N,,0
LD10784,Referral,Python for Data Analysis,Ahmedabad,50k+,44,2026-03-18,13.7,4,Y,2026-03-24,70675
LD10785,Google Ads,Business Analytics,Pune,30k-50k,60,2026-01-13,36.7,2,N,,0
LD10786,Google Ads,Business Analytics,Pune,50k+,44,2026-06-15,12.5,2,N,,0
LD10787,Referral,Power BI & Tableau,Bengaluru,<15k,33,2026-07-25,30.7,4,N,,0
LD10788,Referral,Data Science Bootcamp,Bengaluru,<15k,49,2026-01-05,18.4,3,N,,0
LD10789,Organic Search,Python for Data Analysis,Mumbai,15k-30k,71,2026-03-30,28.4,3,Y,2026-04-14,21210
LD10790,Instagram Ads,Data Science Bootcamp,Bengaluru,15k-30k,63,2026-02-12,4.9,2,N,,0
LD10791,Google Ads,Business Analytics,Chennai,50k+,41,2026-07-09,15.3,5,Y,2026-07-12,69000
LD10792,Instagram Ads,Data Science Bootcamp,Ahmedabad,50k+,64,2026-03-18,1.2,3,N,,0
LD10793,Referral,Data Science Bootcamp,Kolkata,<15k,67,2026-06-28,19.2,3,Y,2026-07-09,11322
LD10794,Organic Search,Data Science Bootcamp,Delhi NCR,<15k,13,2026-06-23,29.3,5,N,,0
LD10795,Organic Search,Power BI & Tableau,Bengaluru,30k-50k,70,2026-01-14,8.6,5,N,,0
LD10796,LinkedIn,Power BI & Tableau,Pune,50k+,35,2026-06-03,9.7,1,N,,0
LD10797,Google Ads,Data Science Bootcamp,Pune,<15k,38,2026-02-21,26.6,2,N,,0
LD10798,Instagram Ads,Business Analytics,Delhi NCR,15k-30k,58,2026-07-13,58.6,4,N,,0
LD10799,Referral,Digital Marketing,Kolkata,30k-50k,76,2026-03-18,51.8,0,N,,0
LD10800,Walk-in,Data Science Bootcamp,Kolkata,30k-50k,59,2026-06-12,20.5,2,N,,0
LD10801,Referral,Python for Data Analysis,Mumbai,15k-30k,79,2026-01-16,6.5,1,N,,0
LD10802,Walk-in,Digital Marketing,Bengaluru,<15k,51,2026-01-20,6.1,1,N,,0
LD10803,Google Ads,Data Science Bootcamp,Kolkata,50k+,61,2026-04-09,28.3,5,N,,0
LD10804,Google Ads,Python for Data Analysis,Bengaluru,50k+,73,2026-07-30,6.1,3,N,,0
LD10805,Google Ads,Full Stack Development,Pune,<15k,22,2026-03-13,12.6,8,N,,0
LD10806,Google Ads,Data Science Bootcamp,Kolkata,50k+,36,2025-12-10,58.7,1,N,,0
LD10807,Instagram Ads,Full Stack Development,Hyderabad,30k-50k,67,2026-03-27,2.1,2,N,,0
LD10808,Google Ads,Power BI & Tableau,Mumbai,<15k,71,2026-02-02,6.8,1,Y,2026-02-14,11945
LD10809,Instagram Ads,Business Analytics,Delhi NCR,50k+,44,2026-03-30,4.8,7,N,,0
LD10810,Organic Search,Data Science Bootcamp,Delhi NCR,<15k,65,2026-03-28,9.3,2,N,,0
LD10811,LinkedIn,Power BI & Tableau,Pune,<15k,47,2026-03-04,3.1,2,N,,0
LD10812,Referral,Digital Marketing,Mumbai,<15k,29,2026-01-26,1.3,4,N,,0
LD10813,Referral,Power BI & Tableau,Kolkata,15k-30k,56,2025-12-21,5.8,2,N,,0
LD10814,Google Ads,Data Science Bootcamp,Pune,30k-50k,38,2026-05-09,3.6,3,N,,0
LD10815,Google Ads,Power BI & Tableau,Kolkata,15k-30k,39,2026-04-05,34.9,2,N,,0
LD10816,Instagram Ads,Full Stack Development,Kolkata,30k-50k,72,2026-01-02,7.0,4,Y,2026-01-07,39684
LD10817,LinkedIn,Full Stack Development,Hyderabad,15k-30k,39,2026-05-30,47.9,4,N,,0
LD10818,Instagram Ads,Power BI & Tableau,Bengaluru,30k-50k,19,2025-11-11,0.7,2,N,,0
LD10819,LinkedIn,Data Science Bootcamp,Mumbai,50k+,41,2026-05-22,34.3,3,N,,0
LD10820,Google Ads,Data Science Bootcamp,Kolkata,30k-50k,35,2026-05-11,43.5,3,N,,0
LD10821,Referral,Digital Marketing,Delhi NCR,<15k,89,2026-06-09,17.2,0,N,,0
LD10822,Referral,Python for Data Analysis,Mumbai,50k+,32,2026-02-13,7.0,1,Y,2026-03-06,64677
LD10823,Google Ads,Digital Marketing,Kolkata,50k+,85,2026-04-30,26.2,5,Y,2026-05-02,69972
LD10824,Instagram Ads,Business Analytics,Hyderabad,50k+,62,2026-06-12,25.2,2,N,,0
LD10825,Google Ads,Power BI & Tableau,Mumbai,30k-50k,83,2026-07-25,14.0,7,N,,0
LD10826,Instagram Ads,Full Stack Development,Hyderabad,<15k,30,2026-03-15,16.6,1,N,,0
LD10827,Google Ads,Digital Marketing,Kolkata,15k-30k,58,2025-11-10,24.9,2,N,,0
LD10828,LinkedIn,Full Stack Development,Kolkata,15k-30k,27,2026-03-17,33.3,3,Y,2026-04-07,20859
LD10829,Instagram Ads,Digital Marketing,Hyderabad,30k-50k,63,2026-04-10,1.6,6,N,,0
LD10830,Google Ads,Data Science Bootcamp,Delhi NCR,<15k,46,2026-06-25,8.5,1,N,,0
LD10831,Instagram Ads,Python for Data Analysis,Delhi NCR,30k-50k,77,2026-06-26,5.2,2,N,,0
LD10832,Instagram Ads,Data Science Bootcamp,Hyderabad,15k-30k,55,2026-02-28,7.9,7,N,,0
LD10833,Google Ads,Business Analytics,Ahmedabad,50k+,44,2026-03-23,3.0,4,N,,0
LD10834,Referral,Power BI & Tableau,Hyderabad,50k+,69,2026-03-04,19.6,3,N,,0
LD10835,Google Ads,Data Science Bootcamp,Chennai,<15k,53,2026-05-16,23.5,0,N,,0
LD10836,Referral,Power BI & Tableau,Chennai,<15k,25,2026-02-19,47.8,2,N,,0
LD10837,Instagram Ads,Python for Data Analysis,Delhi NCR,<15k,46,2026-04-27,41.4,5,N,,0
LD10838,Instagram Ads,Python for Data Analysis,Hyderabad,50k+,56,2025-12-12,3.6,3,N,,0
LD10839,Instagram Ads,Full Stack Development,Pune,15k-30k,98,2026-03-08,15.4,5,Y,2026-03-16,22521
LD10840,Google Ads,Full Stack Development,Pune,50k+,50,2026-07-22,1.6,3,N,,0
LD10841,Referral,Business Analytics,Delhi NCR,30k-50k,63,2026-01-31,32.5,0,Y,2026-02-02,43672
LD10842,Referral,Digital Marketing,Pune,50k+,49,2026-05-08,5.5,1,Y,2026-05-23,63906
LD10843,Organic Search,Data Science Bootcamp,Kolkata,15k-30k,58,2026-04-26,45.1,2,N,,0
LD10844,LinkedIn,Digital Marketing,Delhi NCR,50k+,46,2026-06-20,2.4,4,Y,2026-06-23,70786
LD10845,Google Ads,Python for Data Analysis,Chennai,<15k,61,2026-06-20,11.1,3,N,,0
LD10846,Instagram Ads,Digital Marketing,Ahmedabad,15k-30k,74,2026-06-22,52.5,2,N,,0
LD10847,Organic Search,Power BI & Tableau,Ahmedabad,15k-30k,48,2026-02-11,25.2,3,N,,0
LD10848,Referral,Data Science Bootcamp,Delhi NCR,15k-30k,65,2026-01-25,11.2,4,N,,0
LD10849,Organic Search,Data Science Bootcamp,Chennai,50k+,75,2026-05-15,1.0,3,Y,2026-05-25,59758
LD10850,Google Ads,Power BI & Tableau,Chennai,50k+,54,2026-05-26,86.2,3,N,,0
LD10851,Organic Search,Python for Data Analysis,Kolkata,30k-50k,100,2026-06-26,26.6,3,N,,0
LD10852,Google Ads,Full Stack Development,Delhi NCR,15k-30k,55,2025-11-09,12.7,3,N,,0
LD10853,Walk-in,Digital Marketing,Ahmedabad,15k-30k,43,2025-11-18,53.0,2,N,,0
LD10854,Google Ads,Digital Marketing,Kolkata,15k-30k,40,2026-04-21,28.5,2,N,,0
LD10855,Instagram Ads,Digital Marketing,Ahmedabad,30k-50k,67,2026-07-09,17.0,6,N,,0
LD10856,LinkedIn,Power BI & Tableau,Chennai,15k-30k,48,2026-07-30,2.1,2,N,,0
LD10857,Instagram Ads,Python for Data Analysis,Kolkata,30k-50k,56,2026-05-22,14.1,5,N,,0
LD10858,Instagram Ads,Digital Marketing,Mumbai,<15k,34,2026-02-26,19.9,5,N,,0
LD10859,Google Ads,Power BI & Tableau,Bengaluru,15k-30k,46,2025-11-26,14.5,1,N,,0
LD10860,Instagram Ads,Full Stack Development,Mumbai,50k+,89,2026-04-22,20.0,0,N,,0
LD10861,Instagram Ads,Python for Data Analysis,Hyderabad,30k-50k,57,2026-06-26,3.8,3,Y,2026-06-30,43000
LD10862,Google Ads,Python for Data Analysis,Pune,50k+,61,2026-03-01,1.8,3,Y,2026-03-08,61201
LD10863,Referral,Full Stack Development,Mumbai,30k-50k,54,2026-05-08,14.2,4,Y,2026-06-04,37268
LD10864,Google Ads,Digital Marketing,Kolkata,15k-30k,35,2026-07-04,8.1,2,N,,0
LD10865,LinkedIn,Python for Data Analysis,Ahmedabad,<15k,55,2025-11-12,0.7,4,N,,0
LD10866,Google Ads,Power BI & Tableau,Kolkata,50k+,65,2026-06-05,1.2,1,N,,0
LD10867,Google Ads,Power BI & Tableau,Bengaluru,50k+,68,2026-01-19,53.5,3,N,,0
LD10868,Referral,Digital Marketing,Hyderabad,<15k,38,2026-02-10,4.4,4,Y,2026-02-13,12370
LD10869,Referral,Business Analytics,Pune,30k-50k,22,2025-12-09,51.9,4,N,,0
LD10870,Walk-in,Full Stack Development,Kolkata,<15k,4,2026-03-25,7.2,0,N,,0
LD10871,Referral,Digital Marketing,Hyderabad,50k+,78,2026-04-03,3.3,6,Y,2026-04-07,64912
LD10872,Referral,Data Science Bootcamp,Delhi NCR,<15k,57,2026-06-04,3.8,3,N,,0
LD10873,Instagram Ads,Business Analytics,Ahmedabad,15k-30k,30,2025-12-16,1.5,3,N,,0
LD10874,Referral,Digital Marketing,Ahmedabad,50k+,49,2025-11-21,20.9,1,N,,0
LD10875,Google Ads,Full Stack Development,Chennai,15k-30k,58,2026-06-25,9.9,1,N,,0
LD10876,Instagram Ads,Data Science Bootcamp,Hyderabad,50k+,82,2026-04-18,3.2,3,N,,0
LD10877,Referral,Digital Marketing,Hyderabad,50k+,25,2026-01-04,9.3,4,N,,0
LD10878,Instagram Ads,Data Science Bootcamp,Chennai,15k-30k,92,2026-07-07,31.4,3,N,,0
LD10879,Organic Search,Digital Marketing,Ahmedabad,30k-50k,48,2025-12-09,3.9,4,N,,0
LD10880,Organic Search,Business Analytics,Chennai,50k+,42,2026-03-05,6.1,2,Y,2026-03-21,61239
LD10881,Instagram Ads,Python for Data Analysis,Ahmedabad,<15k,62,2026-01-08,5.9,2,N,,0
LD10882,Organic Search,Full Stack Development,Chennai,50k+,36,2026-01-08,14.7,2,N,,0
LD10883,Google Ads,Data Science Bootcamp,Bengaluru,30k-50k,52,2025-11-02,5.6,5,N,,0
LD10884,LinkedIn,Full Stack Development,Bengaluru,<15k,21,2026-06-07,8.3,4,N,,0
LD10885,LinkedIn,Digital Marketing,Pune,<15k,51,2026-07-04,0.7,5,N,,0
LD10886,Instagram Ads,Full Stack Development,Pune,15k-30k,76,2026-05-03,10.4,5,N,,0
LD10887,Instagram Ads,Power BI & Tableau,Chennai,15k-30k,67,2025-12-13,9.1,3,N,,0
LD10888,LinkedIn,Power BI & Tableau,Ahmedabad,50k+,33,2026-02-28,2.4,3,N,,0
LD10889,Referral,Business Analytics,Pune,50k+,60,2026-02-02,48.0,2,N,,0
LD10890,Google Ads,Business Analytics,Kolkata,50k+,37,2026-04-09,4.9,1,N,,0
LD10891,Referral,Data Science Bootcamp,Ahmedabad,15k-30k,48,2026-04-23,14.8,5,Y,2026-04-25,22000
LD10892,LinkedIn,Power BI & Tableau,Kolkata,50k+,50,2026-02-23,21.7,3,N,,0
LD10893,Instagram Ads,Data Science Bootcamp,Mumbai,15k-30k,40,2026-01-07,16.1,2,N,,0
LD10894,Organic Search,Digital Marketing,Hyderabad,<15k,71,2026-06-18,52.4,4,N,,0
LD10895,Referral,Power BI & Tableau,Chennai,15k-30k,55,2025-12-24,13.5,3,N,,0
LD10896,LinkedIn,Digital Marketing,Ahmedabad,15k-30k,91,2026-02-13,1.0,1,N,,0
LD10897,Referral,Data Science Bootcamp,Ahmedabad,30k-50k,60,2026-03-11,2.9,1,N,,0
LD10898,LinkedIn,Power BI & Tableau,Kolkata,30k-50k,30,2026-01-03,22.0,2,N,,0
LD10899,Referral,Power BI & Tableau,Hyderabad,50k+,63,2026-04-05,20.2,3,N,,0
LD10900,LinkedIn,Digital Marketing,Ahmedabad,30k-50k,47,2026-04-05,2.3,2,N,,0
LD10901,Google Ads,Power BI & Tableau,Delhi NCR,15k-30k,34,2026-07-29,19.8,3,N,,0
LD10902,Google Ads,Power BI & Tableau,Pune,<15k,66,2026-01-19,4.3,3,N,,0
LD10903,Google Ads,Digital Marketing,Mumbai,<15k,57,2026-07-24,7.0,5,N,,0
LD10904,LinkedIn,Digital Marketing,Pune,<15k,94,2026-04-28,10.5,6,Y,2026-05-01,12295
LD10905,Instagram Ads,Digital Marketing,Kolkata,15k-30k,65,2026-01-13,0.4,3,N,,0
LD10906,Instagram Ads,Python for Data Analysis,Kolkata,15k-30k,37,2026-04-03,6.9,1,N,,0
LD10907,Instagram Ads,Python for Data Analysis,Ahmedabad,15k-30k,80,2026-05-06,30.1,6,N,,0
LD10908,Google Ads,Full Stack Development,Pune,15k-30k,66,2026-05-22,5.8,7,N,,0
LD10909,Referral,Python for Data Analysis,Pune,30k-50k,55,2025-11-13,24.9,2,N,,0
LD10910,Google Ads,Business Analytics,Ahmedabad,30k-50k,69,2026-04-14,1.8,4,Y,2026-04-29,38053
LD10911,Referral,Power BI & Tableau,Chennai,<15k,28,2026-03-15,49.5,4,N,,0
LD10912,Instagram Ads,Data Science Bootcamp,Pune,50k+,81,2026-07-04,14.5,3,N,,0
LD10913,Instagram Ads,Business Analytics,Ahmedabad,50k+,52,2026-01-17,10.7,2,N,,0
LD10914,Referral,Python for Data Analysis,Kolkata,50k+,70,2026-06-06,48.1,0,N,,0
LD10915,LinkedIn,Full Stack Development,Ahmedabad,50k+,56,2026-04-14,2.7,1,N,,0
LD10916,Instagram Ads,Business Analytics,Bengaluru,<15k,69,2026-02-04,0.0,2,N,,0
LD10917,Instagram Ads,Business Analytics,Bengaluru,30k-50k,65,2026-04-22,19.7,1,N,,0
LD10918,Google Ads,Digital Marketing,Delhi NCR,15k-30k,40,2026-04-18,16.5,2,N,,0
LD10919,Instagram Ads,Business Analytics,Ahmedabad,50k+,38,2026-05-04,21.0,2,N,,0
LD10920,LinkedIn,Power BI & Tableau,Hyderabad,<15k,72,2026-05-15,3.9,2,N,,0
LD10921,Organic Search,Digital Marketing,Bengaluru,30k-50k,55,2026-04-28,17.6,2,N,,0
LD10922,Instagram Ads,Full Stack Development,Mumbai,50k+,91,2026-06-16,7.1,1,N,,0
LD10923,LinkedIn,Python for Data Analysis,Mumbai,<15k,54,2026-04-20,41.0,2,N,,0
LD10924,Walk-in,Digital Marketing,Ahmedabad,<15k,68,2026-07-04,0.4,3,N,,0
LD10925,Organic Search,Digital Marketing,Hyderabad,30k-50k,40,2026-04-25,0.0,2,Y,2026-05-04,42836
LD10926,Instagram Ads,Python for Data Analysis,Mumbai,<15k,48,2026-01-23,0.4,1,N,,0
LD10927,Google Ads,Business Analytics,Kolkata,30k-50k,28,2026-02-28,4.7,5,N,,0
LD10928,Google Ads,Business Analytics,Mumbai,15k-30k,19,2026-04-07,35.0,3,N,,0
LD10929,Google Ads,Business Analytics,Chennai,<15k,36,2026-05-18,4.2,3,N,,0
LD10930,Referral,Power BI & Tableau,Pune,30k-50k,85,2025-11-24,10.4,1,N,,0
LD10931,Referral,Digital Marketing,Delhi NCR,30k-50k,76,2026-01-19,32.1,2,N,,0
LD10932,Google Ads,Power BI & Tableau,Hyderabad,30k-50k,33,2026-05-23,12.3,2,N,,0
LD10933,Instagram Ads,Business Analytics,Bengaluru,50k+,25,2025-12-17,1.0,1,N,,0
LD10934,Instagram Ads,Digital Marketing,Pune,15k-30k,75,2025-12-06,7.6,1,N,,0
LD10935,Instagram Ads,Business Analytics,Chennai,15k-30k,98,2026-03-27,50.7,5,N,,0
LD10936,Instagram Ads,Business Analytics,Ahmedabad,50k+,17,2026-07-23,31.1,2,N,,0
LD10937,Instagram Ads,Business Analytics,Kolkata,30k-50k,58,2026-03-24,12.6,6,N,,0
LD10938,Instagram Ads,Python for Data Analysis,Hyderabad,50k+,74,2026-07-07,29.3,0,N,,0
LD10939,Instagram Ads,Full Stack Development,Kolkata,<15k,70,2026-06-14,28.6,4,N,,0
LD10940,Instagram Ads,Power BI & Tableau,Chennai,30k-50k,32,2026-01-09,9.5,3,N,,0
LD10941,Instagram Ads,Python for Data Analysis,Chennai,50k+,30,2026-06-13,34.6,5,N,,0
LD10942,Referral,Power BI & Tableau,Hyderabad,<15k,38,2026-03-11,15.8,3,N,,0
LD10943,Instagram Ads,Full Stack Development,Chennai,50k+,42,2026-06-08,8.6,4,N,,0
LD10944,Referral,Data Science Bootcamp,Mumbai,50k+,57,2026-05-22,19.9,2,N,,0
LD10945,Google Ads,Python for Data Analysis,Ahmedabad,15k-30k,73,2026-01-31,2.5,2,N,,0
LD10946,Referral,Digital Marketing,Delhi NCR,30k-50k,51,2025-12-01,3.2,5,N,,0
LD10947,Instagram Ads,Digital Marketing,Ahmedabad,15k-30k,83,2026-07-20,4.3,4,N,,0
LD10948,Organic Search,Digital Marketing,Bengaluru,<15k,50,2025-12-08,4.7,2,N,,0
LD10949,Instagram Ads,Data Science Bootcamp,Bengaluru,50k+,16,2026-07-21,10.9,3,N,,0
LD10950,Instagram Ads,Data Science Bootcamp,Ahmedabad,15k-30k,74,2026-06-22,21.3,0,N,,0
LD10951,Google Ads,Python for Data Analysis,Kolkata,<15k,74,2026-05-16,18.2,4,N,,0
LD10952,LinkedIn,Business Analytics,Delhi NCR,15k-30k,52,2026-07-25,29.1,2,N,,0
LD10953,Instagram Ads,Business Analytics,Hyderabad,30k-50k,58,2026-07-22,13.4,3,Y,2026-07-25,42840
LD10954,Google Ads,Full Stack Development,Delhi NCR,30k-50k,50,2026-06-07,65.0,2,N,,0
LD10955,Google Ads,Data Science Bootcamp,Pune,30k-50k,52,2026-02-07,1.9,1,N,,0
LD10956,Organic Search,Data Science Bootcamp,Delhi NCR,50k+,51,2026-06-03,29.1,2,N,,0
LD10957,Referral,Full Stack Development,Kolkata,15k-30k,13,2025-11-03,18.0,2,N,,0
LD10958,Referral,Full Stack Development,Hyderabad,<15k,50,2026-03-26,10.3,4,N,,0
LD10959,Referral,Data Science Bootcamp,Ahmedabad,15k-30k,49,2026-03-04,8.3,2,N,,0
LD10960,Organic Search,Data Science Bootcamp,Mumbai,15k-30k,51,2026-05-02,54.1,1,N,,0
LD10961,LinkedIn,Power BI & Tableau,Bengaluru,50k+,49,2026-05-02,10.5,4,N,,0
LD10962,LinkedIn,Data Science Bootcamp,Hyderabad,30k-50k,28,2026-04-08,80.0,1,N,,0
LD10963,Referral,Python for Data Analysis,Ahmedabad,15k-30k,23,2026-06-12,4.0,4,N,,0
LD10964,Instagram Ads,Data Science Bootcamp,Kolkata,15k-30k,41,2026-07-14,3.4,3,N,,0
LD10965,Google Ads,Data Science Bootcamp,Hyderabad,<15k,65,2025-11-29,0.0,3,N,,0
LD10966,Google Ads,Digital Marketing,Delhi NCR,30k-50k,81,2026-01-02,20.6,1,N,,0
LD10967,Referral,Business Analytics,Pune,50k+,64,2025-11-06,6.1,3,Y,2025-11-09,65444
LD10968,LinkedIn,Full Stack Development,Hyderabad,15k-30k,50,2026-06-29,2.0,4,N,,0
LD10969,Organic Search,Power BI & Tableau,Pune,<15k,25,2026-04-02,59.2,2,N,,0
LD10970,Organic Search,Python for Data Analysis,Mumbai,30k-50k,28,2026-07-07,10.3,4,N,,0
LD10971,Google Ads,Full Stack Development,Kolkata,15k-30k,46,2025-12-30,4.8,1,N,,0
LD10972,Referral,Power BI & Tableau,Mumbai,50k+,43,2025-11-17,8.2,3,N,,0
LD10973,Google Ads,Data Science Bootcamp,Pune,<15k,47,2026-06-12,20.4,2,N,,0
LD10974,Google Ads,Data Science Bootcamp,Chennai,50k+,29,2026-07-06,19.6,1,Y,2026-07-09,60549
LD10975,Instagram Ads,Python for Data Analysis,Pune,30k-50k,13,2026-01-21,25.7,0,N,,0
LD10976,Referral,Business Analytics,Hyderabad,30k-50k,74,2026-02-19,6.8,3,Y,2026-03-07,38799
LD10977,Referral,Business Analytics,Bengaluru,30k-50k,50,2025-12-08,8.0,2,N,,0
LD10978,Referral,Full Stack Development,Mumbai,30k-50k,26,2026-07-16,1.8,4,N,,0
LD10979,Organic Search,Power BI & Tableau,Kolkata,15k-30k,70,2026-01-22,0.4,3,N,,0
LD10980,Walk-in,Digital Marketing,Mumbai,<15k,58,2026-03-14,69.1,0,N,,0
LD10981,Google Ads,Python for Data Analysis,Hyderabad,50k+,66,2025-11-26,35.4,4,Y,2025-12-08,58681
LD10982,Organic Search,Business Analytics,Hyderabad,50k+,41,2026-06-30,8.2,3,Y,2026-07-07,65268
LD10983,Organic Search,Power BI & Tableau,Chennai,<15k,47,2025-12-07,12.8,2,N,,0
LD10984,LinkedIn,Digital Marketing,Kolkata,15k-30k,71,2026-03-03,10.5,0,Y,2026-03-08,24065
LD10985,Organic Search,Power BI & Tableau,Chennai,50k+,41,2026-05-02,1.3,4,N,,0
LD10986,Instagram Ads,Power BI & Tableau,Ahmedabad,15k-30k,71,2026-05-21,0.7,1,N,,0
LD10987,Google Ads,Data Science Bootcamp,Hyderabad,<15k,23,2026-07-16,12.8,2,N,,0
LD10988,LinkedIn,Data Science Bootcamp,Mumbai,30k-50k,86,2026-02-22,24.7,3,N,,0
LD10989,Google Ads,Data Science Bootcamp,Kolkata,<15k,68,2026-05-21,1.2,4,N,,0
LD10990,Google Ads,Power BI & Tableau,Kolkata,30k-50k,83,2025-12-12,27.7,6,N,,0
LD10991,Google Ads,Python for Data Analysis,Hyderabad,50k+,97,2026-02-21,62.0,2,N,,0
LD10992,Instagram Ads,Full Stack Development,Delhi NCR,15k-30k,45,2025-11-27,34.4,2,N,,0
LD10993,Referral,Data Science Bootcamp,Hyderabad,30k-50k,49,2026-03-13,1.0,2,N,,0
LD10994,Organic Search,Power BI & Tableau,Pune,15k-30k,24,2026-02-19,10.7,3,N,,0
LD10995,Google Ads,Power BI & Tableau,Kolkata,30k-50k,63,2026-07-17,24.5,2,N,,0
LD10996,Referral,Power BI & Tableau,Delhi NCR,<15k,25,2025-11-08,3.4,5,N,,0
LD10997,Instagram Ads,Full Stack Development,Mumbai,50k+,69,2026-02-09,16.8,3,N,,0
LD10998,LinkedIn,Data Science Bootcamp,Hyderabad,15k-30k,87,2026-03-01,56.6,5,Y,2026-03-03,22042
LD10999,Google Ads,Python for Data Analysis,Ahmedabad,<15k,85,2026-07-17,10.7,3,N,,0
LD11000,Referral,Power BI & Tableau,Delhi NCR,<15k,63,2026-06-21,5.3,1,Y,2026-06-24,11080
LD11001,Walk-in,Full Stack Development,Hyderabad,15k-30k,41,2025-11-27,6.6,1,N,,0
LD11002,Walk-in,Data Science Bootcamp,Bengaluru,15k-30k,57,2026-05-06,5.1,1,N,,0
LD11003,Google Ads,Business Analytics,Chennai,50k+,67,2026-03-28,5.7,3,N,,0
LD11004,Instagram Ads,Power BI & Tableau,Pune,30k-50k,91,2026-07-24,27.7,3,N,,0
LD11005,Instagram Ads,Digital Marketing,Delhi NCR,15k-30k,46,2026-02-05,18.5,5,N,,0
LD11006,Google Ads,Full Stack Development,Bengaluru,<15k,23,2026-02-16,0.3,2,N,,0
LD11007,LinkedIn,Digital Marketing,Delhi NCR,50k+,57,2025-12-21,22.0,2,N,,0
LD11008,Organic Search,Power BI & Tableau,Delhi NCR,<15k,53,2025-12-03,26.1,1,N,,0
LD11009,Instagram Ads,Full Stack Development,Ahmedabad,<15k,29,2026-06-19,29.9,3,N,,0
LD11010,Google Ads,Python for Data Analysis,Bengaluru,30k-50k,59,2026-03-04,6.7,2,N,,0
LD11011,Instagram Ads,Python for Data Analysis,Chennai,15k-30k,81,2026-04-29,16.3,2,N,,0
LD11012,Google Ads,Business Analytics,Hyderabad,30k-50k,73,2026-04-24,5.2,6,N,,0
LD11013,Referral,Power BI & Tableau,Mumbai,<15k,83,2026-04-12,0.4,5,N,,0
LD11014,Google Ads,Full Stack Development,Bengaluru,<15k,60,2025-11-05,2.6,7,N,,0
LD11015,LinkedIn,Data Science Bootcamp,Bengaluru,15k-30k,34,2026-06-02,8.4,1,N,,0
LD11016,Organic Search,Python for Data Analysis,Kolkata,30k-50k,90,2026-01-05,1.3,5,N,,0
LD11017,Google Ads,Business Analytics,Bengaluru,15k-30k,24,2025-12-04,14.1,4,N,,0
LD11018,LinkedIn,Power BI & Tableau,Mumbai,50k+,39,2026-04-03,1.3,2,Y,2026-04-06,68489
LD11019,LinkedIn,Digital Marketing,Kolkata,15k-30k,54,2025-11-18,4.5,6,N,,0
LD11020,Organic Search,Full Stack Development,Delhi NCR,30k-50k,54,2026-05-27,14.1,4,N,,0
LD11021,LinkedIn,Data Science Bootcamp,Hyderabad,30k-50k,72,2025-12-26,3.0,3,N,,0
LD11022,LinkedIn,Power BI & Tableau,Pune,<15k,61,2025-12-28,89.7,1,N,,0
LD11023,Walk-in,Business Analytics,Kolkata,<15k,55,2026-06-25,1.9,0,N,,0
LD11024,Instagram Ads,Data Science Bootcamp,Delhi NCR,50k+,28,2026-01-28,16.7,3,N,,0
LD11025,Instagram Ads,Digital Marketing,Hyderabad,30k-50k,85,2025-12-10,0.6,4,N,,0
LD11026,Google Ads,Power BI & Tableau,Bengaluru,50k+,86,2026-07-03,5.8,3,Y,2026-07-12,61278
LD11027,Instagram Ads,Digital Marketing,Delhi NCR,15k-30k,88,2025-10-31,9.6,2,N,,0
LD11028,Instagram Ads,Power BI & Tableau,Mumbai,30k-50k,8,2026-06-22,38.2,2,N,,0
LD11029,Referral,Python for Data Analysis,Ahmedabad,30k-50k,54,2025-12-09,14.7,2,Y,2025-12-10,38604
LD11030,Instagram Ads,Business Analytics,Pune,15k-30k,32,2025-12-05,22.3,2,N,,0
LD11031,Instagram Ads,Data Science Bootcamp,Bengaluru,50k+,42,2026-01-07,16.8,3,N,,0
LD11032,Organic Search,Business Analytics,Bengaluru,30k-50k,43,2025-12-17,5.5,0,N,,0
LD11033,Referral,Digital Marketing,Kolkata,<15k,39,2026-04-29,59.3,5,N,,0
LD11034,Organic Search,Full Stack Development,Hyderabad,30k-50k,37,2025-11-07,12.6,1,N,,0
LD11035,Google Ads,Business Analytics,Kolkata,15k-30k,39,2025-11-04,19.6,7,N,,0
LD11036,LinkedIn,Python for Data Analysis,Pune,<15k,69,2026-06-03,23.2,2,N,,0
LD11037,Instagram Ads,Full Stack Development,Hyderabad,30k-50k,54,2026-01-03,24.5,2,Y,2026-01-04,40726
LD11038,Referral,Data Science Bootcamp,Kolkata,15k-30k,59,2026-01-27,9.8,1,N,,0
LD11039,Referral,Full Stack Development,Ahmedabad,30k-50k,59,2025-12-17,2.9,1,Y,2025-12-20,37388
LD11040,Walk-in,Full Stack Development,Hyderabad,<15k,38,2025-11-14,34.7,2,N,,0
LD11041,Instagram Ads,Power BI & Tableau,Kolkata,15k-30k,49,2026-05-21,20.0,4,N,,0
LD11042,Instagram Ads,Data Science Bootcamp,Kolkata,<15k,35,2026-03-23,5.5,3,N,,0
LD11043,Instagram Ads,Full Stack Development,Mumbai,15k-30k,46,2026-05-22,26.7,1,N,,0
LD11044,Referral,Digital Marketing,Chennai,30k-50k,71,2026-03-10,11.5,2,N,,0
LD11045,LinkedIn,Python for Data Analysis,Chennai,30k-50k,34,2026-05-31,1.1,2,N,,0
LD11046,Instagram Ads,Python for Data Analysis,Mumbai,30k-50k,49,2026-03-20,11.7,6,N,,0
LD11047,Instagram Ads,Data Science Bootcamp,Pune,15k-30k,80,2025-11-29,2.4,3,N,,0
LD11048,Google Ads,Power BI & Tableau,Pune,<15k,74,2026-03-17,15.5,1,N,,0
LD11049,Instagram Ads,Data Science Bootcamp,Ahmedabad,15k-30k,38,2026-07-16,1.4,4,N,,0
LD11050,Organic Search,Python for Data Analysis,Kolkata,30k-50k,29,2025-11-11,12.9,1,N,,0
LD11051,Referral,Data Science Bootcamp,Mumbai,30k-50k,77,2026-06-01,45.5,0,N,,0
LD11052,LinkedIn,Python for Data Analysis,Ahmedabad,30k-50k,59,2026-06-24,0.3,4,N,,0
LD11053,Google Ads,Digital Marketing,Hyderabad,<15k,93,2026-03-22,0.5,2,N,,0
LD11054,LinkedIn,Business Analytics,Bengaluru,30k-50k,78,2026-03-05,35.5,1,N,,0
LD11055,Google Ads,Business Analytics,Pune,30k-50k,49,2026-07-21,15.0,3,N,,0
LD11056,Instagram Ads,Data Science Bootcamp,Chennai,15k-30k,41,2025-11-16,15.8,1,N,,0
LD11057,LinkedIn,Python for Data Analysis,Delhi NCR,<15k,70,2026-03-10,21.1,3,N,,0
LD11058,Google Ads,Digital Marketing,Bengaluru,15k-30k,44,2026-02-17,0.2,1,N,,0
LD11059,Instagram Ads,Python for Data Analysis,Mumbai,50k+,72,2026-05-06,51.7,6,N,,0
LD11060,Organic Search,Data Science Bootcamp,Hyderabad,50k+,96,2026-03-13,27.0,2,N,,0
LD11061,Referral,Business Analytics,Bengaluru,<15k,77,2026-07-06,31.8,3,N,,0
LD11062,Referral,Data Science Bootcamp,Pune,15k-30k,62,2025-11-20,16.2,1,N,,0
LD11063,Google Ads,Business Analytics,Chennai,50k+,23,2025-11-22,4.6,3,N,,0
LD11064,Google Ads,Full Stack Development,Delhi NCR,<15k,36,2026-04-15,35.9,5,N,,0
LD11065,Instagram Ads,Data Science Bootcamp,Hyderabad,<15k,16,2025-11-17,31.3,0,N,,0
LD11066,Referral,Business Analytics,Pune,50k+,70,2026-01-14,34.3,4,Y,2026-01-20,67099
LD11067,Referral,Data Science Bootcamp,Hyderabad,30k-50k,59,2026-04-21,24.0,1,N,,0
LD11068,Instagram Ads,Data Science Bootcamp,Bengaluru,50k+,36,2026-03-29,10.1,4,N,,0
LD11069,Referral,Business Analytics,Kolkata,50k+,36,2026-01-27,18.3,1,N,,0
LD11070,LinkedIn,Python for Data Analysis,Kolkata,<15k,84,2026-07-29,15.9,2,N,,0
LD11071,Google Ads,Full Stack Development,Pune,50k+,90,2026-03-24,13.0,2,N,,0
LD11072,Referral,Digital Marketing,Pune,15k-30k,58,2026-03-03,7.5,4,N,,0
LD11073,Instagram Ads,Digital Marketing,Ahmedabad,30k-50k,57,2026-04-14,1.0,1,N,,0
LD11074,LinkedIn,Business Analytics,Mumbai,<15k,49,2025-11-27,11.9,3,N,,0
LD11075,Walk-in,Full Stack Development,Ahmedabad,30k-50k,43,2026-05-10,10.0,4,N,,0
LD11076,Organic Search,Python for Data Analysis,Bengaluru,50k+,61,2026-06-20,4.3,1,N,,0
LD11077,Instagram Ads,Data Science Bootcamp,Kolkata,30k-50k,81,2026-04-26,11.0,0,N,,0
LD11078,Referral,Business Analytics,Mumbai,50k+,16,2026-05-28,30.8,1,N,,0
LD11079,Referral,Full Stack Development,Bengaluru,15k-30k,63,2026-05-15,54.1,2,N,,0
LD11080,Referral,Python for Data Analysis,Ahmedabad,30k-50k,65,2025-12-28,11.2,2,Y,2026-01-13,42013
LD11081,Google Ads,Power BI & Tableau,Chennai,50k+,47,2026-03-03,13.1,5,N,,0
LD11082,Organic Search,Power BI & Tableau,Kolkata,30k-50k,13,2026-01-01,7.2,3,N,,0
LD11083,Google Ads,Digital Marketing,Bengaluru,15k-30k,78,2026-01-31,1.3,4,N,,0
LD11084,Google Ads,Digital Marketing,Bengaluru,15k-30k,17,2026-03-03,22.7,1,N,,0
LD11085,LinkedIn,Digital Marketing,Ahmedabad,<15k,100,2026-02-21,4.5,5,N,,0
LD11086,Walk-in,Power BI & Tableau,Mumbai,30k-50k,43,2025-11-25,35.7,6,N,,0
LD11087,Organic Search,Business Analytics,Mumbai,<15k,60,2026-02-24,54.1,3,N,,0
LD11088,Google Ads,Full Stack Development,Delhi NCR,15k-30k,84,2026-04-30,11.8,2,N,,0
LD11089,Referral,Power BI & Tableau,Mumbai,<15k,95,2026-02-10,23.8,3,N,,0
LD11090,Instagram Ads,Power BI & Tableau,Chennai,50k+,96,2025-12-11,12.3,1,N,,0
LD11091,Referral,Business Analytics,Mumbai,15k-30k,44,2026-07-09,19.4,7,N,,0
LD11092,Instagram Ads,Power BI & Tableau,Chennai,30k-50k,39,2025-11-18,34.8,0,N,,0
LD11093,Instagram Ads,Power BI & Tableau,Chennai,<15k,16,2026-06-15,4.0,3,N,,0
LD11094,Organic Search,Power BI & Tableau,Mumbai,15k-30k,25,2025-11-25,21.8,2,N,,0
LD11095,LinkedIn,Python for Data Analysis,Pune,30k-50k,69,2025-11-26,42.2,0,N,,0
LD11096,Google Ads,Python for Data Analysis,Hyderabad,<15k,91,2026-05-20,16.5,2,N,,0
LD11097,Organic Search,Data Science Bootcamp,Mumbai,15k-30k,48,2026-06-09,28.3,3,N,,0
LD11098,Referral,Data Science Bootcamp,Bengaluru,50k+,53,2026-03-31,43.5,2,N,,0
LD11099,Referral,Digital Marketing,Pune,15k-30k,88,2026-04-09,5.6,6,N,,0
LD11100,Instagram Ads,Digital Marketing,Chennai,15k-30k,48,2026-04-02,1.9,5,N,,0
LD11101,LinkedIn,Data Science Bootcamp,Pune,<15k,57,2026-01-28,12.1,2,N,,0
LD11102,Google Ads,Power BI & Tableau,Hyderabad,15k-30k,46,2025-12-03,26.5,2,N,,0
LD11103,Instagram Ads,Power BI & Tableau,Hyderabad,30k-50k,33,2026-02-04,10.9,4,N,,0
LD11104,Google Ads,Digital Marketing,Hyderabad,50k+,35,2026-04-30,6.7,4,N,,0
LD11105,Referral,Digital Marketing,Chennai,30k-50k,56,2026-05-23,0.4,1,Y,2026-06-06,41858
LD11106,Referral,Business Analytics,Kolkata,15k-30k,58,2026-06-24,30.9,2,N,,0
LD11107,Referral,Full Stack Development,Chennai,50k+,79,2026-05-15,15.0,6,N,,0
LD11108,Organic Search,Business Analytics,Mumbai,30k-50k,54,2026-07-22,2.7,2,N,,0
LD11109,Instagram Ads,Full Stack Development,Kolkata,15k-30k,44,2026-04-12,7.8,3,N,,0
LD11110,Organic Search,Digital Marketing,Pune,30k-50k,78,2026-02-03,4.2,3,N,,0
LD11111,Organic Search,Business Analytics,Kolkata,<15k,29,2026-04-06,4.2,5,N,,0
LD11112,Walk-in,Power BI & Tableau,Pune,<15k,44,2025-12-28,6.7,5,N,,0
LD11113,Organic Search,Power BI & Tableau,Mumbai,30k-50k,50,2026-04-28,35.9,3,Y,2026-05-09,42683
LD11114,Instagram Ads,Full Stack Development,Ahmedabad,<15k,61,2025-12-31,34.7,4,N,,0
LD11115,Referral,Business Analytics,Hyderabad,30k-50k,71,2025-11-29,13.6,5,N,,0
LD11116,LinkedIn,Business Analytics,Chennai,30k-50k,33,2026-06-18,6.4,0,N,,0
LD11117,Referral,Business Analytics,Chennai,<15k,70,2026-02-08,8.5,5,N,,0
LD11118,Instagram Ads,Python for Data Analysis,Delhi NCR,<15k,36,2026-05-27,0.2,2,N,,0
LD11119,Google Ads,Business Analytics,Hyderabad,15k-30k,59,2026-04-05,14.8,2,N,,0
LD11120,Referral,Digital Marketing,Hyderabad,30k-50k,23,2026-06-08,3.1,3,Y,2026-06-15,38115
LD11121,Referral,Full Stack Development,Bengaluru,<15k,50,2026-06-18,13.1,6,N,,0
LD11122,LinkedIn,Python for Data Analysis,Kolkata,50k+,78,2026-07-24,3.8,3,N,,0
LD11123,Instagram Ads,Business Analytics,Ahmedabad,50k+,42,2026-06-11,0.0,2,N,,0
LD11124,Instagram Ads,Python for Data Analysis,Kolkata,30k-50k,28,2026-04-16,63.5,3,N,,0
LD11125,Instagram Ads,Data Science Bootcamp,Mumbai,50k+,80,2026-04-24,3.8,4,Y,2026-05-04,64831
LD11126,LinkedIn,Business Analytics,Hyderabad,50k+,32,2025-11-07,55.7,6,N,,0
LD11127,LinkedIn,Data Science Bootcamp,Bengaluru,30k-50k,48,2026-07-11,30.4,3,N,,0
LD11128,LinkedIn,Digital Marketing,Hyderabad,30k-50k,42,2026-06-14,41.3,1,N,,0
LD11129,Instagram Ads,Data Science Bootcamp,Pune,30k-50k,33,2026-01-12,8.1,1,N,,0
LD11130,Google Ads,Python for Data Analysis,Hyderabad,15k-30k,44,2025-12-19,12.3,3,N,,0
LD11131,Referral,Power BI & Tableau,Chennai,<15k,24,2026-05-10,47.6,2,N,,0
LD11132,Referral,Power BI & Tableau,Bengaluru,50k+,70,2026-01-23,13.7,2,Y,2026-01-28,67864
LD11133,Referral,Python for Data Analysis,Kolkata,15k-30k,74,2026-01-31,9.1,4,Y,2026-03-04,23975
LD11134,Instagram Ads,Business Analytics,Hyderabad,<15k,53,2025-11-01,48.8,4,N,,0
LD11135,Instagram Ads,Digital Marketing,Mumbai,15k-30k,14,2026-06-25,16.2,2,N,,0
LD11136,Instagram Ads,Python for Data Analysis,Delhi NCR,30k-50k,47,2026-04-03,0.6,3,N,,0
LD11137,Referral,Digital Marketing,Hyderabad,15k-30k,69,2026-02-17,18.7,2,N,,0
LD11138,Instagram Ads,Data Science Bootcamp,Ahmedabad,50k+,88,2025-12-08,21.1,3,N,,0
LD11139,Google Ads,Business Analytics,Chennai,<15k,24,2026-04-21,31.3,1,N,,0
LD11140,Organic Search,Data Science Bootcamp,Hyderabad,50k+,32,2025-11-08,0.9,2,Y,2025-11-10,70769
LD11141,LinkedIn,Digital Marketing,Mumbai,50k+,42,2026-05-22,3.6,4,N,,0
LD11142,Google Ads,Data Science Bootcamp,Mumbai,<15k,84,2025-12-28,12.4,2,Y,2026-01-08,11210
LD11143,Instagram Ads,Business Analytics,Hyderabad,30k-50k,34,2026-02-22,19.1,4,N,,0
LD11144,Instagram Ads,Python for Data Analysis,Delhi NCR,<15k,71,2026-02-01,73.0,5,N,,0
LD11145,Google Ads,Python for Data Analysis,Ahmedabad,50k+,33,2026-02-09,24.4,4,N,,0
LD11146,Instagram Ads,Full Stack Development,Hyderabad,30k-50k,47,2026-05-15,19.7,3,N,,0
LD11147,Instagram Ads,Full Stack Development,Pune,50k+,85,2026-05-31,11.9,2,N,,0
LD11148,Referral,Digital Marketing,Chennai,50k+,33,2026-04-03,16.0,2,N,,0
LD11149,Instagram Ads,Business Analytics,Bengaluru,50k+,37,2025-11-23,13.2,5,Y,2025-11-26,68179
LD11150,Instagram Ads,Digital Marketing,Ahmedabad,50k+,37,2025-11-14,4.5,5,N,,0
LD11151,Referral,Digital Marketing,Delhi NCR,15k-30k,57,2025-12-12,53.2,1,Y,2025-12-15,23407
LD11152,Referral,Power BI & Tableau,Pune,<15k,13,2026-04-17,10.8,2,N,,0
LD11153,Walk-in,Full Stack Development,Hyderabad,<15k,59,2026-05-02,10.4,4,N,,0
LD11154,Organic Search,Full Stack Development,Kolkata,30k-50k,88,2026-01-13,4.4,3,Y,2026-01-18,38819
LD11155,Referral,Power BI & Tableau,Bengaluru,15k-30k,25,2026-04-29,3.7,3,N,,0
LD11156,Instagram Ads,Python for Data Analysis,Ahmedabad,50k+,54,2026-03-12,22.8,4,N,,0
LD11157,LinkedIn,Power BI & Tableau,Ahmedabad,15k-30k,63,2026-02-28,4.1,1,N,,0
LD11158,Organic Search,Digital Marketing,Kolkata,<15k,43,2026-01-13,24.7,2,N,,0
LD11159,Referral,Full Stack Development,Pune,<15k,63,2026-05-25,0.2,0,N,,0
LD11160,Organic Search,Data Science Bootcamp,Pune,50k+,72,2025-12-01,28.3,1,N,,0
LD11161,Google Ads,Business Analytics,Mumbai,15k-30k,61,2026-02-25,2.0,3,N,,0
LD11162,Instagram Ads,Business Analytics,Kolkata,<15k,28,2026-01-16,63.6,6,N,,0
LD11163,Google Ads,Data Science Bootcamp,Mumbai,50k+,24,2026-05-04,3.5,5,N,,0
LD11164,Organic Search,Full Stack Development,Delhi NCR,15k-30k,81,2026-03-12,50.0,2,N,,0
LD11165,Referral,Digital Marketing,Hyderabad,<15k,57,2026-05-01,0.4,2,N,,0
LD11166,Walk-in,Python for Data Analysis,Chennai,50k+,20,2025-11-12,18.7,4,N,,0
LD11167,Referral,Digital Marketing,Bengaluru,50k+,44,2026-02-15,28.1,4,N,,0
LD11168,Walk-in,Full Stack Development,Hyderabad,50k+,69,2026-04-12,21.5,3,N,,0
LD11169,Organic Search,Python for Data Analysis,Pune,15k-30k,85,2025-11-02,20.4,3,N,,0
LD11170,Google Ads,Power BI & Tableau,Hyderabad,<15k,59,2026-01-21,40.6,2,Y,2026-02-06,11387
LD11171,Organic Search,Power BI & Tableau,Delhi NCR,<15k,77,2025-12-27,30.0,4,N,,0
LD11172,Referral,Power BI & Tableau,Kolkata,30k-50k,49,2025-12-07,12.6,2,N,,0
LD11173,LinkedIn,Digital Marketing,Ahmedabad,50k+,36,2026-01-08,11.8,1,N,,0
LD11174,Referral,Power BI & Tableau,Bengaluru,50k+,45,2026-01-28,48.7,2,N,,0
LD11175,Instagram Ads,Business Analytics,Kolkata,30k-50k,38,2025-11-02,43.5,2,N,,0
LD11176,Instagram Ads,Business Analytics,Bengaluru,50k+,41,2026-05-22,1.1,4,N,,0
LD11177,Walk-in,Python for Data Analysis,Mumbai,30k-50k,46,2025-12-17,1.0,4,N,,0
LD11178,Organic Search,Data Science Bootcamp,Delhi NCR,50k+,59,2026-02-11,23.5,2,N,,0
LD11179,Instagram Ads,Digital Marketing,Chennai,<15k,51,2026-05-11,0.4,2,N,,0
LD11180,Instagram Ads,Digital Marketing,Delhi NCR,30k-50k,69,2026-03-16,3.3,0,N,,0
LD11181,LinkedIn,Python for Data Analysis,Mumbai,<15k,21,2026-06-15,1.8,3,N,,0
LD11182,Referral,Business Analytics,Ahmedabad,30k-50k,45,2026-06-08,17.1,1,N,,0
LD11183,Walk-in,Digital Marketing,Kolkata,30k-50k,53,2025-11-19,32.5,3,N,,0
LD11184,LinkedIn,Power BI & Tableau,Mumbai,<15k,35,2026-06-23,24.9,2,N,,0
LD11185,Google Ads,Python for Data Analysis,Kolkata,15k-30k,66,2025-11-11,5.3,2,N,,0
LD11186,Google Ads,Full Stack Development,Chennai,50k+,0,2025-11-05,5.2,2,N,,0
LD11187,Organic Search,Data Science Bootcamp,Hyderabad,15k-30k,89,2026-07-09,4.8,4,Y,2026-07-19,20397
LD11188,Instagram Ads,Digital Marketing,Pune,50k+,65,2026-06-23,67.2,2,N,,0
LD11189,Google Ads,Power BI & Tableau,Pune,<15k,17,2026-04-06,31.9,4,N,,0
LD11190,Instagram Ads,Business Analytics,Bengaluru,15k-30k,67,2026-04-05,30.5,4,N,,0
LD11191,LinkedIn,Business Analytics,Ahmedabad,<15k,35,2026-05-12,52.8,2,N,,0
LD11192,Google Ads,Data Science Bootcamp,Mumbai,30k-50k,44,2026-02-22,36.1,0,N,,0
LD11193,Organic Search,Digital Marketing,Ahmedabad,30k-50k,49,2025-12-01,25.6,5,N,,0
LD11194,Instagram Ads,Power BI & Tableau,Hyderabad,50k+,45,2025-11-05,43.2,0,N,,0
LD11195,Instagram Ads,Full Stack Development,Mumbai,<15k,60,2026-01-27,43.8,3,N,,0
LD11196,LinkedIn,Digital Marketing,Ahmedabad,50k+,69,2026-06-06,6.2,3,Y,2026-06-12,68433
LD11197,Referral,Business Analytics,Chennai,50k+,51,2026-04-17,4.8,0,N,,0
LD11198,Google Ads,Digital Marketing,Delhi NCR,15k-30k,82,2026-06-15,13.4,4,N,,0
LD11199,Instagram Ads,Full Stack Development,Delhi NCR,<15k,81,2026-07-09,15.8,1,N,,0
LD11200,Referral,Data Science Bootcamp,Bengaluru,50k+,77,2025-11-24,40.4,5,Y,2025-11-29,59238
LD11201,Walk-in,Business Analytics,Mumbai,15k-30k,85,2026-06-18,16.0,3,N,,0
LD11202,Organic Search,Full Stack Development,Mumbai,15k-30k,70,2026-01-05,4.6,1,N,,0
LD11203,LinkedIn,Digital Marketing,Bengaluru,50k+,58,2026-04-09,31.7,3,N,,0
LD11204,Organic Search,Full Stack Development,Ahmedabad,<15k,55,2026-03-23,4.5,2,N,,0
LD11205,Instagram Ads,Business Analytics,Bengaluru,15k-30k,39,2026-02-16,0.7,2,N,,0
LD11206,Instagram Ads,Business Analytics,Delhi NCR,30k-50k,59,2026-01-23,5.2,2,N,,0
LD11207,Google Ads,Full Stack Development,Kolkata,30k-50k,61,2026-01-31,33.8,5,N,,0
LD11208,Referral,Python for Data Analysis,Ahmedabad,30k-50k,38,2026-01-29,0.6,6,N,,0
LD11209,Google Ads,Digital Marketing,Ahmedabad,15k-30k,47,2025-12-15,39.5,2,N,,0
LD11210,Instagram Ads,Digital Marketing,Hyderabad,50k+,81,2026-03-19,41.7,5,N,,0
LD11211,Google Ads,Data Science Bootcamp,Delhi NCR,30k-50k,22,2025-12-01,7.6,3,N,,0
LD11212,Instagram Ads,Digital Marketing,Ahmedabad,<15k,56,2026-03-19,25.9,5,N,,0
LD11213,Referral,Data Science Bootcamp,Delhi NCR,30k-50k,26,2026-07-05,12.3,3,Y,2026-07-21,37815
LD11214,Walk-in,Full Stack Development,Delhi NCR,30k-50k,73,2026-02-03,22.7,2,N,,0
LD11215,Instagram Ads,Digital Marketing,Mumbai,30k-50k,44,2026-05-17,6.6,2,Y,2026-05-24,43807
LD11216,Google Ads,Business Analytics,Bengaluru,15k-30k,64,2026-06-11,2.3,5,Y,2026-06-19,22990
LD11217,Walk-in,Power BI & Tableau,Chennai,50k+,91,2026-06-10,5.4,0,N,,0
LD11218,Instagram Ads,Full Stack Development,Bengaluru,15k-30k,62,2026-01-03,5.5,5,N,,0
LD11219,Google Ads,Full Stack Development,Delhi NCR,50k+,15,2025-12-09,32.0,2,N,,0
LD11220,Walk-in,Digital Marketing,Kolkata,50k+,49,2025-12-23,3.1,2,N,,0
LD11221,Instagram Ads,Python for Data Analysis,Mumbai,<15k,55,2026-04-13,0.7,2,N,,0
LD11222,Instagram Ads,Digital Marketing,Ahmedabad,15k-30k,100,2026-05-26,20.6,4,N,,0
LD11223,Google Ads,Full Stack Development,Delhi NCR,30k-50k,54,2026-04-27,6.7,4,N,,0
LD11224,LinkedIn,Business Analytics,Delhi NCR,15k-30k,71,2025-12-18,8.0,5,Y,2025-12-22,20234
LD11225,Referral,Data Science Bootcamp,Pune,50k+,77,2026-05-29,2.8,1,N,,0
LD11226,Walk-in,Full Stack Development,Pune,30k-50k,31,2026-03-14,37.3,1,N,,0
LD11227,LinkedIn,Full Stack Development,Hyderabad,30k-50k,64,2026-05-24,30.9,2,N,,0
LD11228,LinkedIn,Business Analytics,Mumbai,30k-50k,60,2026-05-26,6.7,3,N,,0
LD11229,Referral,Full Stack Development,Kolkata,30k-50k,22,2026-03-02,11.7,2,N,,0
LD11230,Instagram Ads,Digital Marketing,Delhi NCR,30k-50k,61,2026-07-10,4.0,2,N,,0
LD11231,LinkedIn,Power BI & Tableau,Ahmedabad,30k-50k,64,2026-04-03,22.4,2,N,,0
LD11232,Google Ads,Data Science Bootcamp,Bengaluru,50k+,44,2026-04-22,7.8,3,N,,0
LD11233,LinkedIn,Full Stack Development,Ahmedabad,<15k,39,2026-04-19,10.3,5,N,,0
LD11234,Google Ads,Business Analytics,Kolkata,<15k,52,2026-06-23,1.9,5,N,,0
LD11235,LinkedIn,Power BI & Tableau,Kolkata,30k-50k,54,2026-04-20,8.2,5,Y,2026-04-26,42512
LD11236,Organic Search,Data Science Bootcamp,Pune,15k-30k,57,2025-12-11,28.0,4,Y,2026-01-06,23620
LD11237,LinkedIn,Business Analytics,Kolkata,30k-50k,55,2025-11-18,39.1,3,N,,0
LD11238,Referral,Power BI & Tableau,Pune,50k+,88,2026-02-28,12.2,1,Y,2026-03-02,71148
LD11239,Instagram Ads,Digital Marketing,Hyderabad,15k-30k,41,2026-01-21,5.6,3,N,,0
LD11240,Walk-in,Python for Data Analysis,Pune,30k-50k,69,2026-01-13,31.4,2,N,,0
LD11241,Instagram Ads,Digital Marketing,Bengaluru,<15k,49,2025-11-15,10.7,4,N,,0
LD11242,Referral,Python for Data Analysis,Mumbai,30k-50k,59,2026-03-18,11.5,3,N,,0
LD11243,Google Ads,Business Analytics,Ahmedabad,15k-30k,49,2026-01-23,21.3,5,N,,0
LD11244,Organic Search,Data Science Bootcamp,Kolkata,15k-30k,95,2026-03-03,54.8,5,Y,2026-03-09,22022
LD11245,Referral,Full Stack Development,Kolkata,50k+,78,2025-11-15,65.7,3,N,,0
LD11246,Referral,Python for Data Analysis,Kolkata,50k+,44,2026-06-15,34.5,3,N,,0
LD11247,Instagram Ads,Data Science Bootcamp,Mumbai,<15k,58,2025-11-20,12.0,3,N,,0
LD11248,Instagram Ads,Full Stack Development,Bengaluru,30k-50k,66,2026-06-23,0.2,1,N,,0
LD11249,Instagram Ads,Digital Marketing,Bengaluru,15k-30k,37,2026-06-21,13.5,2,N,,0
LD11250,Google Ads,Full Stack Development,Mumbai,<15k,77,2026-04-16,10.9,3,N,,0
LD11251,Google Ads,Business Analytics,Delhi NCR,30k-50k,70,2026-03-18,10.5,6,N,,0
LD11252,Google Ads,Business Analytics,Kolkata,<15k,62,2026-03-06,26.0,1,N,,0
LD11253,Instagram Ads,Power BI & Tableau,Pune,30k-50k,26,2026-03-31,24.8,2,N,,0
LD11254,Instagram Ads,Data Science Bootcamp,Delhi NCR,<15k,93,2026-06-04,14.9,2,N,,0
LD11255,Organic Search,Digital Marketing,Chennai,50k+,14,2026-07-02,42.4,4,N,,0
LD11256,Referral,Python for Data Analysis,Chennai,15k-30k,28,2026-03-02,25.0,2,N,,0
LD11257,Walk-in,Python for Data Analysis,Mumbai,30k-50k,56,2026-06-09,2.3,2,N,,0
LD11258,Google Ads,Business Analytics,Bengaluru,50k+,52,2026-04-26,47.5,4,N,,0
LD11259,LinkedIn,Business Analytics,Pune,15k-30k,54,2026-01-26,67.5,3,N,,0
LD11260,Referral,Business Analytics,Pune,<15k,60,2026-03-09,7.0,3,N,,0
LD11261,Referral,Data Science Bootcamp,Bengaluru,30k-50k,27,2025-12-11,9.5,5,Y,2025-12-19,43290
LD11262,Google Ads,Python for Data Analysis,Bengaluru,30k-50k,52,2025-11-16,4.2,6,N,,0
LD11263,Google Ads,Power BI & Tableau,Hyderabad,<15k,27,2025-11-28,12.9,3,N,,0
LD11264,LinkedIn,Full Stack Development,Bengaluru,<15k,36,2026-07-03,59.0,4,N,,0
LD11265,Organic Search,Full Stack Development,Kolkata,<15k,38,2026-02-01,4.5,4,N,,0
LD11266,LinkedIn,Python for Data Analysis,Hyderabad,50k+,72,2026-05-14,11.6,2,N,,0
LD11267,LinkedIn,Power BI & Tableau,Ahmedabad,30k-50k,8,2026-03-17,88.3,7,N,,0
LD11268,Google Ads,Full Stack Development,Mumbai,15k-30k,88,2025-12-17,0.9,3,Y,2025-12-19,22900
LD11269,Instagram Ads,Full Stack Development,Delhi NCR,<15k,63,2026-01-06,43.1,1,N,,0
LD11270,Instagram Ads,Python for Data Analysis,Delhi NCR,<15k,61,2026-02-27,6.0,4,N,,0
LD11271,Google Ads,Power BI & Tableau,Kolkata,15k-30k,58,2026-02-27,1.3,3,N,,0
LD11272,Google Ads,Data Science Bootcamp,Delhi NCR,<15k,58,2026-03-22,23.4,2,N,,0
LD11273,Walk-in,Data Science Bootcamp,Ahmedabad,<15k,19,2025-12-13,1.8,4,N,,0
LD11274,Organic Search,Business Analytics,Delhi NCR,15k-30k,64,2026-02-09,64.7,0,N,,0
LD11275,Instagram Ads,Power BI & Tableau,Chennai,15k-30k,75,2026-01-16,0.2,2,N,,0
LD11276,Google Ads,Full Stack Development,Delhi NCR,50k+,55,2026-02-19,8.4,3,N,,0
LD11277,Organic Search,Business Analytics,Ahmedabad,<15k,41,2026-01-31,17.0,3,N,,0
LD11278,Organic Search,Business Analytics,Chennai,50k+,43,2026-04-12,4.7,5,Y,2026-04-16,66380
LD11279,Referral,Business Analytics,Bengaluru,<15k,39,2026-06-03,19.0,2,N,,0
LD11280,Instagram Ads,Full Stack Development,Hyderabad,<15k,79,2026-04-25,9.4,4,N,,0
LD11281,Google Ads,Power BI & Tableau,Pune,50k+,75,2025-11-17,16.4,3,N,,0
LD11282,Instagram Ads,Data Science Bootcamp,Hyderabad,<15k,38,2025-11-25,57.5,4,N,,0
LD11283,Instagram Ads,Digital Marketing,Ahmedabad,15k-30k,45,2026-05-04,22.7,4,N,,0
LD11284,Google Ads,Digital Marketing,Ahmedabad,30k-50k,34,2026-01-16,26.0,1,N,,0
LD11285,Instagram Ads,Data Science Bootcamp,Pune,<15k,80,2026-05-16,51.4,2,N,,0
LD11286,Referral,Data Science Bootcamp,Chennai,30k-50k,43,2026-04-28,25.5,3,N,,0
LD11287,Organic Search,Full Stack Development,Kolkata,30k-50k,56,2026-07-05,4.1,2,Y,2026-07-24,42814
LD11288,Referral,Full Stack Development,Hyderabad,<15k,93,2026-06-26,4.7,1,N,,0
LD11289,Referral,Data Science Bootcamp,Pune,<15k,73,2026-01-30,61.1,7,N,,0
LD11290,Instagram Ads,Full Stack Development,Chennai,15k-30k,59,2026-04-08,12.5,4,N,,0
LD11291,Instagram Ads,Digital Marketing,Delhi NCR,50k+,37,2025-12-08,30.3,3,N,,0
LD11292,Instagram Ads,Full Stack Development,Chennai,<15k,55,2026-02-03,25.2,2,N,,0
LD11293,Referral,Digital Marketing,Hyderabad,15k-30k,51,2026-07-22,5.9,4,Y,2026-07-26,22440
LD11294,Referral,Python for Data Analysis,Ahmedabad,50k+,67,2026-05-09,21.3,1,N,,0
LD11295,Instagram Ads,Digital Marketing,Ahmedabad,50k+,33,2026-02-15,34.8,2,N,,0
LD11296,Instagram Ads,Python for Data Analysis,Hyderabad,15k-30k,61,2026-04-11,2.5,4,N,,0
LD11297,Google Ads,Business Analytics,Pune,<15k,32,2026-07-14,11.6,3,N,,0
LD11298,LinkedIn,Data Science Bootcamp,Ahmedabad,50k+,66,2026-01-23,1.4,2,Y,2026-02-01,66233
LD11299,Google Ads,Power BI & Tableau,Pune,50k+,30,2026-02-10,0.5,4,N,,0
LD11300,Google Ads,Power BI & Tableau,Chennai,50k+,44,2026-06-04,3.8,2,Y,2026-06-11,67101
LD11301,Google Ads,Power BI & Tableau,Pune,<15k,40,2026-06-09,6.9,2,N,,0
LD11302,LinkedIn,Python for Data Analysis,Hyderabad,50k+,69,2026-05-01,35.2,4,N,,0
LD11303,Google Ads,Python for Data Analysis,Bengaluru,50k+,91,2026-06-14,7.9,2,Y,2026-06-18,70805
LD11304,Instagram Ads,Data Science Bootcamp,Chennai,30k-50k,72,2026-05-20,19.9,6,N,,0
LD11305,LinkedIn,Data Science Bootcamp,Chennai,15k-30k,77,2026-05-06,7.9,2,N,,0
LD11306,LinkedIn,Power BI & Tableau,Kolkata,<15k,80,2026-03-23,11.8,5,N,,0
LD11307,Instagram Ads,Full Stack Development,Ahmedabad,15k-30k,57,2026-04-25,16.1,1,N,,0
LD11308,Organic Search,Digital Marketing,Pune,50k+,64,2026-02-23,7.9,6,N,,0
LD11309,Google Ads,Power BI & Tableau,Bengaluru,<15k,54,2026-02-06,55.0,1,N,,0
LD11310,Referral,Full Stack Development,Ahmedabad,15k-30k,73,2026-02-06,2.9,2,Y,2026-02-07,21629
LD11311,Organic Search,Python for Data Analysis,Hyderabad,15k-30k,59,2025-12-19,28.9,6,N,,0
LD11312,Organic Search,Python for Data Analysis,Mumbai,30k-50k,63,2025-12-28,0.7,2,Y,2025-12-30,41236
LD11313,LinkedIn,Digital Marketing,Bengaluru,30k-50k,74,2026-07-16,79.9,3,N,,0
LD11314,LinkedIn,Power BI & Tableau,Kolkata,15k-30k,71,2026-03-12,30.2,0,N,,0
LD11315,Instagram Ads,Python for Data Analysis,Hyderabad,15k-30k,53,2025-12-31,7.3,4,N,,0
LD11316,Google Ads,Python for Data Analysis,Ahmedabad,50k+,51,2025-12-07,5.8,3,N,,0
LD11317,Referral,Data Science Bootcamp,Ahmedabad,50k+,53,2025-11-21,22.8,6,N,,0
LD11318,Google Ads,Digital Marketing,Ahmedabad,<15k,49,2026-06-18,21.7,6,N,,0
LD11319,Instagram Ads,Full Stack Development,Hyderabad,<15k,53,2025-11-27,28.0,4,N,,0
LD11320,LinkedIn,Python for Data Analysis,Bengaluru,50k+,45,2026-05-29,47.4,4,N,,0
LD11321,Referral,Power BI & Tableau,Hyderabad,<15k,78,2026-06-15,0.3,6,N,,0
LD11322,Instagram Ads,Power BI & Tableau,Mumbai,30k-50k,31,2026-06-29,6.7,7,N,,0
LD11323,Google Ads,Full Stack Development,Chennai,50k+,23,2025-11-10,7.7,2,N,,0
LD11324,LinkedIn,Digital Marketing,Mumbai,<15k,81,2026-01-30,6.7,4,N,,0
LD11325,LinkedIn,Python for Data Analysis,Ahmedabad,30k-50k,53,2026-05-28,25.8,2,Y,2026-06-10,41744
LD11326,Walk-in,Full Stack Development,Ahmedabad,30k-50k,25,2025-12-05,21.3,5,N,,0
LD11327,LinkedIn,Data Science Bootcamp,Mumbai,<15k,30,2026-02-10,28.6,3,N,,0
LD11328,Referral,Data Science Bootcamp,Chennai,30k-50k,73,2025-12-14,3.0,2,Y,2025-12-27,38616
LD11329,Google Ads,Full Stack Development,Chennai,30k-50k,40,2026-06-14,51.0,3,Y,2026-06-18,37132
LD11330,Organic Search,Full Stack Development,Bengaluru,<15k,69,2026-05-29,19.5,0,N,,0
LD11331,Instagram Ads,Business Analytics,Pune,50k+,83,2026-06-08,10.2,3,N,,0
LD11332,Google Ads,Full Stack Development,Hyderabad,50k+,44,2025-12-15,9.9,5,Y,2025-12-22,60927
LD11333,Referral,Digital Marketing,Mumbai,15k-30k,53,2026-02-27,13.6,3,N,,0
LD11334,Instagram Ads,Data Science Bootcamp,Mumbai,50k+,56,2026-02-20,26.7,4,N,,0
LD11335,LinkedIn,Python for Data Analysis,Chennai,15k-30k,71,2026-05-03,41.8,2,N,,0
LD11336,Instagram Ads,Data Science Bootcamp,Bengaluru,50k+,49,2026-01-03,6.5,5,N,,0
LD11337,Instagram Ads,Full Stack Development,Ahmedabad,<15k,46,2026-03-01,2.9,2,N,,0
LD11338,Referral,Python for Data Analysis,Ahmedabad,15k-30k,39,2026-01-16,30.5,2,N,,0
LD11339,Instagram Ads,Data Science Bootcamp,Kolkata,<15k,68,2026-05-23,38.1,3,N,,0
LD11340,Referral,Power BI & Tableau,Pune,50k+,87,2026-03-02,23.6,0,Y,2026-03-07,60213
LD11341,Organic Search,Full Stack Development,Pune,15k-30k,63,2026-03-25,4.3,2,Y,2026-03-26,22039
LD11342,Google Ads,Data Science Bootcamp,Chennai,50k+,39,2026-01-23,54.5,6,N,,0
LD11343,Instagram Ads,Power BI & Tableau,Kolkata,50k+,51,2026-06-08,0.9,3,N,,0
LD11344,Organic Search,Power BI & Tableau,Delhi NCR,15k-30k,58,2026-03-08,3.2,2,N,,0
LD11345,Google Ads,Python for Data Analysis,Delhi NCR,30k-50k,49,2026-06-15,9.2,3,N,,0
LD11346,Google Ads,Python for Data Analysis,Pune,15k-30k,48,2026-02-08,0.1,3,Y,2026-02-26,23105
LD11347,Referral,Python for Data Analysis,Chennai,30k-50k,43,2026-07-16,26.4,3,N,,0
LD11348,Google Ads,Full Stack Development,Mumbai,15k-30k,87,2026-07-26,45.9,5,N,,0
LD11349,Google Ads,Business Analytics,Chennai,30k-50k,32,2026-03-06,4.7,3,N,,0
LD11350,Instagram Ads,Full Stack Development,Pune,15k-30k,74,2026-01-15,30.6,2,N,,0
LD11351,Organic Search,Power BI & Tableau,Hyderabad,30k-50k,31,2026-02-12,17.0,4,N,,0
LD11352,LinkedIn,Digital Marketing,Kolkata,50k+,57,2026-03-23,9.8,4,N,,0
LD11353,Instagram Ads,Full Stack Development,Kolkata,30k-50k,20,2026-07-21,9.7,1,N,,0
LD11354,Google Ads,Data Science Bootcamp,Bengaluru,<15k,40,2026-06-11,25.5,4,N,,0
LD11355,Google Ads,Python for Data Analysis,Bengaluru,15k-30k,27,2026-06-06,1.9,1,N,,0
LD11356,Walk-in,Full Stack Development,Mumbai,<15k,52,2025-12-07,11.2,6,N,,0
LD11357,Instagram Ads,Digital Marketing,Delhi NCR,15k-30k,50,2026-01-07,10.6,4,N,,0
LD11358,Instagram Ads,Full Stack Development,Pune,30k-50k,59,2026-04-24,9.2,2,N,,0
LD11359,LinkedIn,Data Science Bootcamp,Mumbai,30k-50k,25,2026-06-26,36.6,1,N,,0
LD11360,Instagram Ads,Power BI & Tableau,Chennai,<15k,78,2026-03-31,2.6,3,N,,0
LD11361,Walk-in,Python for Data Analysis,Mumbai,<15k,62,2025-11-28,10.2,4,N,,0
LD11362,Referral,Full Stack Development,Mumbai,50k+,78,2026-06-18,15.5,2,N,,0
LD11363,Organic Search,Power BI & Tableau,Bengaluru,30k-50k,41,2026-06-20,11.9,4,N,,0
LD11364,Instagram Ads,Python for Data Analysis,Kolkata,50k+,56,2026-01-16,131.7,4,N,,0
LD11365,LinkedIn,Full Stack Development,Bengaluru,30k-50k,76,2026-05-27,3.1,2,N,,0
LD11366,Organic Search,Data Science Bootcamp,Mumbai,30k-50k,60,2026-01-13,17.8,2,N,,0
LD11367,Organic Search,Power BI & Tableau,Mumbai,50k+,85,2026-07-05,0.3,1,Y,2026-07-18,65721
LD11368,Organic Search,Full Stack Development,Mumbai,30k-50k,63,2025-12-10,64.0,2,N,,0
LD11369,LinkedIn,Full Stack Development,Delhi NCR,15k-30k,53,2026-02-27,42.6,4,N,,0
LD11370,Google Ads,Python for Data Analysis,Hyderabad,15k-30k,82,2026-07-16,12.8,6,N,,0
LD11371,Referral,Business Analytics,Hyderabad,15k-30k,66,2025-12-30,35.5,3,N,,0
LD11372,LinkedIn,Python for Data Analysis,Kolkata,<15k,47,2026-03-03,5.5,0,N,,0
LD11373,Instagram Ads,Digital Marketing,Pune,30k-50k,73,2026-02-03,25.3,2,N,,0
LD11374,Referral,Business Analytics,Bengaluru,30k-50k,40,2025-11-07,44.9,3,N,,0
LD11375,Organic Search,Digital Marketing,Pune,50k+,68,2025-11-14,18.4,2,N,,0
LD11376,LinkedIn,Data Science Bootcamp,Chennai,15k-30k,76,2026-03-17,7.4,4,N,,0
LD11377,Organic Search,Power BI & Tableau,Delhi NCR,<15k,53,2026-01-03,8.8,6,N,,0
LD11378,Instagram Ads,Python for Data Analysis,Hyderabad,30k-50k,47,2026-07-29,4.2,1,N,,0
LD11379,Google Ads,Full Stack Development,Mumbai,30k-50k,53,2026-02-10,0.7,3,N,,0
LD11380,Google Ads,Business Analytics,Pune,<15k,87,2025-11-07,47.6,5,N,,0
LD11381,Google Ads,Python for Data Analysis,Hyderabad,50k+,32,2026-07-12,9.2,5,Y,2026-07-24,63169
LD11382,Referral,Digital Marketing,Mumbai,15k-30k,20,2026-06-17,1.4,5,N,,0
LD11383,LinkedIn,Full Stack Development,Chennai,30k-50k,46,2026-04-26,118.4,6,N,,0
LD11384,Instagram Ads,Digital Marketing,Mumbai,30k-50k,44,2026-06-04,4.5,3,N,,0
LD11385,Instagram Ads,Power BI & Tableau,Bengaluru,50k+,37,2025-12-07,12.6,3,N,,0
LD11386,Instagram Ads,Data Science Bootcamp,Ahmedabad,30k-50k,78,2026-01-17,15.2,4,N,,0
LD11387,LinkedIn,Business Analytics,Bengaluru,15k-30k,36,2026-06-14,1.7,2,N,,0
LD11388,Walk-in,Full Stack Development,Kolkata,30k-50k,46,2026-05-09,103.0,3,N,,0
LD11389,Google Ads,Data Science Bootcamp,Delhi NCR,50k+,33,2025-12-07,4.2,1,N,,0
LD11390,Instagram Ads,Power BI & Tableau,Bengaluru,30k-50k,71,2026-05-11,36.0,4,N,,0
LD11391,Instagram Ads,Power BI & Tableau,Ahmedabad,30k-50k,1,2026-03-02,2.0,2,N,,0
LD11392,Referral,Python for Data Analysis,Delhi NCR,<15k,29,2025-11-01,18.6,3,N,,0
LD11393,Walk-in,Full Stack Development,Chennai,15k-30k,56,2025-11-21,30.3,1,N,,0
LD11394,Organic Search,Power BI & Tableau,Hyderabad,<15k,34,2026-01-08,4.4,6,N,,0
LD11395,Referral,Business Analytics,Hyderabad,<15k,39,2026-06-15,5.1,3,N,,0
LD11396,Google Ads,Business Analytics,Kolkata,15k-30k,40,2026-03-29,2.5,5,N,,0
LD11397,Organic Search,Data Science Bootcamp,Kolkata,15k-30k,76,2026-05-17,36.8,5,N,,0
LD11398,Google Ads,Full Stack Development,Pune,<15k,53,2026-03-24,2.6,2,N,,0
LD11399,Walk-in,Data Science Bootcamp,Chennai,50k+,46,2025-11-30,94.7,2,N,,0
LD11400,Referral,Data Science Bootcamp,Hyderabad,<15k,46,2026-01-17,15.2,3,N,,0
LD11401,Google Ads,Data Science Bootcamp,Delhi NCR,15k-30k,53,2026-01-21,28.1,4,N,,0
LD11402,Organic Search,Power BI & Tableau,Mumbai,<15k,43,2025-11-13,45.4,2,N,,0
LD11403,Instagram Ads,Digital Marketing,Kolkata,50k+,73,2026-02-22,3.4,0,N,,0
LD11404,Walk-in,Python for Data Analysis,Kolkata,50k+,59,2026-06-04,1.2,7,N,,0
LD11405,Instagram Ads,Digital Marketing,Kolkata,<15k,47,2026-03-04,13.7,4,N,,0
LD11406,Instagram Ads,Full Stack Development,Bengaluru,<15k,61,2025-11-30,17.8,5,N,,0
LD11407,LinkedIn,Full Stack Development,Bengaluru,<15k,49,2026-07-05,10.0,4,N,,0
LD11408,Referral,Full Stack Development,Chennai,<15k,46,2026-04-11,9.1,1,Y,2026-04-16,11608
LD11409,Google Ads,Power BI & Tableau,Delhi NCR,<15k,88,2025-11-04,1.2,3,N,,0
LD11410,Organic Search,Full Stack Development,Hyderabad,30k-50k,41,2026-03-20,11.7,1,N,,0
LD11411,Referral,Digital Marketing,Kolkata,50k+,69,2026-01-05,4.1,8,Y,2026-01-06,64556
LD11412,Instagram Ads,Python for Data Analysis,Ahmedabad,<15k,47,2025-12-09,21.1,1,N,,0
LD11413,Google Ads,Business Analytics,Pune,15k-30k,37,2026-02-25,3.7,2,N,,0
LD11414,Instagram Ads,Full Stack Development,Delhi NCR,50k+,54,2026-04-16,35.3,4,N,,0
LD11415,Walk-in,Full Stack Development,Delhi NCR,15k-30k,72,2026-01-04,2.5,0,N,,0
LD11416,Organic Search,Full Stack Development,Bengaluru,30k-50k,65,2026-02-21,55.4,5,N,,0
LD11417,Google Ads,Power BI & Tableau,Hyderabad,15k-30k,47,2026-04-30,37.8,1,N,,0
LD11418,Google Ads,Data Science Bootcamp,Kolkata,<15k,59,2025-11-23,17.5,4,N,,0
LD11419,Instagram Ads,Power BI & Tableau,Delhi NCR,<15k,23,2026-07-24,0.1,2,N,,0
LD11420,Organic Search,Business Analytics,Mumbai,30k-50k,67,2025-11-18,52.8,1,N,,0
LD11421,Instagram Ads,Python for Data Analysis,Pune,15k-30k,47,2026-03-23,68.4,0,N,,0
LD11422,Google Ads,Business Analytics,Delhi NCR,15k-30k,69,2026-03-18,19.1,1,N,,0
LD11423,Referral,Business Analytics,Pune,<15k,46,2026-07-27,47.4,6,N,,0
LD11424,Instagram Ads,Full Stack Development,Ahmedabad,<15k,64,2026-03-31,32.6,1,N,,0
LD11425,Referral,Full Stack Development,Delhi NCR,<15k,63,2026-02-14,34.7,2,N,,0
LD11426,Google Ads,Full Stack Development,Delhi NCR,<15k,86,2026-03-08,12.6,5,N,,0
LD11427,Referral,Data Science Bootcamp,Ahmedabad,15k-30k,59,2026-04-22,4.2,5,N,,0
LD11428,Instagram Ads,Digital Marketing,Pune,30k-50k,54,2026-07-25,5.9,6,Y,2026-07-31,43618
LD11429,Organic Search,Full Stack Development,Hyderabad,15k-30k,7,2026-01-08,15.6,6,N,,0
LD11430,Walk-in,Digital Marketing,Mumbai,<15k,34,2025-11-04,9.3,3,N,,0
LD11431,Referral,Digital Marketing,Ahmedabad,50k+,50,2026-06-03,17.7,1,N,,0
LD11432,Referral,Digital Marketing,Pune,30k-50k,46,2026-02-02,17.0,2,Y,2026-02-16,40931
LD11433,Instagram Ads,Power BI & Tableau,Chennai,30k-50k,71,2026-05-19,3.5,4,N,,0
LD11434,Google Ads,Python for Data Analysis,Bengaluru,15k-30k,45,2026-04-20,10.0,1,N,,0
LD11435,Instagram Ads,Digital Marketing,Mumbai,15k-30k,66,2026-05-29,30.9,2,N,,0
LD11436,Google Ads,Full Stack Development,Delhi NCR,50k+,67,2026-05-19,10.9,4,N,,0
LD11437,Organic Search,Digital Marketing,Chennai,15k-30k,79,2026-01-29,11.2,2,N,,0
LD11438,Instagram Ads,Python for Data Analysis,Ahmedabad,50k+,40,2025-11-12,34.4,4,N,,0
LD11439,Instagram Ads,Digital Marketing,Ahmedabad,30k-50k,45,2026-03-29,0.3,1,N,,0
LD11440,Organic Search,Power BI & Tableau,Pune,<15k,0,2026-06-10,16.3,1,N,,0
LD11441,Google Ads,Full Stack Development,Delhi NCR,<15k,77,2025-12-17,3.0,3,N,,0
LD11442,Organic Search,Business Analytics,Delhi NCR,15k-30k,23,2026-05-31,14.5,3,N,,0
LD11443,Organic Search,Full Stack Development,Hyderabad,<15k,47,2026-03-06,20.6,0,N,,0
LD11444,Instagram Ads,Data Science Bootcamp,Kolkata,<15k,100,2026-05-08,39.8,2,N,,0
LD11445,Organic Search,Power BI & Tableau,Bengaluru,15k-30k,57,2026-04-21,17.1,3,N,,0
LD11446,Google Ads,Power BI & Tableau,Ahmedabad,30k-50k,67,2026-06-09,29.5,1,N,,0
LD11447,Google Ads,Full Stack Development,Chennai,15k-30k,18,2025-11-17,28.3,2,N,,0
LD11448,Referral,Python for Data Analysis,Delhi NCR,15k-30k,75,2026-05-30,12.8,6,N,,0
LD11449,Instagram Ads,Business Analytics,Hyderabad,50k+,42,2026-03-04,1.4,3,N,,0
LD11450,Instagram Ads,Python for Data Analysis,Bengaluru,30k-50k,50,2026-01-19,17.2,2,N,,0
LD11451,Walk-in,Full Stack Development,Pune,15k-30k,51,2025-11-11,26.6,3,N,,0
LD11452,Organic Search,Power BI & Tableau,Ahmedabad,15k-30k,50,2025-12-24,27.1,5,N,,0
LD11453,LinkedIn,Business Analytics,Pune,15k-30k,43,2025-11-11,72.0,2,N,,0
LD11454,Google Ads,Full Stack Development,Chennai,50k+,80,2026-07-12,17.0,2,N,,0
LD11455,Organic Search,Data Science Bootcamp,Ahmedabad,15k-30k,60,2026-03-20,7.2,4,Y,2026-03-24,21084
LD11456,Organic Search,Business Analytics,Delhi NCR,<15k,54,2026-07-28,26.0,1,Y,2026-08-01,11784
LD11457,Walk-in,Digital Marketing,Bengaluru,15k-30k,66,2026-03-28,11.4,4,N,,0
LD11458,Google Ads,Full Stack Development,Chennai,15k-30k,52,2026-01-08,17.7,4,N,,0
LD11459,Referral,Python for Data Analysis,Ahmedabad,50k+,29,2026-05-24,20.5,3,Y,2026-06-18,64112
LD11460,Walk-in,Data Science Bootcamp,Chennai,<15k,48,2025-12-22,2.7,4,N,,0
LD11461,Instagram Ads,Data Science Bootcamp,Delhi NCR,30k-50k,55,2026-02-05,17.1,4,N,,0
LD11462,Instagram Ads,Power BI & Tableau,Kolkata,15k-30k,27,2026-06-01,19.4,3,N,,0
LD11463,Instagram Ads,Full Stack Development,Chennai,50k+,73,2026-06-24,28.1,1,N,,0
LD11464,Google Ads,Power BI & Tableau,Delhi NCR,<15k,63,2026-01-29,13.9,3,N,,0
LD11465,Organic Search,Python for Data Analysis,Kolkata,15k-30k,33,2025-12-03,7.4,1,N,,0
LD11466,Google Ads,Digital Marketing,Ahmedabad,30k-50k,61,2026-02-08,6.0,1,N,,0
LD11467,Google Ads,Python for Data Analysis,Pune,<15k,59,2026-06-30,6.0,2,N,,0
LD11468,Google Ads,Python for Data Analysis,Mumbai,15k-30k,91,2026-05-21,15.4,3,N,,0
LD11469,Google Ads,Data Science Bootcamp,Mumbai,30k-50k,32,2026-07-02,57.3,6,N,,0
LD11470,Instagram Ads,Business Analytics,Pune,15k-30k,61,2026-02-13,24.5,4,Y,2026-02-15,24072
LD11471,Walk-in,Digital Marketing,Mumbai,<15k,83,2026-07-23,19.2,3,N,,0
LD11472,Walk-in,Python for Data Analysis,Hyderabad,30k-50k,62,2026-03-15,10.3,2,N,,0
LD11473,Google Ads,Python for Data Analysis,Ahmedabad,50k+,58,2026-03-15,16.2,3,N,,0
LD11474,Walk-in,Business Analytics,Kolkata,15k-30k,74,2026-07-10,11.9,2,N,,0
LD11475,Referral,Data Science Bootcamp,Bengaluru,15k-30k,55,2026-03-21,44.0,1,N,,0
LD11476,Organic Search,Business Analytics,Pune,15k-30k,50,2026-06-06,6.6,2,N,,0
LD11477,Google Ads,Full Stack Development,Pune,<15k,38,2026-05-17,2.9,2,N,,0
LD11478,Walk-in,Data Science Bootcamp,Delhi NCR,15k-30k,44,2025-11-21,27.1,2,N,,0
LD11479,Referral,Business Analytics,Bengaluru,50k+,32,2026-04-13,16.7,3,Y,2026-04-17,62037
LD11480,Instagram Ads,Full Stack Development,Hyderabad,30k-50k,81,2026-06-12,31.9,2,N,,0
LD11481,Instagram Ads,Business Analytics,Ahmedabad,50k+,66,2026-03-28,9.0,1,N,,0
LD11482,Google Ads,Python for Data Analysis,Mumbai,15k-30k,66,2026-01-26,2.6,2,N,,0
LD11483,Organic Search,Python for Data Analysis,Pune,15k-30k,65,2025-11-21,33.0,1,N,,0
LD11484,Walk-in,Power BI & Tableau,Pune,30k-50k,33,2026-04-29,19.7,5,N,,0
LD11485,Organic Search,Full Stack Development,Ahmedabad,30k-50k,63,2026-01-22,10.2,4,N,,0
LD11486,Instagram Ads,Power BI & Tableau,Mumbai,<15k,74,2026-04-13,16.1,0,Y,2026-04-20,11253
LD11487,Instagram Ads,Python for Data Analysis,Pune,50k+,60,2026-02-24,19.1,1,N,,0
LD11488,Organic Search,Data Science Bootcamp,Mumbai,<15k,32,2026-05-07,5.3,1,N,,0
LD11489,Walk-in,Power BI & Tableau,Pune,50k+,87,2026-02-03,4.4,1,N,,0
LD11490,LinkedIn,Power BI & Tableau,Pune,<15k,73,2025-11-11,12.0,1,N,,0
LD11491,Referral,Python for Data Analysis,Hyderabad,<15k,68,2026-06-25,13.6,5,N,,0
LD11492,Organic Search,Data Science Bootcamp,Pune,50k+,60,2026-02-04,23.2,1,Y,2026-02-28,69048
LD11493,Instagram Ads,Power BI & Tableau,Kolkata,<15k,10,2026-07-30,2.3,2,N,,0
LD11494,LinkedIn,Power BI & Tableau,Chennai,50k+,71,2026-01-13,44.4,3,N,,0
LD11495,Organic Search,Data Science Bootcamp,Mumbai,50k+,89,2026-07-25,53.2,5,N,,0
LD11496,Instagram Ads,Python for Data Analysis,Chennai,50k+,13,2026-07-16,11.6,4,N,,0
LD11497,LinkedIn,Power BI & Tableau,Kolkata,<15k,37,2025-11-20,39.8,1,N,,0
LD11498,Referral,Business Analytics,Ahmedabad,30k-50k,35,2026-04-23,1.5,1,N,,0
LD11499,Organic Search,Business Analytics,Delhi NCR,<15k,68,2026-02-07,35.3,3,N,,0
LD11500,Organic Search,Power BI & Tableau,Delhi NCR,50k+,50,2026-06-06,12.1,0,Y,2026-06-12,67844
LD11501,Instagram Ads,Business Analytics,Bengaluru,<15k,31,2026-05-04,23.0,7,N,,0
LD11502,Organic Search,Power BI & Tableau,Bengaluru,<15k,48,2026-07-18,44.8,2,N,,0
LD11503,Google Ads,Python for Data Analysis,Chennai,15k-30k,83,2025-12-08,4.8,1,N,,0
LD11504,Referral,Python for Data Analysis,Hyderabad,30k-50k,58,2026-04-14,19.9,5,Y,2026-04-15,36754
LD11505,Referral,Business Analytics,Delhi NCR,50k+,71,2026-06-01,1.0,4,N,,0
LD11506,Google Ads,Digital Marketing,Chennai,50k+,36,2025-11-09,4.3,4,N,,0
LD11507,Referral,Power BI & Tableau,Kolkata,30k-50k,54,2025-11-18,23.8,4,N,,0
LD11508,Organic Search,Business Analytics,Ahmedabad,50k+,32,2026-05-31,23.0,2,N,,0
LD11509,Google Ads,Business Analytics,Ahmedabad,30k-50k,67,2026-02-08,7.2,1,Y,2026-02-09,36578
LD11510,Organic Search,Digital Marketing,Chennai,30k-50k,94,2026-02-12,22.4,1,Y,2026-03-01,43256
LD11511,Organic Search,Full Stack Development,Pune,50k+,76,2026-04-03,46.9,4,N,,0
LD11512,Instagram Ads,Full Stack Development,Mumbai,<15k,25,2026-04-14,11.4,5,N,,0
LD11513,Instagram Ads,Python for Data Analysis,Hyderabad,15k-30k,40,2026-05-04,40.5,1,N,,0
LD11514,Instagram Ads,Business Analytics,Chennai,50k+,65,2026-07-17,2.7,1,N,,0
LD11515,LinkedIn,Power BI & Tableau,Pune,<15k,30,2026-02-09,8.4,3,N,,0
LD11516,Organic Search,Python for Data Analysis,Hyderabad,<15k,92,2026-05-27,14.2,4,N,,0
LD11517,Instagram Ads,Business Analytics,Kolkata,50k+,55,2026-04-05,8.5,2,N,,0
LD11518,Organic Search,Data Science Bootcamp,Delhi NCR,<15k,56,2026-03-24,41.0,1,N,,0
LD11519,Organic Search,Business Analytics,Hyderabad,30k-50k,64,2026-02-16,0.7,3,N,,0
LD11520,Google Ads,Power BI & Tableau,Kolkata,<15k,44,2026-04-26,54.8,5,N,,0
LD11521,Instagram Ads,Python for Data Analysis,Bengaluru,30k-50k,23,2026-01-07,30.6,3,N,,0
LD11522,Google Ads,Business Analytics,Ahmedabad,50k+,69,2025-11-30,1.0,0,Y,2025-12-11,70998
LD11523,Google Ads,Data Science Bootcamp,Delhi NCR,15k-30k,67,2026-05-19,12.9,2,N,,0
LD11524,Organic Search,Business Analytics,Mumbai,<15k,58,2026-03-16,0.4,1,N,,0
LD11525,Instagram Ads,Power BI & Tableau,Bengaluru,15k-30k,42,2026-02-13,8.4,4,N,,0
LD11526,Referral,Digital Marketing,Bengaluru,15k-30k,38,2026-04-02,10.9,2,N,,0
LD11527,LinkedIn,Business Analytics,Delhi NCR,<15k,56,2026-01-10,1.6,2,N,,0
LD11528,Instagram Ads,Python for Data Analysis,Kolkata,30k-50k,76,2026-01-10,29.0,3,N,,0
LD11529,Referral,Python for Data Analysis,Bengaluru,15k-30k,90,2026-03-01,9.2,3,N,,0
LD11530,LinkedIn,Full Stack Development,Hyderabad,<15k,73,2026-07-30,8.4,2,N,,0
LD11531,Organic Search,Power BI & Tableau,Chennai,30k-50k,29,2026-01-16,14.2,4,N,,0
LD11532,Organic Search,Digital Marketing,Mumbai,30k-50k,33,2026-07-08,19.4,3,Y,2026-07-13,42991
LD11533,LinkedIn,Power BI & Tableau,Ahmedabad,15k-30k,84,2026-03-14,0.2,2,N,,0
LD11534,Organic Search,Python for Data Analysis,Delhi NCR,<15k,92,2025-12-03,39.7,5,N,,0
LD11535,Referral,Business Analytics,Hyderabad,50k+,52,2026-06-20,1.0,3,Y,2026-06-25,65252
LD11536,Referral,Power BI & Tableau,Delhi NCR,<15k,68,2026-03-03,29.0,4,N,,0
LD11537,Referral,Digital Marketing,Delhi NCR,<15k,74,2026-07-03,1.0,1,Y,2026-07-13,11436
LD11538,Google Ads,Power BI & Tableau,Ahmedabad,30k-50k,31,2026-03-01,13.5,2,N,,0
LD11539,LinkedIn,Python for Data Analysis,Mumbai,50k+,46,2025-11-23,17.2,5,N,,0
LD11540,Referral,Digital Marketing,Ahmedabad,50k+,25,2026-05-05,4.9,6,Y,2026-05-07,67962
LD11541,Instagram Ads,Power BI & Tableau,Ahmedabad,<15k,54,2026-06-18,12.9,2,Y,2026-07-05,12044
LD11542,Instagram Ads,Data Science Bootcamp,Hyderabad,30k-50k,51,2026-01-26,2.1,5,N,,0
LD11543,Instagram Ads,Python for Data Analysis,Mumbai,15k-30k,60,2026-02-02,53.1,1,N,,0
LD11544,Organic Search,Digital Marketing,Chennai,50k+,29,2025-11-17,3.6,9,N,,0
LD11545,Instagram Ads,Power BI & Tableau,Delhi NCR,<15k,37,2026-03-28,0.7,1,N,,0
LD11546,Google Ads,Business Analytics,Hyderabad,30k-50k,33,2026-07-01,1.9,0,N,,0
LD11547,Referral,Python for Data Analysis,Hyderabad,30k-50k,33,2026-06-20,10.6,6,N,,0
LD11548,Walk-in,Power BI & Tableau,Ahmedabad,15k-30k,64,2026-05-13,13.1,4,N,,0
LD11549,Instagram Ads,Digital Marketing,Mumbai,30k-50k,53,2026-07-11,0.6,4,N,,0
LD11550,Referral,Power BI & Tableau,Pune,30k-50k,59,2026-04-23,14.8,4,N,,0
LD11551,Walk-in,Full Stack Development,Ahmedabad,15k-30k,92,2026-06-04,17.7,5,Y,2026-06-05,21308
LD11552,Walk-in,Full Stack Development,Mumbai,15k-30k,51,2026-03-18,21.4,2,N,,0
LD11553,Instagram Ads,Full Stack Development,Delhi NCR,15k-30k,45,2025-12-03,42.7,2,N,,0
LD11554,Google Ads,Business Analytics,Mumbai,15k-30k,14,2025-12-24,4.0,6,N,,0
LD11555,Referral,Business Analytics,Pune,30k-50k,66,2025-12-07,1.7,3,Y,2025-12-15,36347
LD11556,Instagram Ads,Data Science Bootcamp,Hyderabad,<15k,56,2026-06-03,14.4,1,N,,0
LD11557,Referral,Full Stack Development,Bengaluru,50k+,27,2025-11-07,21.9,2,N,,0
LD11558,Walk-in,Power BI & Tableau,Ahmedabad,<15k,90,2026-03-31,50.0,0,N,,0
LD11559,Instagram Ads,Digital Marketing,Ahmedabad,30k-50k,61,2026-02-08,55.1,2,N,,0
LD11560,Referral,Power BI & Tableau,Ahmedabad,30k-50k,43,2026-06-07,22.6,2,Y,2026-06-11,37931
LD11561,Instagram Ads,Business Analytics,Kolkata,30k-50k,100,2026-03-30,3.6,2,N,,0
LD11562,Instagram Ads,Business Analytics,Bengaluru,15k-30k,73,2026-04-16,6.9,1,N,,0
LD11563,Referral,Power BI & Tableau,Ahmedabad,50k+,72,2025-11-23,21.2,4,N,,0
LD11564,Google Ads,Power BI & Tableau,Chennai,<15k,71,2026-01-23,11.4,1,N,,0
LD11565,Instagram Ads,Python for Data Analysis,Ahmedabad,15k-30k,88,2026-07-30,12.6,7,N,,0
LD11566,Walk-in,Data Science Bootcamp,Chennai,50k+,94,2026-05-15,12.8,2,N,,0
LD11567,Referral,Full Stack Development,Bengaluru,<15k,63,2026-03-23,31.4,4,N,,0
LD11568,Instagram Ads,Full Stack Development,Kolkata,15k-30k,72,2026-05-28,47.0,0,N,,0
LD11569,Google Ads,Power BI & Tableau,Chennai,<15k,45,2026-06-12,19.7,6,N,,0
LD11570,Instagram Ads,Digital Marketing,Pune,30k-50k,26,2025-11-20,5.7,0,N,,0
LD11571,LinkedIn,Power BI & Tableau,Mumbai,30k-50k,76,2026-07-23,0.4,6,N,,0
LD11572,Google Ads,Digital Marketing,Chennai,50k+,73,2026-04-24,3.3,4,N,,0
LD11573,Instagram Ads,Digital Marketing,Ahmedabad,15k-30k,38,2026-03-02,5.6,1,N,,0
LD11574,Organic Search,Python for Data Analysis,Kolkata,15k-30k,78,2026-05-04,15.7,1,N,,0
LD11575,Walk-in,Full Stack Development,Chennai,30k-50k,86,2026-02-02,35.7,2,N,,0
LD11576,Referral,Python for Data Analysis,Ahmedabad,30k-50k,69,2026-06-27,21.1,3,N,,0
LD11577,Instagram Ads,Business Analytics,Mumbai,15k-30k,34,2026-06-01,14.7,4,N,,0
LD11578,Instagram Ads,Data Science Bootcamp,Mumbai,30k-50k,56,2026-04-23,7.0,4,N,,0
LD11579,Instagram Ads,Power BI & Tableau,Kolkata,50k+,28,2025-12-19,13.8,7,N,,0
LD11580,Referral,Business Analytics,Pune,15k-30k,51,2026-07-21,2.0,3,N,,0
LD11581,Google Ads,Python for Data Analysis,Pune,<15k,17,2026-02-26,15.3,2,N,,0
LD11582,Walk-in,Python for Data Analysis,Pune,50k+,53,2026-07-06,3.6,4,N,,0
LD11583,Google Ads,Full Stack Development,Ahmedabad,30k-50k,76,2025-11-15,9.0,2,N,,0
LD11584,Google Ads,Digital Marketing,Bengaluru,30k-50k,31,2025-12-03,14.0,2,N,,0
LD11585,Instagram Ads,Python for Data Analysis,Pune,<15k,34,2025-12-11,36.4,1,N,,0
LD11586,Google Ads,Data Science Bootcamp,Delhi NCR,15k-30k,37,2025-12-14,8.4,2,N,,0
LD11587,LinkedIn,Python for Data Analysis,Ahmedabad,<15k,39,2026-01-27,11.6,2,N,,0
LD11588,LinkedIn,Full Stack Development,Delhi NCR,30k-50k,99,2026-05-12,63.1,2,N,,0
LD11589,Organic Search,Digital Marketing,Delhi NCR,30k-50k,32,2026-02-02,10.2,3,Y,2026-02-05,37849
LD11590,LinkedIn,Digital Marketing,Kolkata,<15k,63,2026-07-14,1.0,2,Y,2026-07-15,13171
LD11591,Organic Search,Data Science Bootcamp,Mumbai,30k-50k,71,2026-07-02,8.2,2,Y,2026-07-15,36972
LD11592,Instagram Ads,Power BI & Tableau,Delhi NCR,15k-30k,61,2026-06-18,0.7,3,N,,0
LD11593,LinkedIn,Digital Marketing,Ahmedabad,30k-50k,40,2026-01-07,25.3,6,N,,0
LD11594,Instagram Ads,Full Stack Development,Hyderabad,50k+,72,2026-04-22,49.2,4,N,,0
LD11595,LinkedIn,Python for Data Analysis,Ahmedabad,30k-50k,49,2026-03-30,10.3,4,N,,0
LD11596,LinkedIn,Full Stack Development,Pune,15k-30k,72,2025-12-04,3.8,4,N,,0
LD11597,Instagram Ads,Full Stack Development,Kolkata,30k-50k,80,2026-01-21,2.1,3,N,,0
LD11598,Referral,Full Stack Development,Hyderabad,50k+,40,2026-03-25,13.6,3,N,,0
LD11599,Instagram Ads,Data Science Bootcamp,Chennai,15k-30k,60,2026-03-17,7.3,1,N,,0
LD11600,LinkedIn,Business Analytics,Chennai,30k-50k,42,2025-12-16,21.4,0,N,,0
LD11601,Instagram Ads,Full Stack Development,Delhi NCR,30k-50k,50,2026-07-15,27.3,4,N,,0
LD11602,Google Ads,Power BI & Tableau,Delhi NCR,50k+,59,2025-12-12,22.4,2,N,,0
LD11603,Organic Search,Python for Data Analysis,Ahmedabad,30k-50k,83,2026-04-28,4.6,2,Y,2026-05-05,39959
LD11604,Walk-in,Python for Data Analysis,Pune,15k-30k,59,2026-05-15,24.8,1,N,,0
LD11605,Google Ads,Data Science Bootcamp,Mumbai,15k-30k,44,2026-04-14,47.3,2,N,,0
LD11606,Referral,Full Stack Development,Hyderabad,30k-50k,47,2026-06-18,35.6,3,N,,0
LD11607,Google Ads,Business Analytics,Kolkata,15k-30k,79,2026-04-02,9.0,2,N,,0
LD11608,Google Ads,Data Science Bootcamp,Hyderabad,<15k,44,2026-06-13,11.4,1,N,,0
LD11609,Instagram Ads,Python for Data Analysis,Bengaluru,<15k,65,2025-11-07,20.4,3,N,,0
LD11610,Instagram Ads,Python for Data Analysis,Hyderabad,<15k,13,2025-11-12,29.2,3,N,,0
LD11611,Instagram Ads,Digital Marketing,Hyderabad,15k-30k,67,2026-04-24,7.9,4,N,,0
LD11612,Instagram Ads,Full Stack Development,Delhi NCR,50k+,53,2026-04-06,0.5,5,N,,0
LD11613,Organic Search,Business Analytics,Delhi NCR,15k-30k,39,2026-04-26,3.0,1,Y,2026-05-17,20546
LD11614,Instagram Ads,Python for Data Analysis,Pune,15k-30k,74,2026-05-28,4.9,4,N,,0
LD11615,Referral,Power BI & Tableau,Bengaluru,15k-30k,44,2026-02-21,5.0,1,N,,0
LD11616,Google Ads,Data Science Bootcamp,Chennai,30k-50k,44,2026-04-23,0.3,2,N,,0
LD11617,Google Ads,Python for Data Analysis,Delhi NCR,50k+,88,2026-03-15,14.7,2,Y,2026-03-19,58731
LD11618,Instagram Ads,Power BI & Tableau,Pune,50k+,53,2026-04-20,11.9,4,N,,0
LD11619,Instagram Ads,Full Stack Development,Ahmedabad,15k-30k,63,2026-01-18,40.2,2,N,,0
LD11620,LinkedIn,Full Stack Development,Delhi NCR,50k+,36,2026-07-19,25.1,4,N,,0
LD11621,Referral,Digital Marketing,Mumbai,50k+,96,2026-03-11,18.6,5,N,,0
LD11622,Google Ads,Data Science Bootcamp,Delhi NCR,50k+,82,2026-06-07,9.0,1,N,,0
LD11623,Instagram Ads,Digital Marketing,Delhi NCR,50k+,49,2026-05-06,16.9,4,N,,0
LD11624,Referral,Business Analytics,Bengaluru,30k-50k,45,2026-01-20,8.4,6,N,,0
LD11625,Instagram Ads,Data Science Bootcamp,Chennai,15k-30k,42,2025-11-19,15.3,4,N,,0
LD11626,Instagram Ads,Digital Marketing,Bengaluru,50k+,65,2025-11-16,52.8,2,N,,0
LD11627,Organic Search,Full Stack Development,Ahmedabad,50k+,23,2026-02-28,24.4,2,N,,0
LD11628,Organic Search,Digital Marketing,Kolkata,<15k,62,2026-03-12,9.6,2,N,,0
LD11629,Instagram Ads,Digital Marketing,Bengaluru,15k-30k,87,2025-12-25,14.7,2,N,,0
LD11630,Instagram Ads,Power BI & Tableau,Mumbai,30k-50k,50,2026-04-14,53.0,4,N,,0
LD11631,Google Ads,Python for Data Analysis,Kolkata,50k+,47,2026-01-24,56.4,5,N,,0
LD11632,Organic Search,Business Analytics,Kolkata,15k-30k,67,2026-05-15,19.1,1,N,,0
LD11633,Organic Search,Python for Data Analysis,Delhi NCR,15k-30k,36,2026-05-19,23.6,1,N,,0
LD11634,Instagram Ads,Data Science Bootcamp,Mumbai,50k+,38,2026-06-22,15.4,2,N,,0
LD11635,Instagram Ads,Power BI & Tableau,Delhi NCR,30k-50k,37,2026-07-24,11.8,2,N,,0
LD11636,Organic Search,Full Stack Development,Kolkata,30k-50k,54,2025-12-05,3.8,8,N,,0
LD11637,Walk-in,Business Analytics,Pune,<15k,69,2026-02-09,0.2,2,Y,2026-02-19,12464
LD11638,Instagram Ads,Business Analytics,Hyderabad,30k-50k,35,2026-04-02,5.2,9,N,,0
LD11639,Google Ads,Full Stack Development,Ahmedabad,50k+,41,2026-01-26,28.8,2,N,,0
LD11640,Instagram Ads,Digital Marketing,Mumbai,50k+,47,2026-03-07,6.7,2,N,,0
LD11641,Google Ads,Digital Marketing,Pune,<15k,86,2026-01-12,19.0,1,N,,0
LD11642,Google Ads,Data Science Bootcamp,Pune,<15k,22,2026-01-06,1.4,0,N,,0
LD11643,Google Ads,Data Science Bootcamp,Delhi NCR,30k-50k,55,2025-11-26,2.6,7,N,,0
LD11644,Instagram Ads,Business Analytics,Bengaluru,50k+,33,2026-01-18,10.0,2,N,,0
LD11645,Instagram Ads,Business Analytics,Pune,<15k,56,2026-02-12,2.7,3,N,,0
LD11646,Google Ads,Data Science Bootcamp,Mumbai,50k+,76,2026-04-16,6.3,5,N,,0
LD11647,Google Ads,Digital Marketing,Delhi NCR,50k+,11,2026-01-06,27.5,4,N,,0
LD11648,Walk-in,Python for Data Analysis,Ahmedabad,30k-50k,59,2026-06-24,12.0,2,N,,0
LD11649,LinkedIn,Full Stack Development,Chennai,<15k,67,2025-12-13,20.0,0,N,,0
LD11650,LinkedIn,Data Science Bootcamp,Bengaluru,15k-30k,34,2026-01-28,6.2,4,N,,0
LD11651,Instagram Ads,Digital Marketing,Hyderabad,50k+,46,2026-04-06,5.3,6,N,,0
LD11652,Instagram Ads,Power BI & Tableau,Pune,50k+,65,2026-01-24,15.6,7,Y,2026-01-26,60361
LD11653,Referral,Business Analytics,Kolkata,30k-50k,19,2026-05-27,3.7,0,N,,0
LD11654,Instagram Ads,Data Science Bootcamp,Mumbai,<15k,77,2026-03-16,70.7,4,N,,0
LD11655,Instagram Ads,Python for Data Analysis,Mumbai,50k+,59,2026-03-20,5.9,1,Y,2026-03-24,65421
LD11656,LinkedIn,Full Stack Development,Mumbai,<15k,52,2026-03-16,109.3,5,N,,0
LD11657,Referral,Python for Data Analysis,Mumbai,<15k,70,2026-01-23,7.8,3,N,,0
LD11658,Walk-in,Python for Data Analysis,Delhi NCR,50k+,73,2025-11-06,25.9,3,N,,0
LD11659,Organic Search,Digital Marketing,Bengaluru,15k-30k,50,2026-07-16,3.9,2,N,,0
LD11660,Instagram Ads,Full Stack Development,Delhi NCR,<15k,51,2026-03-17,6.0,2,N,,0
LD11661,Instagram Ads,Python for Data Analysis,Mumbai,30k-50k,44,2026-07-21,2.0,1,N,,0
LD11662,Google Ads,Digital Marketing,Mumbai,<15k,32,2025-12-28,44.5,3,N,,0
LD11663,Organic Search,Data Science Bootcamp,Kolkata,15k-30k,40,2026-02-04,12.0,8,N,,0
LD11664,Walk-in,Digital Marketing,Pune,<15k,72,2025-11-13,0.4,3,N,,0
LD11665,Instagram Ads,Digital Marketing,Kolkata,<15k,80,2026-03-15,15.9,2,N,,0
LD11666,Instagram Ads,Business Analytics,Bengaluru,<15k,48,2026-06-28,15.4,3,N,,0
LD11667,Instagram Ads,Power BI & Tableau,Pune,50k+,43,2026-04-27,3.0,1,Y,2026-04-29,70346
LD11668,Instagram Ads,Digital Marketing,Mumbai,<15k,33,2026-03-08,19.1,3,N,,0
LD11669,Google Ads,Business Analytics,Hyderabad,50k+,53,2026-03-26,31.1,7,N,,0
LD11670,Instagram Ads,Full Stack Development,Bengaluru,30k-50k,58,2026-06-19,14.2,3,N,,0
LD11671,Referral,Data Science Bootcamp,Pune,30k-50k,42,2026-02-25,2.3,2,N,,0
LD11672,Organic Search,Full Stack Development,Pune,<15k,44,2026-06-28,6.0,0,N,,0
LD11673,Walk-in,Python for Data Analysis,Chennai,15k-30k,36,2026-05-17,8.9,8,N,,0
LD11674,Organic Search,Power BI & Tableau,Ahmedabad,30k-50k,75,2026-05-27,6.3,3,N,,0
LD11675,Referral,Full Stack Development,Bengaluru,15k-30k,44,2026-02-07,3.7,2,N,,0
LD11676,Instagram Ads,Full Stack Development,Chennai,50k+,51,2026-02-17,19.6,4,N,,0
LD11677,Instagram Ads,Full Stack Development,Delhi NCR,15k-30k,24,2026-04-04,19.3,1,N,,0
LD11678,Organic Search,Data Science Bootcamp,Ahmedabad,50k+,15,2025-12-23,6.6,1,N,,0
LD11679,Referral,Power BI & Tableau,Ahmedabad,30k-50k,40,2026-03-31,7.7,5,Y,2026-04-08,42982
LD11680,Google Ads,Business Analytics,Chennai,15k-30k,46,2025-11-20,3.3,5,Y,2025-11-21,22935
LD11681,Instagram Ads,Digital Marketing,Delhi NCR,50k+,79,2026-03-17,12.3,3,Y,2026-03-25,69113
LD11682,Walk-in,Power BI & Tableau,Hyderabad,15k-30k,41,2026-05-27,37.6,2,N,,0
LD11683,Instagram Ads,Power BI & Tableau,Ahmedabad,15k-30k,31,2026-01-15,6.8,4,Y,2026-01-20,23378
LD11684,Instagram Ads,Digital Marketing,Chennai,30k-50k,92,2026-07-28,1.3,3,N,,0
LD11685,LinkedIn,Python for Data Analysis,Kolkata,<15k,67,2026-05-04,26.2,6,N,,0
LD11686,Instagram Ads,Full Stack Development,Bengaluru,15k-30k,47,2025-12-02,1.5,1,N,,0
LD11687,Organic Search,Power BI & Tableau,Mumbai,30k-50k,36,2026-07-24,77.4,4,N,,0
LD11688,Walk-in,Digital Marketing,Kolkata,<15k,68,2026-02-15,67.1,3,N,,0
LD11689,LinkedIn,Business Analytics,Pune,50k+,80,2026-06-05,34.3,2,N,,0
LD11690,LinkedIn,Power BI & Tableau,Chennai,30k-50k,53,2026-01-31,6.4,2,N,,0
LD11691,LinkedIn,Python for Data Analysis,Hyderabad,30k-50k,48,2026-07-14,11.5,4,N,,0
LD11692,Google Ads,Data Science Bootcamp,Bengaluru,<15k,67,2026-05-25,3.4,2,N,,0
LD11693,Google Ads,Business Analytics,Bengaluru,15k-30k,40,2025-12-24,28.8,6,N,,0
LD11694,Instagram Ads,Business Analytics,Ahmedabad,<15k,70,2026-03-18,4.4,2,N,,0
LD11695,Instagram Ads,Business Analytics,Bengaluru,<15k,52,2026-03-16,12.5,3,N,,0
LD11696,Instagram Ads,Power BI & Tableau,Ahmedabad,50k+,28,2025-11-12,3.7,1,N,,0
LD11697,Google Ads,Power BI & Tableau,Bengaluru,30k-50k,56,2025-12-07,19.1,3,N,,0
LD11698,Walk-in,Digital Marketing,Hyderabad,15k-30k,51,2026-01-29,39.2,2,N,,0
LD11699,Instagram Ads,Data Science Bootcamp,Ahmedabad,15k-30k,59,2026-03-09,2.6,1,N,,0
LD11700,Google Ads,Data Science Bootcamp,Bengaluru,50k+,55,2026-03-04,7.1,1,N,,0
LD11701,Walk-in,Digital Marketing,Chennai,50k+,36,2026-04-14,0.8,2,N,,0
LD11702,Instagram Ads,Full Stack Development,Delhi NCR,<15k,48,2026-03-20,7.8,1,N,,0
LD11703,Google Ads,Power BI & Tableau,Hyderabad,<15k,60,2026-01-28,37.6,5,N,,0
LD11704,Walk-in,Digital Marketing,Mumbai,<15k,54,2026-04-16,27.2,8,Y,2026-05-06,12206
LD11705,Google Ads,Power BI & Tableau,Hyderabad,<15k,59,2025-12-14,2.9,5,N,,0
LD11706,Referral,Full Stack Development,Kolkata,15k-30k,40,2026-07-28,47.0,0,N,,0
LD11707,Instagram Ads,Business Analytics,Mumbai,15k-30k,57,2026-05-20,0.7,1,Y,2026-05-21,22495
LD11708,LinkedIn,Power BI & Tableau,Kolkata,15k-30k,84,2026-01-20,10.4,4,N,,0
LD11709,Organic Search,Full Stack Development,Chennai,<15k,81,2026-01-30,17.5,5,N,,0
LD11710,Instagram Ads,Full Stack Development,Kolkata,50k+,43,2026-06-14,14.2,3,N,,0
LD11711,LinkedIn,Data Science Bootcamp,Pune,15k-30k,32,2026-03-25,7.9,4,N,,0
LD11712,Google Ads,Power BI & Tableau,Chennai,50k+,50,2026-05-12,9.2,5,N,,0
LD11713,Walk-in,Full Stack Development,Ahmedabad,15k-30k,72,2026-01-20,8.4,2,N,,0
LD11714,Organic Search,Digital Marketing,Chennai,30k-50k,70,2026-06-10,5.0,0,N,,0
LD11715,Google Ads,Digital Marketing,Kolkata,50k+,48,2026-02-08,6.7,5,N,,0
LD11716,LinkedIn,Full Stack Development,Mumbai,30k-50k,75,2026-05-02,65.3,2,N,,0
LD11717,Instagram Ads,Power BI & Tableau,Kolkata,15k-30k,42,2026-07-25,9.6,1,N,,0
LD11718,Organic Search,Power BI & Tableau,Chennai,30k-50k,33,2026-04-08,4.5,2,N,,0
LD11719,Google Ads,Python for Data Analysis,Kolkata,50k+,44,2026-06-05,7.6,3,N,,0
LD11720,LinkedIn,Data Science Bootcamp,Delhi NCR,<15k,55,2026-05-17,8.1,4,N,,0
LD11721,Google Ads,Power BI & Tableau,Pune,<15k,11,2026-05-06,3.4,7,N,,0
LD11722,Google Ads,Digital Marketing,Delhi NCR,<15k,53,2025-11-07,31.5,3,N,,0
LD11723,Organic Search,Business Analytics,Chennai,15k-30k,74,2026-03-09,2.9,3,Y,2026-03-12,21633
LD11724,Google Ads,Data Science Bootcamp,Pune,30k-50k,21,2026-07-22,13.4,4,N,,0
LD11725,LinkedIn,Data Science Bootcamp,Ahmedabad,<15k,50,2026-06-01,5.3,4,N,,0
LD11726,LinkedIn,Digital Marketing,Pune,15k-30k,57,2026-05-30,10.8,4,N,,0
LD11727,Walk-in,Digital Marketing,Mumbai,30k-50k,53,2026-04-06,13.7,5,Y,2026-04-11,39351
LD11728,Organic Search,Business Analytics,Delhi NCR,30k-50k,24,2026-05-15,7.9,3,N,,0
LD11729,Walk-in,Data Science Bootcamp,Mumbai,50k+,47,2026-04-08,30.8,7,N,,0
LD11730,Organic Search,Full Stack Development,Chennai,<15k,50,2025-12-16,34.5,6,N,,0
LD11731,Referral,Python for Data Analysis,Ahmedabad,15k-30k,48,2026-04-20,39.0,3,N,,0
LD11732,LinkedIn,Full Stack Development,Delhi NCR,<15k,70,2026-04-18,11.2,2,N,,0
LD11733,Instagram Ads,Data Science Bootcamp,Hyderabad,50k+,42,2026-06-17,38.1,4,N,,0
LD11734,Referral,Data Science Bootcamp,Chennai,30k-50k,23,2025-12-10,13.7,7,N,,0
LD11735,Instagram Ads,Python for Data Analysis,Hyderabad,50k+,63,2026-05-04,14.1,5,N,,0
LD11736,Referral,Business Analytics,Kolkata,<15k,65,2025-11-08,2.7,2,N,,0
LD11737,Google Ads,Data Science Bootcamp,Bengaluru,30k-50k,44,2026-07-16,12.4,3,N,,0
LD11738,Referral,Digital Marketing,Chennai,15k-30k,83,2025-11-30,0.4,3,Y,2025-12-11,23998
LD11739,Google Ads,Power BI & Tableau,Pune,15k-30k,40,2025-11-05,31.8,3,N,,0
LD11740,Instagram Ads,Data Science Bootcamp,Ahmedabad,50k+,46,2026-01-24,18.6,1,N,,0
LD11741,Referral,Power BI & Tableau,Mumbai,<15k,52,2025-12-11,44.2,3,Y,2025-12-17,11537
LD11742,Referral,Python for Data Analysis,Kolkata,30k-50k,42,2026-05-07,2.6,4,Y,2026-05-11,38008
LD11743,LinkedIn,Business Analytics,Chennai,15k-30k,64,2026-02-20,34.5,5,N,,0
LD11744,Instagram Ads,Data Science Bootcamp,Bengaluru,50k+,36,2026-05-30,1.2,7,N,,0
LD11745,Google Ads,Power BI & Tableau,Delhi NCR,50k+,57,2026-07-09,14.4,2,N,,0
LD11746,Google Ads,Data Science Bootcamp,Kolkata,50k+,26,2026-06-26,26.6,3,N,,0
LD11747,LinkedIn,Full Stack Development,Pune,15k-30k,53,2026-05-19,0.3,5,N,,0
LD11748,LinkedIn,Python for Data Analysis,Ahmedabad,15k-30k,76,2025-11-17,24.1,1,N,,0
LD11749,LinkedIn,Python for Data Analysis,Mumbai,15k-30k,53,2025-12-07,40.7,7,N,,0
LD11750,Referral,Business Analytics,Delhi NCR,<15k,70,2025-12-26,20.2,3,N,,0
LD11751,Organic Search,Python for Data Analysis,Hyderabad,30k-50k,19,2026-01-27,60.6,3,N,,0
LD11752,Organic Search,Data Science Bootcamp,Kolkata,50k+,64,2026-04-29,63.6,3,N,,0
LD11753,Google Ads,Digital Marketing,Mumbai,30k-50k,13,2026-03-23,10.7,1,Y,2026-03-26,38229
LD11754,Google Ads,Digital Marketing,Bengaluru,30k-50k,60,2026-01-24,2.5,5,N,,0
LD11755,Google Ads,Digital Marketing,Chennai,15k-30k,31,2025-12-17,21.8,3,N,,0
LD11756,Instagram Ads,Power BI & Tableau,Pune,50k+,41,2026-07-07,15.6,6,N,,0
LD11757,Organic Search,Python for Data Analysis,Mumbai,<15k,34,2026-02-01,3.9,6,N,,0
LD11758,Organic Search,Business Analytics,Pune,30k-50k,59,2026-02-04,0.8,2,N,,0
LD11759,Instagram Ads,Full Stack Development,Hyderabad,<15k,58,2026-05-29,9.7,4,Y,2026-06-10,11280
LD11760,Referral,Full Stack Development,Mumbai,<15k,64,2026-05-15,11.3,3,N,,0
LD11761,Walk-in,Power BI & Tableau,Delhi NCR,15k-30k,56,2026-04-24,20.8,1,N,,0
LD11762,Instagram Ads,Data Science Bootcamp,Hyderabad,30k-50k,39,2026-05-08,9.9,1,Y,2026-05-10,41723
LD11763,LinkedIn,Digital Marketing,Ahmedabad,50k+,52,2026-04-15,10.8,1,N,,0
LD11764,Organic Search,Data Science Bootcamp,Mumbai,30k-50k,51,2025-12-22,16.7,1,N,,0
LD11765,Google Ads,Full Stack Development,Mumbai,15k-30k,53,2026-01-06,24.0,6,N,,0
LD11766,Google Ads,Power BI & Tableau,Ahmedabad,30k-50k,69,2026-04-01,2.4,3,N,,0
LD11767,Organic Search,Power BI & Tableau,Bengaluru,15k-30k,48,2025-12-31,32.9,3,N,,0
LD11768,Walk-in,Python for Data Analysis,Delhi NCR,<15k,38,2026-07-23,0.9,3,N,,0
LD11769,Organic Search,Business Analytics,Delhi NCR,<15k,63,2026-01-20,7.3,6,Y,2026-01-24,12662
LD11770,Google Ads,Business Analytics,Bengaluru,30k-50k,61,2026-01-17,7.3,4,Y,2026-01-18,40470
LD11771,Referral,Python for Data Analysis,Hyderabad,<15k,49,2025-12-26,4.1,3,N,,0
LD11772,Organic Search,Python for Data Analysis,Chennai,30k-50k,86,2026-05-11,19.8,4,N,,0
LD11773,Organic Search,Data Science Bootcamp,Delhi NCR,<15k,54,2026-01-25,3.5,1,N,,0
LD11774,Referral,Full Stack Development,Mumbai,50k+,21,2026-02-03,1.6,1,Y,2026-02-09,65051
LD11775,Instagram Ads,Python for Data Analysis,Chennai,<15k,36,2026-07-12,1.3,5,N,,0
LD11776,Instagram Ads,Python for Data Analysis,Pune,<15k,67,2026-06-05,32.1,2,N,,0
LD11777,Google Ads,Business Analytics,Bengaluru,50k+,58,2026-01-13,19.1,4,N,,0
LD11778,Google Ads,Data Science Bootcamp,Delhi NCR,15k-30k,69,2025-12-03,11.5,3,N,,0
LD11779,Referral,Digital Marketing,Kolkata,50k+,53,2026-05-03,22.7,2,N,,0
LD11780,Organic Search,Full Stack Development,Bengaluru,15k-30k,10,2026-02-11,1.6,3,N,,0
LD11781,Instagram Ads,Digital Marketing,Chennai,30k-50k,47,2026-07-25,10.4,0,N,,0
LD11782,Instagram Ads,Full Stack Development,Mumbai,30k-50k,50,2026-06-11,17.3,3,N,,0
LD11783,Instagram Ads,Power BI & Tableau,Bengaluru,30k-50k,43,2026-07-18,48.3,1,N,,0
LD11784,Organic Search,Full Stack Development,Kolkata,30k-50k,50,2026-06-07,11.4,1,N,,0
LD11785,Instagram Ads,Data Science Bootcamp,Mumbai,30k-50k,67,2026-01-18,29.7,2,N,,0
LD11786,Google Ads,Business Analytics,Kolkata,30k-50k,30,2026-01-17,16.2,4,N,,0
LD11787,Instagram Ads,Full Stack Development,Hyderabad,15k-30k,89,2026-05-13,3.7,3,Y,2026-05-24,23074
LD11788,LinkedIn,Full Stack Development,Mumbai,50k+,21,2026-02-02,0.2,4,N,,0
LD11789,Referral,Python for Data Analysis,Pune,15k-30k,45,2026-02-28,0.7,3,N,,0
LD11790,Google Ads,Python for Data Analysis,Chennai,30k-50k,98,2026-01-09,5.6,2,N,,0
LD11791,Instagram Ads,Python for Data Analysis,Mumbai,15k-30k,88,2026-03-10,0.5,3,N,,0
LD11792,Organic Search,Full Stack Development,Mumbai,15k-30k,41,2025-12-25,25.8,5,N,,0
LD11793,Organic Search,Business Analytics,Pune,30k-50k,4,2026-03-27,5.1,3,N,,0
LD11794,Google Ads,Python for Data Analysis,Pune,15k-30k,84,2026-07-12,3.1,0,N,,0
LD11795,Referral,Digital Marketing,Hyderabad,<15k,38,2026-05-09,27.8,1,N,,0
LD11796,Organic Search,Business Analytics,Pune,30k-50k,76,2025-12-07,7.1,2,Y,2025-12-09,42197
LD11797,Referral,Full Stack Development,Chennai,<15k,62,2026-04-17,0.2,3,Y,2026-04-20,11383
LD11798,Instagram Ads,Python for Data Analysis,Delhi NCR,50k+,55,2026-04-09,8.6,5,N,,0
LD11799,Instagram Ads,Python for Data Analysis,Pune,30k-50k,77,2026-01-05,12.1,3,Y,2026-01-11,40315
LD11800,LinkedIn,Business Analytics,Pune,<15k,57,2026-05-01,1.8,6,Y,2026-05-03,11637
LD11801,LinkedIn,Business Analytics,Delhi NCR,<15k,52,2026-03-24,40.2,3,N,,0
LD11802,Referral,Power BI & Tableau,Mumbai,15k-30k,36,2026-04-23,10.4,0,N,,0
LD11803,Referral,Business Analytics,Chennai,<15k,42,2025-11-14,11.6,2,N,,0
LD11804,Instagram Ads,Data Science Bootcamp,Pune,50k+,70,2026-02-20,0.6,3,N,,0
LD11805,Organic Search,Power BI & Tableau,Chennai,50k+,37,2026-05-14,3.6,6,N,,0
LD11806,Instagram Ads,Business Analytics,Ahmedabad,50k+,43,2025-11-27,1.5,0,N,,0
LD11807,Google Ads,Python for Data Analysis,Pune,15k-30k,61,2026-05-29,25.1,3,N,,0
LD11808,LinkedIn,Business Analytics,Bengaluru,15k-30k,52,2025-11-01,45.5,7,N,,0
LD11809,Organic Search,Python for Data Analysis,Delhi NCR,<15k,23,2026-03-30,21.2,4,N,,0
LD11810,Organic Search,Python for Data Analysis,Mumbai,15k-30k,52,2026-07-11,1.4,3,N,,0
LD11811,Organic Search,Business Analytics,Pune,<15k,61,2026-02-19,3.2,0,Y,2026-02-21,12617
LD11812,Referral,Python for Data Analysis,Chennai,50k+,48,2026-07-13,27.5,1,N,,0
LD11813,Instagram Ads,Python for Data Analysis,Kolkata,15k-30k,57,2026-06-27,14.5,4,N,,0
LD11814,Referral,Python for Data Analysis,Kolkata,<15k,68,2026-03-10,32.4,0,N,,0
LD11815,Google Ads,Full Stack Development,Kolkata,30k-50k,70,2025-12-24,1.4,3,N,,0
LD11816,Referral,Power BI & Tableau,Hyderabad,<15k,65,2026-07-21,4.7,1,N,,0
LD11817,Referral,Python for Data Analysis,Bengaluru,50k+,52,2026-01-26,45.1,5,Y,2026-01-30,60928
LD11818,Referral,Business Analytics,Bengaluru,50k+,77,2026-04-25,20.5,1,N,,0
LD11819,LinkedIn,Power BI & Tableau,Bengaluru,50k+,58,2026-07-05,22.9,3,N,,0
LD11820,Instagram Ads,Business Analytics,Ahmedabad,30k-50k,64,2025-11-24,11.3,3,N,,0
LD11821,Walk-in,Python for Data Analysis,Delhi NCR,30k-50k,47,2026-04-05,10.0,5,N,,0
LD11822,Instagram Ads,Python for Data Analysis,Kolkata,15k-30k,63,2026-03-26,23.8,2,N,,0
LD11823,Referral,Digital Marketing,Pune,<15k,46,2026-05-16,38.6,3,N,,0
LD11824,Google Ads,Python for Data Analysis,Hyderabad,50k+,5,2026-07-13,20.9,4,Y,2026-07-27,62210
LD11825,Referral,Full Stack Development,Pune,<15k,53,2026-07-07,69.6,3,N,,0
LD11826,Referral,Power BI & Tableau,Kolkata,15k-30k,56,2025-12-17,11.0,2,N,,0
LD11827,Google Ads,Python for Data Analysis,Ahmedabad,30k-50k,77,2026-06-28,15.0,3,Y,2026-07-06,40383
LD11828,Instagram Ads,Data Science Bootcamp,Ahmedabad,15k-30k,53,2025-12-17,30.6,5,N,,0
LD11829,LinkedIn,Power BI & Tableau,Ahmedabad,15k-30k,38,2026-07-09,1.0,2,N,,0
LD11830,Referral,Data Science Bootcamp,Chennai,30k-50k,55,2026-07-30,55.3,2,N,,0
LD11831,Organic Search,Full Stack Development,Hyderabad,15k-30k,54,2026-02-16,23.1,3,N,,0
LD11832,Referral,Data Science Bootcamp,Ahmedabad,<15k,94,2026-03-15,9.4,3,Y,2026-03-29,13105
LD11833,Organic Search,Full Stack Development,Hyderabad,30k-50k,74,2026-07-13,8.2,6,N,,0
LD11834,Organic Search,Power BI & Tableau,Pune,50k+,40,2026-07-20,11.3,1,N,,0
LD11835,Google Ads,Python for Data Analysis,Bengaluru,50k+,57,2026-07-10,16.9,0,N,,0
LD11836,Organic Search,Business Analytics,Pune,30k-50k,78,2026-06-27,22.3,2,N,,0
LD11837,LinkedIn,Business Analytics,Pune,15k-30k,100,2025-11-02,1.8,3,N,,0
LD11838,Google Ads,Full Stack Development,Kolkata,<15k,72,2026-04-04,0.9,5,N,,0
LD11839,Google Ads,Digital Marketing,Ahmedabad,30k-50k,77,2025-11-29,6.6,1,N,,0
LD11840,LinkedIn,Digital Marketing,Hyderabad,15k-30k,43,2026-07-26,45.5,4,N,,0
LD11841,Instagram Ads,Business Analytics,Bengaluru,15k-30k,76,2026-01-16,13.0,1,N,,0
LD11842,LinkedIn,Power BI & Tableau,Bengaluru,30k-50k,52,2026-07-28,3.9,2,N,,0
LD11843,Organic Search,Python for Data Analysis,Ahmedabad,50k+,48,2026-03-28,25.0,3,N,,0
LD11844,Google Ads,Power BI & Tableau,Ahmedabad,<15k,42,2026-03-14,2.1,0,N,,0
LD11845,Referral,Business Analytics,Ahmedabad,15k-30k,39,2026-07-14,22.2,2,N,,0
LD11846,Walk-in,Python for Data Analysis,Ahmedabad,50k+,67,2026-06-20,16.2,2,N,,0
LD11847,Organic Search,Data Science Bootcamp,Mumbai,<15k,47,2026-03-07,20.6,4,N,,0
LD11848,Organic Search,Power BI & Tableau,Mumbai,30k-50k,70,2025-12-22,168.0,5,N,,0
LD11849,Referral,Data Science Bootcamp,Pune,15k-30k,63,2025-11-30,37.6,2,N,,0
LD11850,Google Ads,Data Science Bootcamp,Bengaluru,30k-50k,54,2025-12-14,0.5,2,N,,0
LD11851,Google Ads,Business Analytics,Delhi NCR,<15k,45,2026-03-05,10.1,4,N,,0
LD11852,Instagram Ads,Digital Marketing,Bengaluru,<15k,65,2026-01-09,4.9,3,N,,0
LD11853,Walk-in,Data Science Bootcamp,Pune,50k+,7,2025-12-20,5.1,2,N,,0
LD11854,LinkedIn,Business Analytics,Pune,30k-50k,51,2026-05-20,14.1,0,N,,0
LD11855,Instagram Ads,Python for Data Analysis,Bengaluru,30k-50k,70,2026-06-03,17.2,5,N,,0
LD11856,LinkedIn,Data Science Bootcamp,Chennai,30k-50k,58,2026-04-04,0.2,0,N,,0
LD11857,Organic Search,Digital Marketing,Hyderabad,50k+,61,2026-05-25,28.0,2,Y,2026-05-28,65264
LD11858,LinkedIn,Python for Data Analysis,Delhi NCR,<15k,94,2025-12-17,22.1,3,N,,0
LD11859,Instagram Ads,Python for Data Analysis,Hyderabad,15k-30k,79,2026-06-21,4.3,2,Y,2026-07-12,20237
LD11860,LinkedIn,Full Stack Development,Chennai,30k-50k,99,2026-07-02,0.0,1,N,,0
LD11861,Google Ads,Power BI & Tableau,Mumbai,50k+,90,2026-06-13,24.1,1,N,,0
LD11862,Instagram Ads,Full Stack Development,Bengaluru,15k-30k,51,2026-03-20,25.6,5,N,,0
LD11863,Google Ads,Data Science Bootcamp,Ahmedabad,<15k,53,2025-11-23,10.1,6,N,,0
LD11864,Google Ads,Full Stack Development,Kolkata,30k-50k,44,2026-05-01,8.7,4,Y,2026-05-02,38340
LD11865,Referral,Power BI & Tableau,Delhi NCR,30k-50k,81,2025-12-20,1.2,1,N,,0
LD11866,Instagram Ads,Power BI & Tableau,Pune,30k-50k,85,2025-12-08,8.3,1,N,,0
LD11867,Walk-in,Power BI & Tableau,Ahmedabad,50k+,32,2026-01-27,18.8,2,N,,0
LD11868,Referral,Python for Data Analysis,Mumbai,15k-30k,71,2026-01-06,10.3,2,N,,0
LD11869,Organic Search,Full Stack Development,Mumbai,30k-50k,43,2026-01-10,11.0,2,N,,0
LD11870,Instagram Ads,Data Science Bootcamp,Bengaluru,<15k,30,2026-01-03,2.3,3,N,,0
LD11871,Instagram Ads,Python for Data Analysis,Mumbai,<15k,57,2026-05-24,2.7,3,N,,0
LD11872,Google Ads,Power BI & Tableau,Kolkata,50k+,43,2026-07-18,20.5,2,N,,0
LD11873,Instagram Ads,Data Science Bootcamp,Chennai,30k-50k,36,2026-01-21,36.4,2,N,,0
LD11874,Instagram Ads,Power BI & Tableau,Bengaluru,15k-30k,33,2026-05-16,1.4,3,N,,0
LD11875,Referral,Full Stack Development,Delhi NCR,15k-30k,57,2025-11-03,41.7,6,N,,0
LD11876,Organic Search,Digital Marketing,Delhi NCR,<15k,44,2026-04-27,2.9,3,N,,0
LD11877,Instagram Ads,Digital Marketing,Bengaluru,30k-50k,37,2026-05-08,6.2,2,N,,0
LD11878,Referral,Data Science Bootcamp,Chennai,30k-50k,54,2025-11-16,5.3,1,N,,0
LD11879,Walk-in,Python for Data Analysis,Pune,<15k,64,2025-12-02,37.4,2,N,,0
LD11880,LinkedIn,Business Analytics,Chennai,30k-50k,97,2026-01-22,3.3,0,Y,2026-01-24,36266
LD11881,Referral,Full Stack Development,Ahmedabad,50k+,33,2026-02-18,6.8,2,N,,0
LD11882,Walk-in,Data Science Bootcamp,Ahmedabad,15k-30k,81,2026-03-17,0.7,4,N,,0
LD11883,LinkedIn,Business Analytics,Chennai,50k+,39,2026-07-02,0.8,1,N,,0
LD11884,Instagram Ads,Python for Data Analysis,Bengaluru,50k+,37,2026-05-11,2.5,2,N,,0
LD11885,Walk-in,Power BI & Tableau,Chennai,30k-50k,65,2026-01-23,25.4,3,N,,0
LD11886,Organic Search,Power BI & Tableau,Mumbai,<15k,23,2025-12-02,39.7,3,N,,0
LD11887,Instagram Ads,Power BI & Tableau,Chennai,30k-50k,69,2026-07-08,35.6,2,Y,2026-07-12,36251
LD11888,Google Ads,Data Science Bootcamp,Delhi NCR,15k-30k,48,2026-01-19,3.4,3,N,,0
LD11889,Instagram Ads,Data Science Bootcamp,Kolkata,30k-50k,48,2026-04-16,5.4,3,N,,0
LD11890,Instagram Ads,Full Stack Development,Kolkata,15k-30k,39,2025-12-29,29.9,3,N,,0
LD11891,Organic Search,Business Analytics,Delhi NCR,<15k,7,2025-12-06,15.4,3,N,,0
LD11892,LinkedIn,Full Stack Development,Bengaluru,30k-50k,50,2025-12-11,0.1,6,Y,2025-12-19,42961
LD11893,LinkedIn,Digital Marketing,Hyderabad,50k+,100,2026-05-23,18.6,4,N,,0
LD11894,Walk-in,Python for Data Analysis,Chennai,15k-30k,68,2026-04-14,15.3,1,N,,0
LD11895,Organic Search,Python for Data Analysis,Mumbai,30k-50k,52,2026-02-21,24.6,1,Y,2026-02-27,39039
LD11896,Instagram Ads,Power BI & Tableau,Pune,30k-50k,24,2026-03-29,7.3,3,N,,0
LD11897,Organic Search,Data Science Bootcamp,Bengaluru,30k-50k,81,2026-03-08,90.3,3,N,,0
LD11898,Organic Search,Business Analytics,Ahmedabad,<15k,49,2026-03-26,24.6,3,N,,0
LD11899,Google Ads,Power BI & Tableau,Ahmedabad,<15k,82,2026-04-30,25.0,4,N,,0
LD11900,Instagram Ads,Power BI & Tableau,Mumbai,15k-30k,27,2025-12-29,15.1,7,N,,0
LD11901,Google Ads,Digital Marketing,Delhi NCR,50k+,47,2026-01-06,0.4,1,Y,2026-01-15,59461
LD11902,Instagram Ads,Digital Marketing,Hyderabad,15k-30k,42,2026-05-25,1.8,1,N,,0
LD11903,Walk-in,Power BI & Tableau,Mumbai,15k-30k,56,2026-06-26,37.5,2,N,,0
LD11904,Instagram Ads,Full Stack Development,Ahmedabad,<15k,40,2025-11-22,84.2,7,N,,0
LD11905,Google Ads,Python for Data Analysis,Bengaluru,<15k,56,2026-03-01,38.1,5,Y,2026-03-12,11587
LD11906,Google Ads,Digital Marketing,Hyderabad,<15k,43,2026-05-11,28.9,0,N,,0
LD11907,Google Ads,Digital Marketing,Bengaluru,50k+,67,2025-11-21,4.7,6,N,,0
LD11908,Instagram Ads,Data Science Bootcamp,Bengaluru,30k-50k,44,2026-04-03,8.5,5,N,,0
LD11909,Walk-in,Power BI & Tableau,Mumbai,30k-50k,2,2025-11-16,42.9,1,N,,0
LD11910,Walk-in,Digital Marketing,Mumbai,15k-30k,37,2026-03-29,2.1,4,Y,2026-04-09,22867
LD11911,Google Ads,Digital Marketing,Chennai,30k-50k,46,2026-03-17,39.3,5,N,,0
LD11912,Instagram Ads,Python for Data Analysis,Delhi NCR,<15k,51,2026-04-05,14.1,5,N,,0
LD11913,Google Ads,Business Analytics,Delhi NCR,15k-30k,26,2025-12-10,18.9,1,N,,0
LD11914,Instagram Ads,Data Science Bootcamp,Hyderabad,<15k,98,2026-01-28,34.9,3,N,,0
LD11915,Google Ads,Business Analytics,Chennai,30k-50k,58,2026-03-22,43.3,3,N,,0
LD11916,Referral,Digital Marketing,Delhi NCR,15k-30k,67,2025-12-01,22.3,1,N,,0
LD11917,Organic Search,Power BI & Tableau,Pune,15k-30k,51,2025-12-26,26.5,3,N,,0
LD11918,Google Ads,Data Science Bootcamp,Chennai,30k-50k,61,2026-04-08,61.8,2,N,,0
LD11919,Referral,Power BI & Tableau,Bengaluru,50k+,35,2025-11-24,2.5,6,N,,0
LD11920,Referral,Business Analytics,Ahmedabad,<15k,74,2026-03-19,2.1,5,Y,2026-03-25,11856
LD11921,Google Ads,Full Stack Development,Hyderabad,<15k,35,2026-06-08,20.1,1,N,,0
LD11922,Instagram Ads,Python for Data Analysis,Hyderabad,<15k,19,2026-03-03,1.0,3,N,,0
LD11923,Google Ads,Python for Data Analysis,Pune,50k+,32,2026-03-20,27.8,5,N,,0
LD11924,Organic Search,Full Stack Development,Chennai,50k+,80,2026-03-04,47.3,3,N,,0
LD11925,Instagram Ads,Digital Marketing,Mumbai,30k-50k,47,2025-11-15,18.1,4,Y,2025-11-18,37566
LD11926,LinkedIn,Full Stack Development,Ahmedabad,<15k,57,2026-03-06,33.5,2,N,,0
LD11927,Referral,Power BI & Tableau,Hyderabad,15k-30k,78,2026-06-08,19.2,3,N,,0
LD11928,Instagram Ads,Full Stack Development,Hyderabad,50k+,90,2026-05-16,8.3,3,N,,0
LD11929,Instagram Ads,Python for Data Analysis,Ahmedabad,30k-50k,51,2026-02-16,12.6,3,N,,0
LD11930,Instagram Ads,Python for Data Analysis,Mumbai,15k-30k,60,2026-06-10,22.1,6,N,,0
LD11931,Google Ads,Business Analytics,Chennai,30k-50k,73,2026-05-22,14.1,1,N,,0
LD11932,Google Ads,Python for Data Analysis,Chennai,15k-30k,71,2026-04-06,13.3,1,N,,0
LD11933,Instagram Ads,Digital Marketing,Ahmedabad,50k+,55,2025-11-12,1.5,1,N,,0
LD11934,Instagram Ads,Data Science Bootcamp,Ahmedabad,<15k,66,2026-02-02,15.8,3,N,,0
LD11935,Google Ads,Data Science Bootcamp,Ahmedabad,30k-50k,57,2025-11-17,0.3,3,N,,0
LD11936,Google Ads,Python for Data Analysis,Delhi NCR,15k-30k,42,2026-07-29,9.8,1,N,,0
LD11937,Google Ads,Digital Marketing,Hyderabad,15k-30k,89,2026-07-13,13.6,2,N,,0
LD11938,Instagram Ads,Python for Data Analysis,Chennai,<15k,100,2025-11-18,0.7,2,N,,0
LD11939,Google Ads,Power BI & Tableau,Delhi NCR,<15k,63,2026-07-12,17.3,2,Y,2026-08-03,12196
LD11940,Organic Search,Power BI & Tableau,Kolkata,50k+,54,2025-11-08,10.1,4,N,,0
LD11941,LinkedIn,Power BI & Tableau,Mumbai,50k+,37,2026-02-19,7.0,6,N,,0
LD11942,Instagram Ads,Power BI & Tableau,Pune,15k-30k,80,2026-05-28,5.1,4,N,,0
LD11943,Referral,Python for Data Analysis,Hyderabad,50k+,80,2026-05-28,6.2,3,N,,0
LD11944,Organic Search,Digital Marketing,Kolkata,15k-30k,75,2026-07-25,9.0,2,N,,0
LD11945,Instagram Ads,Python for Data Analysis,Mumbai,30k-50k,77,2026-04-25,50.0,5,N,,0
LD11946,Organic Search,Business Analytics,Ahmedabad,<15k,70,2026-02-22,0.8,3,Y,2026-02-27,11206
LD11947,Organic Search,Data Science Bootcamp,Chennai,50k+,45,2026-07-29,4.9,3,Y,2026-08-01,64016
LD11948,Referral,Power BI & Tableau,Ahmedabad,<15k,64,2026-02-12,8.4,1,N,,0
LD11949,Google Ads,Business Analytics,Kolkata,30k-50k,47,2026-06-25,18.8,4,N,,0
LD11950,Instagram Ads,Data Science Bootcamp,Kolkata,<15k,32,2026-07-05,10.2,1,N,,0
LD11951,LinkedIn,Digital Marketing,Bengaluru,50k+,79,2026-02-10,6.5,3,N,,0
LD11952,Instagram Ads,Data Science Bootcamp,Pune,15k-30k,20,2026-05-05,2.2,6,N,,0
LD11953,Organic Search,Power BI & Tableau,Pune,<15k,36,2026-04-29,2.1,4,N,,0
LD11954,Instagram Ads,Full Stack Development,Ahmedabad,15k-30k,95,2026-03-27,58.5,3,N,,0
LD11955,Organic Search,Power BI & Tableau,Kolkata,30k-50k,86,2026-04-27,18.1,3,N,,0
LD11956,Organic Search,Power BI & Tableau,Mumbai,50k+,48,2026-02-02,13.1,2,Y,2026-02-04,63479
LD11957,Instagram Ads,Business Analytics,Delhi NCR,30k-50k,70,2025-12-18,59.7,6,N,,0
LD11958,LinkedIn,Power BI & Tableau,Kolkata,30k-50k,71,2026-03-26,43.0,4,N,,0
LD11959,LinkedIn,Full Stack Development,Hyderabad,30k-50k,93,2026-03-24,24.6,4,N,,0
LD11960,Organic Search,Power BI & Tableau,Kolkata,<15k,55,2026-05-17,30.7,3,Y,2026-05-21,11711
LD11961,LinkedIn,Business Analytics,Bengaluru,30k-50k,64,2025-12-30,19.1,2,N,,0
LD11962,Organic Search,Digital Marketing,Bengaluru,<15k,32,2025-10-31,9.3,5,N,,0
LD11963,Instagram Ads,Full Stack Development,Hyderabad,30k-50k,56,2025-11-06,13.3,2,N,,0
LD11964,Instagram Ads,Digital Marketing,Mumbai,<15k,43,2026-01-20,7.0,0,N,,0
LD11965,Referral,Python for Data Analysis,Chennai,50k+,21,2026-05-02,30.4,5,Y,2026-05-09,64859
LD11966,Instagram Ads,Full Stack Development,Kolkata,50k+,64,2026-03-28,9.1,2,N,,0
LD11967,LinkedIn,Python for Data Analysis,Mumbai,50k+,46,2026-03-25,18.8,6,Y,2026-03-26,63641
LD11968,Walk-in,Full Stack Development,Ahmedabad,15k-30k,37,2026-06-12,36.9,2,N,,0
LD11969,Instagram Ads,Business Analytics,Kolkata,15k-30k,62,2026-01-06,25.3,3,N,,0
LD11970,Organic Search,Digital Marketing,Pune,50k+,34,2026-02-02,7.7,5,N,,0
LD11971,Google Ads,Digital Marketing,Pune,15k-30k,48,2026-01-14,0.5,3,N,,0
LD11972,Google Ads,Data Science Bootcamp,Bengaluru,<15k,66,2026-07-13,15.5,4,N,,0
LD11973,Organic Search,Business Analytics,Kolkata,50k+,59,2026-05-16,19.6,3,N,,0
LD11974,Instagram Ads,Business Analytics,Pune,<15k,32,2025-11-30,45.6,5,N,,0
LD11975,Walk-in,Full Stack Development,Ahmedabad,50k+,17,2026-06-08,47.1,2,N,,0
LD11976,Referral,Full Stack Development,Pune,50k+,43,2026-02-22,25.9,2,Y,2026-03-05,65430
LD11977,Referral,Python for Data Analysis,Ahmedabad,50k+,57,2026-05-28,1.0,5,N,,0
LD11978,LinkedIn,Python for Data Analysis,Mumbai,30k-50k,80,2026-06-29,28.1,4,N,,0
LD11979,Instagram Ads,Business Analytics,Bengaluru,50k+,34,2025-11-04,29.7,3,N,,0
LD11980,Referral,Power BI & Tableau,Mumbai,50k+,93,2025-12-26,12.7,2,N,,0
LD11981,LinkedIn,Full Stack Development,Kolkata,30k-50k,60,2025-11-27,4.4,4,N,,0
LD11982,Referral,Power BI & Tableau,Bengaluru,30k-50k,70,2025-11-09,8.7,4,N,,0
LD11983,Instagram Ads,Data Science Bootcamp,Chennai,50k+,35,2026-04-12,12.4,6,N,,0
LD11984,Instagram Ads,Data Science Bootcamp,Hyderabad,50k+,80,2026-05-10,3.3,0,N,,0
LD11985,Referral,Business Analytics,Ahmedabad,30k-50k,78,2025-11-13,21.7,7,N,,0
LD11986,Google Ads,Power BI & Tableau,Hyderabad,<15k,77,2026-05-21,15.8,0,N,,0
LD11987,Instagram Ads,Business Analytics,Hyderabad,50k+,55,2026-02-17,13.3,3,Y,2026-02-24,58907
LD11988,Instagram Ads,Full Stack Development,Bengaluru,30k-50k,34,2026-01-02,14.4,1,N,,0
LD11989,LinkedIn,Digital Marketing,Ahmedabad,<15k,60,2025-12-29,23.1,3,N,,0
LD11990,Referral,Python for Data Analysis,Chennai,50k+,61,2026-06-23,20.4,5,N,,0
LD11991,Walk-in,Python for Data Analysis,Delhi NCR,30k-50k,44,2025-11-15,22.0,2,N,,0
LD11992,Google Ads,Digital Marketing,Bengaluru,15k-30k,71,2026-03-17,5.6,4,N,,0
LD11993,Organic Search,Full Stack Development,Delhi NCR,30k-50k,56,2026-01-17,20.0,1,N,,0
LD11994,Instagram Ads,Data Science Bootcamp,Pune,50k+,78,2026-06-10,10.2,2,N,,0
LD11995,Organic Search,Power BI & Tableau,Delhi NCR,<15k,66,2026-05-18,16.1,4,N,,0
LD11996,Instagram Ads,Full Stack Development,Delhi NCR,<15k,27,2026-01-26,31.9,2,N,,0
LD11997,Walk-in,Python for Data Analysis,Pune,<15k,13,2026-04-12,35.7,1,N,,0
LD11998,Walk-in,Power BI & Tableau,Delhi NCR,<15k,40,2026-05-02,8.1,2,N,,0
LD11999,Organic Search,Digital Marketing,Delhi NCR,15k-30k,0,2026-01-26,51.2,1,N,,0
LD12000,Walk-in,Digital Marketing,Bengaluru,30k-50k,40,2026-01-21,31.1,4,N,,0
LD12001,Instagram Ads,Full Stack Development,Pune,<15k,36,2025-12-09,5.6,2,Y,2025-12-11,11887
LD12002,Instagram Ads,Power BI & Tableau,Ahmedabad,15k-30k,45,2026-04-29,5.4,3,N,,0
LD12003,Google Ads,Digital Marketing,Delhi NCR,15k-30k,62,2025-12-30,3.7,3,Y,2026-01-07,24077
LD12004,Walk-in,Full Stack Development,Ahmedabad,15k-30k,52,2026-01-21,11.5,1,N,,0
LD12005,LinkedIn,Business Analytics,Chennai,<15k,51,2025-11-16,16.9,6,N,,0
LD12006,LinkedIn,Data Science Bootcamp,Pune,15k-30k,88,2026-07-16,21.5,3,N,,0
LD12007,Instagram Ads,Python for Data Analysis,Kolkata,50k+,33,2026-06-28,19.2,5,N,,0
LD12008,Walk-in,Business Analytics,Pune,50k+,35,2026-07-06,1.3,2,N,,0
LD12009,Google Ads,Business Analytics,Bengaluru,30k-50k,52,2026-04-19,13.8,4,N,,0
LD12010,LinkedIn,Full Stack Development,Hyderabad,30k-50k,74,2026-02-24,10.4,6,N,,0
LD12011,Walk-in,Data Science Bootcamp,Ahmedabad,15k-30k,35,2026-03-15,6.9,2,N,,0
LD12012,Instagram Ads,Python for Data Analysis,Delhi NCR,50k+,33,2026-07-23,28.0,4,N,,0
LD12013,Google Ads,Python for Data Analysis,Kolkata,15k-30k,60,2026-07-15,7.4,3,N,,0
LD12014,Instagram Ads,Full Stack Development,Ahmedabad,50k+,100,2026-05-02,22.8,1,N,,0
LD12015,LinkedIn,Digital Marketing,Kolkata,15k-30k,37,2026-06-02,13.4,2,N,,0
LD12016,Walk-in,Data Science Bootcamp,Ahmedabad,30k-50k,55,2026-01-26,22.9,1,N,,0
LD12017,LinkedIn,Python for Data Analysis,Bengaluru,30k-50k,23,2026-02-21,0.6,7,N,,0
LD12018,Instagram Ads,Data Science Bootcamp,Kolkata,30k-50k,75,2025-12-10,2.8,5,N,,0
LD12019,Referral,Power BI & Tableau,Chennai,30k-50k,57,2026-02-10,27.3,4,N,,0
LD12020,LinkedIn,Digital Marketing,Hyderabad,30k-50k,56,2026-05-24,48.8,3,N,,0
LD12021,LinkedIn,Digital Marketing,Ahmedabad,50k+,71,2026-03-09,18.0,1,N,,0
LD12022,Organic Search,Full Stack Development,Mumbai,15k-30k,73,2026-06-19,31.8,5,Y,2026-06-22,22192
LD12023,Instagram Ads,Power BI & Tableau,Pune,30k-50k,32,2026-01-21,4.5,3,N,,0
LD12024,Google Ads,Digital Marketing,Bengaluru,<15k,59,2026-05-12,29.7,3,N,,0
LD12025,Walk-in,Data Science Bootcamp,Kolkata,<15k,42,2026-06-07,14.9,9,N,,0
LD12026,Referral,Data Science Bootcamp,Ahmedabad,<15k,28,2026-07-07,10.9,7,N,,0
LD12027,Referral,Digital Marketing,Delhi NCR,15k-30k,19,2026-04-02,16.0,8,N,,0
LD12028,LinkedIn,Digital Marketing,Bengaluru,15k-30k,40,2026-07-22,66.6,3,N,,0
LD12029,Google Ads,Data Science Bootcamp,Bengaluru,<15k,44,2026-04-01,86.4,0,N,,0
LD12030,Google Ads,Power BI & Tableau,Hyderabad,15k-30k,44,2025-12-06,11.0,2,N,,0
LD12031,Instagram Ads,Full Stack Development,Hyderabad,<15k,90,2026-01-05,28.1,4,N,,0
LD12032,Organic Search,Power BI & Tableau,Kolkata,15k-30k,100,2025-12-25,32.2,3,N,,0
LD12033,Google Ads,Full Stack Development,Hyderabad,15k-30k,71,2026-04-25,2.6,3,N,,0
LD12034,Walk-in,Full Stack Development,Delhi NCR,15k-30k,56,2026-07-09,2.6,3,N,,0
LD12035,Referral,Digital Marketing,Hyderabad,50k+,56,2026-06-19,23.5,4,N,,0
LD12036,Instagram Ads,Full Stack Development,Delhi NCR,50k+,38,2025-11-25,12.7,1,N,,0
LD12037,LinkedIn,Python for Data Analysis,Delhi NCR,30k-50k,70,2026-05-16,60.6,2,N,,0
LD12038,Instagram Ads,Business Analytics,Delhi NCR,<15k,17,2025-12-22,62.8,6,N,,0
LD12039,Google Ads,Data Science Bootcamp,Kolkata,50k+,28,2026-01-12,14.4,4,N,,0
LD12040,Referral,Digital Marketing,Delhi NCR,<15k,40,2026-05-02,24.7,1,N,,0
LD12041,Google Ads,Digital Marketing,Ahmedabad,15k-30k,62,2026-04-13,8.9,4,N,,0
LD12042,LinkedIn,Data Science Bootcamp,Mumbai,50k+,90,2026-06-26,5.0,7,N,,0
LD12043,Instagram Ads,Power BI & Tableau,Pune,50k+,64,2025-12-21,1.7,1,Y,2025-12-24,66092
LD12044,Referral,Full Stack Development,Hyderabad,50k+,44,2026-05-26,27.0,6,N,,0
LD12045,Instagram Ads,Business Analytics,Mumbai,50k+,83,2026-05-16,17.1,0,N,,0
LD12046,Instagram Ads,Power BI & Tableau,Ahmedabad,<15k,55,2026-04-01,27.8,3,N,,0
LD12047,Instagram Ads,Full Stack Development,Hyderabad,30k-50k,38,2026-03-10,82.2,0,Y,2026-03-20,41547
LD12048,Organic Search,Data Science Bootcamp,Hyderabad,<15k,42,2026-06-25,5.3,5,N,,0
LD12049,Organic Search,Power BI & Tableau,Ahmedabad,30k-50k,24,2026-01-29,19.2,1,N,,0
LD12050,LinkedIn,Data Science Bootcamp,Pune,50k+,40,2026-07-19,18.3,3,N,,0
LD12051,Walk-in,Full Stack Development,Bengaluru,<15k,32,2025-11-04,23.4,3,N,,0
LD12052,Google Ads,Full Stack Development,Delhi NCR,50k+,72,2026-07-13,11.8,4,N,,0
LD12053,Google Ads,Business Analytics,Kolkata,30k-50k,46,2026-07-20,26.6,4,N,,0
LD12054,Google Ads,Power BI & Tableau,Ahmedabad,<15k,82,2025-12-02,18.3,4,N,,0
LD12055,Organic Search,Python for Data Analysis,Kolkata,50k+,22,2026-07-30,20.1,2,N,,0
LD12056,Instagram Ads,Full Stack Development,Mumbai,<15k,51,2026-03-10,4.7,2,N,,0
LD12057,Referral,Data Science Bootcamp,Ahmedabad,50k+,53,2026-01-05,17.8,2,Y,2026-01-07,58842
LD12058,Walk-in,Data Science Bootcamp,Chennai,30k-50k,59,2026-04-14,5.9,3,Y,2026-04-19,39249
LD12059,Referral,Full Stack Development,Kolkata,30k-50k,47,2025-12-25,10.4,4,Y,2025-12-31,38569
LD12060,Google Ads,Data Science Bootcamp,Chennai,<15k,50,2026-07-07,72.8,2,N,,0
LD12061,Referral,Power BI & Tableau,Hyderabad,30k-50k,34,2026-03-30,52.7,1,N,,0
LD12062,Referral,Python for Data Analysis,Mumbai,30k-50k,48,2026-05-30,1.3,3,N,,0
LD12063,Google Ads,Business Analytics,Kolkata,<15k,54,2026-02-11,27.1,3,N,,0
LD12064,Organic Search,Full Stack Development,Delhi NCR,15k-30k,52,2026-03-25,2.8,4,N,,0
LD12065,Google Ads,Full Stack Development,Hyderabad,50k+,57,2026-02-06,13.4,3,N,,0
LD12066,Referral,Full Stack Development,Ahmedabad,30k-50k,20,2026-01-10,11.8,4,N,,0
LD12067,Organic Search,Data Science Bootcamp,Mumbai,50k+,40,2026-03-19,12.7,3,N,,0
LD12068,Organic Search,Business Analytics,Mumbai,<15k,51,2026-03-15,51.0,6,N,,0
LD12069,Instagram Ads,Data Science Bootcamp,Ahmedabad,15k-30k,61,2025-11-26,14.6,6,N,,0
LD12070,Referral,Python for Data Analysis,Delhi NCR,<15k,10,2026-07-25,90.6,6,N,,0
LD12071,Google Ads,Python for Data Analysis,Bengaluru,50k+,57,2026-03-08,23.8,3,N,,0
LD12072,Referral,Data Science Bootcamp,Bengaluru,30k-50k,55,2026-06-17,14.5,2,N,,0
LD12073,LinkedIn,Digital Marketing,Kolkata,<15k,84,2026-07-07,27.6,4,Y,2026-07-08,10961
LD12074,Organic Search,Data Science Bootcamp,Ahmedabad,15k-30k,50,2026-02-09,12.5,1,N,,0
LD12075,Google Ads,Full Stack Development,Mumbai,15k-30k,42,2026-02-21,5.5,4,N,,0
LD12076,Organic Search,Data Science Bootcamp,Pune,<15k,68,2026-04-02,22.2,1,N,,0
LD12077,Organic Search,Python for Data Analysis,Ahmedabad,<15k,53,2025-12-30,7.1,2,Y,2026-01-04,11812
LD12078,Google Ads,Power BI & Tableau,Mumbai,<15k,50,2025-12-09,0.8,4,N,,0
LD12079,Referral,Full Stack Development,Bengaluru,15k-30k,65,2026-01-10,54.2,1,N,,0
LD12080,Google Ads,Business Analytics,Delhi NCR,<15k,57,2026-07-13,11.4,6,N,,0
LD12081,Google Ads,Data Science Bootcamp,Pune,50k+,54,2026-04-07,11.0,0,N,,0
LD12082,Instagram Ads,Power BI & Tableau,Hyderabad,<15k,28,2026-02-21,13.3,1,N,,0
LD12083,LinkedIn,Data Science Bootcamp,Mumbai,50k+,79,2025-12-11,1.5,4,Y,2025-12-20,59298
LD12084,LinkedIn,Data Science Bootcamp,Kolkata,15k-30k,59,2026-01-29,1.5,6,N,,0
LD12085,Referral,Digital Marketing,Chennai,50k+,75,2026-02-11,13.0,1,Y,2026-02-17,65888
LD12086,Organic Search,Data Science Bootcamp,Chennai,15k-30k,75,2026-06-15,1.6,4,Y,2026-06-22,24064
LD12087,Instagram Ads,Business Analytics,Pune,<15k,49,2026-03-16,34.5,3,N,,0
LD12088,Referral,Digital Marketing,Hyderabad,<15k,69,2026-04-27,2.4,4,N,,0
LD12089,Organic Search,Digital Marketing,Kolkata,15k-30k,63,2026-05-05,9.7,2,N,,0
LD12090,Referral,Business Analytics,Pune,30k-50k,41,2026-01-09,6.1,2,Y,2026-01-16,43203
LD12091,Google Ads,Python for Data Analysis,Bengaluru,15k-30k,99,2026-06-12,3.7,4,N,,0
LD12092,Referral,Business Analytics,Kolkata,<15k,71,2026-07-21,3.6,4,N,,0
LD12093,Google Ads,Business Analytics,Ahmedabad,<15k,73,2026-04-24,9.5,0,N,,0
LD12094,Instagram Ads,Data Science Bootcamp,Bengaluru,<15k,64,2026-03-13,77.9,1,N,,0
LD12095,Organic Search,Business Analytics,Delhi NCR,<15k,79,2025-12-15,6.3,2,N,,0
LD12096,Instagram Ads,Python for Data Analysis,Pune,50k+,36,2026-06-05,3.2,4,N,,0
LD12097,Instagram Ads,Business Analytics,Delhi NCR,15k-30k,80,2025-12-16,26.3,5,Y,2025-12-22,21687
LD12098,Instagram Ads,Power BI & Tableau,Kolkata,50k+,39,2026-05-15,4.8,1,N,,0
LD12099,Instagram Ads,Business Analytics,Bengaluru,15k-30k,98,2026-03-13,5.9,5,N,,0
LD12100,Organic Search,Power BI & Tableau,Ahmedabad,15k-30k,34,2026-07-08,64.0,4,N,,0
LD12101,Organic Search,Power BI & Tableau,Delhi NCR,<15k,52,2026-03-28,6.0,2,N,,0
LD12102,Instagram Ads,Digital Marketing,Bengaluru,50k+,50,2026-04-24,11.5,4,N,,0
LD12103,Google Ads,Power BI & Tableau,Mumbai,15k-30k,82,2025-11-16,2.2,2,N,,0
LD12104,Instagram Ads,Data Science Bootcamp,Chennai,<15k,29,2025-11-09,0.2,2,Y,2025-11-13,12691
LD12105,Organic Search,Power BI & Tableau,Ahmedabad,15k-30k,53,2026-06-19,35.5,0,N,,0
LD12106,Instagram Ads,Full Stack Development,Delhi NCR,15k-30k,59,2026-07-16,11.5,5,N,,0
LD12107,Instagram Ads,Data Science Bootcamp,Hyderabad,15k-30k,39,2026-05-01,102.1,5,N,,0
LD12108,Instagram Ads,Business Analytics,Ahmedabad,50k+,45,2026-05-27,1.5,3,N,,0
LD12109,Walk-in,Business Analytics,Bengaluru,15k-30k,1,2026-02-20,5.9,3,N,,0
LD12110,LinkedIn,Data Science Bootcamp,Delhi NCR,30k-50k,49,2026-06-18,11.8,3,N,,0
LD12111,Organic Search,Business Analytics,Delhi NCR,50k+,41,2026-01-02,26.4,4,N,,0
LD12112,Referral,Digital Marketing,Bengaluru,50k+,61,2026-05-12,8.8,1,N,,0
LD12113,Instagram Ads,Data Science Bootcamp,Pune,<15k,69,2025-11-02,11.6,4,N,,0
LD12114,Instagram Ads,Business Analytics,Ahmedabad,<15k,58,2026-03-18,8.3,3,N,,0
LD12115,Referral,Power BI & Tableau,Hyderabad,<15k,52,2026-02-09,19.4,2,N,,0
LD12116,Organic Search,Business Analytics,Chennai,50k+,44,2026-04-17,13.1,3,N,,0
LD12117,Google Ads,Python for Data Analysis,Chennai,15k-30k,39,2026-05-01,60.1,5,N,,0
LD12118,Google Ads,Business Analytics,Chennai,<15k,21,2026-04-17,5.5,2,N,,0
LD12119,LinkedIn,Business Analytics,Mumbai,<15k,54,2026-03-11,25.3,2,N,,0
LD12120,Referral,Full Stack Development,Mumbai,50k+,51,2026-03-13,28.7,3,Y,2026-03-21,59337
LD12121,Organic Search,Python for Data Analysis,Hyderabad,15k-30k,82,2025-11-01,13.9,2,N,,0
LD12122,Instagram Ads,Python for Data Analysis,Bengaluru,50k+,49,2026-03-30,23.2,3,N,,0
LD12123,Organic Search,Python for Data Analysis,Mumbai,15k-30k,89,2025-11-03,0.6,2,N,,0
LD12124,Organic Search,Power BI & Tableau,Pune,50k+,61,2026-03-24,23.3,6,N,,0
LD12125,Google Ads,Python for Data Analysis,Pune,30k-50k,61,2026-01-14,48.1,5,N,,0
LD12126,LinkedIn,Python for Data Analysis,Chennai,15k-30k,49,2026-07-24,7.2,1,N,,0
LD12127,Organic Search,Digital Marketing,Chennai,15k-30k,34,2025-11-04,56.7,7,N,,0
LD12128,Walk-in,Business Analytics,Bengaluru,<15k,71,2026-06-09,11.3,6,N,,0
LD12129,Organic Search,Digital Marketing,Hyderabad,15k-30k,64,2026-05-03,34.1,1,N,,0
LD12130,Instagram Ads,Python for Data Analysis,Kolkata,50k+,64,2026-06-08,19.8,4,N,,0
LD12131,LinkedIn,Business Analytics,Mumbai,30k-50k,61,2026-07-06,111.1,4,N,,0
LD12132,Instagram Ads,Digital Marketing,Pune,15k-30k,76,2025-11-29,20.4,5,N,,0
LD12133,Instagram Ads,Power BI & Tableau,Hyderabad,15k-30k,68,2025-11-26,8.4,3,N,,0
LD12134,Instagram Ads,Python for Data Analysis,Mumbai,50k+,13,2025-12-10,54.2,1,N,,0
LD12135,Referral,Power BI & Tableau,Ahmedabad,50k+,84,2025-12-22,2.7,0,Y,2025-12-25,63930
LD12136,Instagram Ads,Digital Marketing,Kolkata,<15k,26,2026-03-23,12.7,1,N,,0
LD12137,Instagram Ads,Full Stack Development,Mumbai,15k-30k,66,2026-06-10,1.8,8,N,,0
LD12138,Google Ads,Digital Marketing,Mumbai,50k+,35,2026-01-11,23.2,3,N,,0
LD12139,Organic Search,Power BI & Tableau,Bengaluru,15k-30k,36,2026-02-16,37.3,4,Y,2026-02-20,22974
LD12140,Google Ads,Python for Data Analysis,Bengaluru,<15k,76,2026-02-09,17.9,4,N,,0
LD12141,Google Ads,Python for Data Analysis,Kolkata,<15k,76,2026-02-18,22.5,0,N,,0
LD12142,Organic Search,Power BI & Tableau,Ahmedabad,50k+,41,2026-04-03,30.1,5,N,,0
LD12143,Organic Search,Full Stack Development,Ahmedabad,<15k,39,2026-07-28,46.6,1,N,,0
LD12144,Google Ads,Python for Data Analysis,Hyderabad,15k-30k,26,2025-12-31,37.7,1,N,,0
LD12145,Google Ads,Power BI & Tableau,Kolkata,<15k,84,2026-05-05,2.2,1,N,,0
LD12146,Instagram Ads,Business Analytics,Chennai,15k-30k,32,2026-06-19,15.4,8,Y,2026-06-22,22316
LD12147,Organic Search,Digital Marketing,Hyderabad,15k-30k,57,2026-04-27,14.4,2,N,,0
LD12148,Google Ads,Data Science Bootcamp,Delhi NCR,50k+,42,2026-06-22,17.1,1,N,,0
LD12149,Google Ads,Business Analytics,Bengaluru,50k+,68,2026-05-26,20.0,4,N,,0
LD12150,Instagram Ads,Python for Data Analysis,Pune,50k+,68,2025-11-25,16.0,2,N,,0
LD12151,Google Ads,Full Stack Development,Pune,50k+,20,2026-02-11,3.3,1,Y,2026-02-12,62276
LD12152,Organic Search,Digital Marketing,Bengaluru,50k+,77,2026-03-30,1.9,2,Y,2026-03-31,67227
LD12153,Google Ads,Full Stack Development,Kolkata,<15k,75,2025-11-15,32.0,1,N,,0
LD12154,Google Ads,Full Stack Development,Bengaluru,30k-50k,39,2025-11-02,6.5,2,N,,0
LD12155,Organic Search,Digital Marketing,Delhi NCR,50k+,91,2025-12-16,13.0,2,N,,0
LD12156,Organic Search,Full Stack Development,Hyderabad,15k-30k,31,2026-03-16,20.0,2,N,,0
LD12157,Walk-in,Power BI & Tableau,Bengaluru,30k-50k,58,2026-02-26,5.5,1,Y,2026-03-24,42629
LD12158,Instagram Ads,Power BI & Tableau,Bengaluru,30k-50k,77,2026-06-02,45.9,4,Y,2026-06-25,37182
LD12159,Organic Search,Data Science Bootcamp,Chennai,50k+,50,2026-04-03,18.2,1,N,,0
LD12160,Referral,Python for Data Analysis,Chennai,<15k,75,2026-06-22,23.4,3,N,,0
LD12161,Instagram Ads,Digital Marketing,Hyderabad,15k-30k,45,2025-11-26,49.1,1,N,,0
LD12162,Organic Search,Power BI & Tableau,Pune,15k-30k,42,2026-03-24,4.9,2,Y,2026-03-25,22787
LD12163,Organic Search,Digital Marketing,Hyderabad,15k-30k,44,2025-11-11,12.5,4,N,,0
LD12164,Referral,Full Stack Development,Mumbai,50k+,29,2025-12-27,11.4,7,N,,0
LD12165,LinkedIn,Full Stack Development,Chennai,15k-30k,55,2026-06-24,26.6,2,N,,0
LD12166,Instagram Ads,Digital Marketing,Kolkata,30k-50k,31,2026-06-30,0.2,2,N,,0
LD12167,Instagram Ads,Digital Marketing,Hyderabad,<15k,65,2026-03-09,51.2,4,N,,0
LD12168,Walk-in,Digital Marketing,Ahmedabad,30k-50k,58,2025-11-12,32.0,3,N,,0
LD12169,Walk-in,Python for Data Analysis,Ahmedabad,<15k,72,2025-11-20,13.8,3,N,,0
LD12170,Walk-in,Full Stack Development,Ahmedabad,30k-50k,73,2026-07-10,4.6,2,N,,0
LD12171,Google Ads,Power BI & Tableau,Hyderabad,30k-50k,61,2026-07-03,31.6,0,N,,0
LD12172,Referral,Business Analytics,Hyderabad,50k+,82,2026-04-02,1.0,1,N,,0
LD12173,Google Ads,Data Science Bootcamp,Pune,50k+,56,2025-11-08,17.3,8,Y,2025-11-15,67425
LD12174,Instagram Ads,Digital Marketing,Hyderabad,<15k,65,2026-07-11,9.0,3,N,,0
LD12175,Organic Search,Business Analytics,Hyderabad,30k-50k,81,2026-01-24,0.0,2,N,,0
LD12176,Organic Search,Full Stack Development,Ahmedabad,15k-30k,22,2026-07-20,10.0,2,N,,0
LD12177,Instagram Ads,Business Analytics,Bengaluru,15k-30k,59,2026-04-09,7.2,2,N,,0
LD12178,Instagram Ads,Digital Marketing,Pune,50k+,31,2026-05-24,36.9,1,N,,0
LD12179,Google Ads,Python for Data Analysis,Kolkata,30k-50k,78,2026-05-13,12.5,3,N,,0
LD12180,Instagram Ads,Python for Data Analysis,Delhi NCR,<15k,45,2026-02-16,8.4,3,N,,0
LD12181,LinkedIn,Business Analytics,Bengaluru,<15k,59,2025-11-21,15.5,4,N,,0
LD12182,Instagram Ads,Business Analytics,Kolkata,30k-50k,87,2025-12-14,6.6,3,N,,0
LD12183,Referral,Power BI & Tableau,Chennai,30k-50k,62,2026-01-04,13.1,3,N,,0
LD12184,Organic Search,Python for Data Analysis,Ahmedabad,50k+,39,2026-06-15,9.4,4,N,,0
LD12185,Referral,Digital Marketing,Delhi NCR,15k-30k,43,2026-02-14,11.2,6,N,,0
LD12186,Google Ads,Business Analytics,Mumbai,30k-50k,50,2026-07-02,56.0,3,N,,0
LD12187,Organic Search,Python for Data Analysis,Delhi NCR,30k-50k,56,2026-01-29,0.8,2,Y,2026-02-14,38343
LD12188,Organic Search,Data Science Bootcamp,Chennai,15k-30k,91,2026-05-25,27.2,5,N,,0
LD12189,LinkedIn,Digital Marketing,Pune,50k+,89,2025-12-08,0.9,6,N,,0
LD12190,Organic Search,Power BI & Tableau,Delhi NCR,15k-30k,71,2026-07-27,18.6,1,Y,2026-08-11,23098
LD12191,Organic Search,Business Analytics,Pune,15k-30k,63,2026-05-16,19.0,2,N,,0
LD12192,Organic Search,Business Analytics,Hyderabad,15k-30k,41,2026-03-16,21.2,2,N,,0
LD12193,Organic Search,Data Science Bootcamp,Pune,30k-50k,46,2026-07-23,2.2,5,Y,2026-07-27,42349
LD12194,Organic Search,Python for Data Analysis,Chennai,30k-50k,47,2025-11-14,46.7,1,N,,0
LD12195,Instagram Ads,Business Analytics,Bengaluru,15k-30k,76,2026-02-27,7.3,2,N,,0
LD12196,Instagram Ads,Full Stack Development,Chennai,30k-50k,26,2026-06-16,48.1,4,N,,0
LD12197,Referral,Business Analytics,Ahmedabad,30k-50k,35,2026-01-31,12.3,3,N,,0
LD12198,Walk-in,Power BI & Tableau,Delhi NCR,15k-30k,95,2026-05-28,23.7,1,N,,0
LD12199,Organic Search,Data Science Bootcamp,Kolkata,<15k,97,2026-07-18,44.4,3,N,,0
LD12200,LinkedIn,Python for Data Analysis,Ahmedabad,15k-30k,71,2026-02-16,32.2,6,N,,0
LD12201,Instagram Ads,Digital Marketing,Bengaluru,15k-30k,64,2026-05-30,21.2,5,N,,0
LD12202,Walk-in,Full Stack Development,Delhi NCR,30k-50k,67,2025-11-08,3.8,3,N,,0
LD12203,Referral,Python for Data Analysis,Pune,30k-50k,65,2026-01-13,109.4,6,N,,0
LD12204,Organic Search,Power BI & Tableau,Chennai,50k+,55,2026-07-28,28.8,3,Y,2026-07-29,67916
LD12205,Instagram Ads,Full Stack Development,Ahmedabad,<15k,8,2026-03-13,11.4,4,N,,0
LD12206,Google Ads,Data Science Bootcamp,Hyderabad,15k-30k,38,2026-02-05,5.4,5,N,,0
LD12207,Google Ads,Digital Marketing,Kolkata,<15k,61,2026-07-14,30.5,6,Y,2026-07-17,13012
LD12208,Walk-in,Power BI & Tableau,Ahmedabad,15k-30k,91,2026-02-25,28.9,2,N,,0
LD12209,Instagram Ads,Digital Marketing,Chennai,<15k,55,2026-05-04,1.8,4,N,,0
LD12210,Google Ads,Data Science Bootcamp,Mumbai,15k-30k,70,2026-04-29,5.8,4,N,,0
LD12211,Instagram Ads,Digital Marketing,Bengaluru,15k-30k,33,2025-11-23,41.4,0,N,,0
LD12212,Instagram Ads,Data Science Bootcamp,Hyderabad,50k+,46,2026-04-17,14.5,1,N,,0
LD12213,Instagram Ads,Power BI & Tableau,Mumbai,50k+,46,2026-06-05,4.6,3,N,,0
LD12214,LinkedIn,Python for Data Analysis,Bengaluru,30k-50k,24,2026-05-13,27.9,6,N,,0
LD12215,Google Ads,Full Stack Development,Kolkata,30k-50k,60,2025-11-22,24.7,5,N,,0
LD12216,Organic Search,Business Analytics,Chennai,50k+,46,2025-12-12,2.8,7,N,,0
LD12217,Organic Search,Python for Data Analysis,Bengaluru,30k-50k,63,2026-05-13,39.7,6,N,,0
LD12218,Instagram Ads,Digital Marketing,Chennai,30k-50k,78,2026-04-22,1.3,1,N,,0
LD12219,Instagram Ads,Digital Marketing,Hyderabad,50k+,73,2026-05-20,4.6,2,N,,0
LD12220,Referral,Business Analytics,Kolkata,50k+,52,2026-01-25,22.0,7,N,,0
LD12221,Instagram Ads,Python for Data Analysis,Pune,30k-50k,56,2025-11-29,9.1,8,N,,0
LD12222,Walk-in,Full Stack Development,Kolkata,50k+,55,2025-11-01,1.1,2,N,,0
LD12223,Instagram Ads,Business Analytics,Pune,<15k,42,2026-01-23,67.2,2,N,,0
LD12224,Organic Search,Business Analytics,Ahmedabad,30k-50k,57,2026-02-06,3.7,2,N,,0
LD12225,Instagram Ads,Power BI & Tableau,Hyderabad,30k-50k,90,2026-01-12,7.7,4,N,,0
LD12226,LinkedIn,Power BI & Tableau,Hyderabad,50k+,30,2025-12-06,22.7,3,N,,0
LD12227,Google Ads,Data Science Bootcamp,Delhi NCR,50k+,53,2025-12-21,12.4,4,N,,0
LD12228,Google Ads,Python for Data Analysis,Ahmedabad,15k-30k,34,2026-03-02,45.9,1,N,,0
LD12229,LinkedIn,Full Stack Development,Mumbai,15k-30k,53,2026-03-31,27.3,3,N,,0
LD12230,LinkedIn,Business Analytics,Delhi NCR,50k+,93,2026-02-19,12.3,2,N,,0
LD12231,Instagram Ads,Power BI & Tableau,Bengaluru,50k+,28,2025-11-07,5.2,3,N,,0
LD12232,Google Ads,Digital Marketing,Ahmedabad,30k-50k,90,2026-02-04,22.2,4,N,,0
LD12233,Organic Search,Power BI & Tableau,Mumbai,50k+,67,2025-11-25,1.8,4,N,,0
LD12234,Walk-in,Data Science Bootcamp,Pune,<15k,87,2026-04-12,2.5,6,N,,0
LD12235,Referral,Digital Marketing,Ahmedabad,30k-50k,26,2026-01-27,2.7,3,N,,0
LD12236,Instagram Ads,Data Science Bootcamp,Kolkata,30k-50k,100,2026-02-13,20.8,5,Y,2026-02-28,42579
LD12237,Instagram Ads,Business Analytics,Mumbai,50k+,50,2026-01-18,8.4,4,Y,2026-02-03,65351
LD12238,LinkedIn,Data Science Bootcamp,Delhi NCR,<15k,38,2026-02-13,1.1,2,N,,0
LD12239,Google Ads,Python for Data Analysis,Chennai,<15k,48,2025-11-23,4.1,1,N,,0
LD12240,Organic Search,Power BI & Tableau,Kolkata,50k+,86,2026-07-04,2.6,3,Y,2026-07-05,62246
LD12241,Instagram Ads,Digital Marketing,Hyderabad,50k+,58,2026-07-05,4.7,2,N,,0
LD12242,Google Ads,Digital Marketing,Delhi NCR,<15k,72,2026-07-25,20.3,2,Y,2026-08-13,12131
LD12243,Walk-in,Business Analytics,Pune,<15k,34,2026-04-05,7.3,4,N,,0
LD12244,Referral,Digital Marketing,Pune,50k+,44,2025-12-16,2.7,2,Y,2025-12-18,58556
LD12245,Walk-in,Digital Marketing,Bengaluru,15k-30k,75,2026-02-11,51.7,3,N,,0
LD12246,Google Ads,Digital Marketing,Kolkata,30k-50k,62,2025-12-07,0.9,1,N,,0
LD12247,Google Ads,Full Stack Development,Bengaluru,30k-50k,5,2026-01-21,2.3,2,N,,0
LD12248,Walk-in,Digital Marketing,Hyderabad,30k-50k,32,2026-03-14,2.1,2,N,,0
LD12249,Instagram Ads,Power BI & Tableau,Pune,15k-30k,47,2025-11-17,31.8,4,N,,0
LD12250,Referral,Data Science Bootcamp,Chennai,15k-30k,61,2026-02-26,5.5,2,N,,0
LD12251,Walk-in,Digital Marketing,Delhi NCR,30k-50k,50,2026-02-22,3.2,3,N,,0
LD12252,Referral,Full Stack Development,Hyderabad,30k-50k,53,2026-03-12,12.5,3,N,,0
LD12253,Instagram Ads,Power BI & Tableau,Pune,30k-50k,61,2025-11-20,3.6,3,N,,0
LD12254,Google Ads,Data Science Bootcamp,Delhi NCR,15k-30k,78,2026-01-07,73.6,2,N,,0
LD12255,Referral,Digital Marketing,Kolkata,50k+,67,2026-01-06,6.5,2,Y,2026-01-08,62263
LD12256,LinkedIn,Digital Marketing,Hyderabad,15k-30k,92,2026-04-19,3.4,3,N,,0
LD12257,Walk-in,Business Analytics,Mumbai,15k-30k,68,2026-04-11,5.6,2,N,,0
LD12258,Referral,Business Analytics,Kolkata,<15k,29,2025-12-23,2.3,2,N,,0
LD12259,Instagram Ads,Python for Data Analysis,Hyderabad,<15k,62,2025-11-29,28.3,4,N,,0
LD12260,Organic Search,Business Analytics,Ahmedabad,<15k,9,2026-01-22,14.1,8,N,,0
LD12261,Organic Search,Digital Marketing,Chennai,30k-50k,64,2026-07-17,76.1,4,N,,0
LD12262,Instagram Ads,Business Analytics,Chennai,50k+,15,2026-01-29,7.4,1,N,,0
LD12263,Organic Search,Business Analytics,Bengaluru,30k-50k,70,2026-04-18,55.1,3,N,,0
LD12264,Referral,Full Stack Development,Mumbai,<15k,80,2026-06-07,2.5,3,Y,2026-07-11,12607
LD12265,Walk-in,Business Analytics,Mumbai,15k-30k,66,2026-01-28,6.3,2,N,,0
LD12266,Instagram Ads,Digital Marketing,Mumbai,15k-30k,39,2026-01-30,7.3,4,N,,0
LD12267,Walk-in,Business Analytics,Kolkata,<15k,99,2026-06-10,20.7,0,N,,0
LD12268,Walk-in,Full Stack Development,Hyderabad,<15k,67,2026-06-22,35.1,2,N,,0
LD12269,Google Ads,Data Science Bootcamp,Kolkata,50k+,49,2026-07-23,6.9,2,N,,0
LD12270,LinkedIn,Data Science Bootcamp,Hyderabad,15k-30k,49,2025-12-07,0.6,5,N,,0
LD12271,Google Ads,Data Science Bootcamp,Ahmedabad,<15k,23,2026-01-26,10.8,2,N,,0
LD12272,Referral,Data Science Bootcamp,Bengaluru,30k-50k,20,2026-07-16,18.2,6,N,,0
LD12273,LinkedIn,Data Science Bootcamp,Bengaluru,30k-50k,73,2025-12-24,31.8,3,N,,0
LD12274,Organic Search,Data Science Bootcamp,Mumbai,<15k,45,2026-01-24,105.5,3,N,,0
LD12275,LinkedIn,Power BI & Tableau,Pune,15k-30k,61,2026-07-21,16.3,3,Y,2026-08-20,24114
LD12276,Walk-in,Full Stack Development,Bengaluru,30k-50k,53,2026-07-22,11.7,2,Y,2026-08-12,36110
LD12277,Referral,Data Science Bootcamp,Delhi NCR,15k-30k,60,2026-01-18,1.4,1,N,,0
LD12278,Organic Search,Power BI & Tableau,Chennai,30k-50k,76,2026-05-08,63.7,5,N,,0
LD12279,Organic Search,Business Analytics,Hyderabad,15k-30k,78,2026-03-14,3.8,5,N,,0
LD12280,Organic Search,Data Science Bootcamp,Mumbai,<15k,47,2026-04-06,40.9,1,N,,0
LD12281,LinkedIn,Full Stack Development,Delhi NCR,15k-30k,40,2026-01-05,23.6,4,Y,2026-01-15,21256
LD12282,Organic Search,Business Analytics,Hyderabad,<15k,75,2026-02-10,22.1,5,Y,2026-02-27,12109
LD12283,LinkedIn,Business Analytics,Chennai,50k+,58,2026-06-10,38.6,3,N,,0
LD12284,Referral,Full Stack Development,Ahmedabad,15k-30k,59,2026-02-15,99.0,4,N,,0
LD12285,Google Ads,Full Stack Development,Pune,<15k,56,2025-12-01,15.2,3,N,,0
LD12286,Referral,Digital Marketing,Kolkata,50k+,17,2026-04-02,1.0,3,Y,2026-04-19,60901
LD12287,Organic Search,Business Analytics,Kolkata,15k-30k,50,2026-04-10,46.5,3,N,,0
LD12288,Google Ads,Data Science Bootcamp,Hyderabad,30k-50k,54,2026-03-28,19.9,2,N,,0
LD12289,Google Ads,Python for Data Analysis,Pune,<15k,67,2026-05-05,26.8,1,N,,0
LD12290,Referral,Python for Data Analysis,Delhi NCR,30k-50k,61,2026-03-30,3.2,2,N,,0
LD12291,Referral,Power BI & Tableau,Hyderabad,<15k,79,2026-07-18,3.8,3,N,,0
LD12292,Instagram Ads,Digital Marketing,Hyderabad,50k+,14,2026-03-06,0.4,1,N,,0
LD12293,Organic Search,Python for Data Analysis,Ahmedabad,30k-50k,37,2026-05-12,22.7,5,N,,0
LD12294,Instagram Ads,Power BI & Tableau,Ahmedabad,30k-50k,50,2026-02-27,7.5,1,N,,0
LD12295,Instagram Ads,Business Analytics,Delhi NCR,50k+,39,2026-01-18,6.2,2,N,,0
LD12296,Instagram Ads,Python for Data Analysis,Hyderabad,15k-30k,36,2026-05-08,12.9,5,N,,0
LD12297,LinkedIn,Python for Data Analysis,Pune,30k-50k,94,2026-06-11,44.3,2,N,,0
LD12298,Google Ads,Data Science Bootcamp,Hyderabad,50k+,35,2026-06-05,0.0,7,N,,0
LD12299,Organic Search,Python for Data Analysis,Hyderabad,50k+,68,2026-02-19,33.6,0,N,,0
LD12300,Organic Search,Data Science Bootcamp,Kolkata,15k-30k,32,2026-03-16,9.6,4,N,,0
LD12301,Referral,Python for Data Analysis,Pune,<15k,0,2026-04-21,28.1,3,N,,0
LD12302,Google Ads,Data Science Bootcamp,Mumbai,30k-50k,94,2026-01-05,4.5,3,N,,0
LD12303,Instagram Ads,Digital Marketing,Kolkata,15k-30k,52,2026-04-28,17.0,4,N,,0
LD12304,Google Ads,Data Science Bootcamp,Kolkata,15k-30k,75,2026-05-14,21.3,2,N,,0
LD12305,Instagram Ads,Full Stack Development,Delhi NCR,50k+,46,2026-06-03,2.9,3,N,,0
LD12306,Google Ads,Full Stack Development,Kolkata,30k-50k,59,2025-11-20,68.7,4,N,,0
LD12307,Google Ads,Digital Marketing,Kolkata,50k+,69,2026-07-28,4.6,4,N,,0
LD12308,Referral,Python for Data Analysis,Pune,30k-50k,65,2026-03-10,25.2,2,Y,2026-03-13,39788
LD12309,Walk-in,Python for Data Analysis,Hyderabad,<15k,91,2026-02-17,10.1,3,N,,0
LD12310,Google Ads,Digital Marketing,Ahmedabad,50k+,63,2026-03-18,40.8,3,Y,2026-03-19,63320
LD12311,Organic Search,Business Analytics,Bengaluru,15k-30k,72,2026-07-09,3.4,5,Y,2026-07-12,20609
LD12312,Organic Search,Data Science Bootcamp,Hyderabad,<15k,42,2026-05-07,20.9,2,N,,0
LD12313,Referral,Python for Data Analysis,Pune,<15k,26,2026-03-28,9.4,2,N,,0
LD12314,LinkedIn,Python for Data Analysis,Pune,30k-50k,45,2026-06-03,13.6,3,N,,0
LD12315,Referral,Digital Marketing,Hyderabad,<15k,93,2026-02-06,2.8,3,N,,0
LD12316,LinkedIn,Full Stack Development,Ahmedabad,50k+,62,2026-07-02,36.6,2,Y,2026-07-06,66314
LD12317,Referral,Business Analytics,Ahmedabad,30k-50k,78,2026-03-26,11.6,1,N,,0
LD12318,Instagram Ads,Python for Data Analysis,Chennai,30k-50k,79,2026-04-23,10.1,2,N,,0
LD12319,LinkedIn,Power BI & Tableau,Bengaluru,<15k,9,2025-11-23,5.4,3,N,,0
LD12320,Google Ads,Python for Data Analysis,Kolkata,<15k,32,2026-05-28,1.2,1,N,,0
LD12321,Organic Search,Python for Data Analysis,Kolkata,30k-50k,13,2026-04-28,4.1,4,N,,0
LD12322,Walk-in,Python for Data Analysis,Bengaluru,50k+,46,2026-02-04,10.0,2,N,,0
LD12323,Google Ads,Data Science Bootcamp,Delhi NCR,15k-30k,37,2026-04-25,2.3,1,Y,2026-05-08,23831
LD12324,Instagram Ads,Full Stack Development,Ahmedabad,15k-30k,50,2025-11-12,14.0,3,N,,0
LD12325,Instagram Ads,Python for Data Analysis,Delhi NCR,15k-30k,54,2026-07-26,1.0,5,N,,0
LD12326,Organic Search,Full Stack Development,Ahmedabad,50k+,5,2026-05-03,22.4,3,N,,0
LD12327,LinkedIn,Data Science Bootcamp,Ahmedabad,50k+,60,2026-02-17,21.5,6,N,,0
LD12328,Instagram Ads,Python for Data Analysis,Bengaluru,15k-30k,55,2026-05-24,13.3,5,N,,0
LD12329,Google Ads,Python for Data Analysis,Ahmedabad,30k-50k,58,2026-07-21,9.0,2,N,,0
LD12330,Referral,Power BI & Tableau,Chennai,50k+,91,2026-02-25,7.1,2,Y,2026-02-26,65685
LD12331,Referral,Digital Marketing,Bengaluru,30k-50k,55,2025-11-02,10.0,2,N,,0
LD12332,Instagram Ads,Data Science Bootcamp,Pune,<15k,34,2026-01-09,16.8,4,N,,0
LD12333,Instagram Ads,Digital Marketing,Bengaluru,30k-50k,51,2026-03-19,12.0,4,N,,0
LD12334,Walk-in,Full Stack Development,Kolkata,30k-50k,100,2026-03-21,40.9,3,N,,0
LD12335,Google Ads,Data Science Bootcamp,Chennai,50k+,31,2026-04-07,29.5,4,N,,0
LD12336,Walk-in,Digital Marketing,Chennai,50k+,72,2026-04-06,20.4,4,Y,2026-04-12,63541
LD12337,Instagram Ads,Data Science Bootcamp,Mumbai,15k-30k,26,2026-03-01,39.5,5,N,,0
LD12338,Referral,Business Analytics,Hyderabad,30k-50k,43,2026-02-14,5.7,1,N,,0
LD12339,Walk-in,Full Stack Development,Delhi NCR,<15k,95,2026-05-29,22.7,6,N,,0
LD12340,Organic Search,Data Science Bootcamp,Pune,30k-50k,67,2026-04-09,1.5,2,Y,2026-04-11,38931
LD12341,Google Ads,Data Science Bootcamp,Bengaluru,30k-50k,77,2026-03-16,1.2,5,Y,2026-03-17,41521
LD12342,Instagram Ads,Python for Data Analysis,Kolkata,50k+,59,2026-02-02,2.2,4,N,,0
LD12343,Instagram Ads,Digital Marketing,Ahmedabad,<15k,18,2025-11-06,2.5,1,N,,0
LD12344,LinkedIn,Power BI & Tableau,Chennai,<15k,41,2025-11-28,27.6,2,N,,0
LD12345,Instagram Ads,Python for Data Analysis,Chennai,50k+,75,2026-02-21,33.3,4,N,,0
LD12346,Instagram Ads,Power BI & Tableau,Ahmedabad,<15k,18,2026-07-20,16.2,5,N,,0
LD12347,Organic Search,Data Science Bootcamp,Chennai,15k-30k,58,2025-12-01,28.7,4,N,,0
LD12348,LinkedIn,Python for Data Analysis,Pune,30k-50k,38,2026-07-14,10.3,2,N,,0
LD12349,Google Ads,Power BI & Tableau,Chennai,30k-50k,50,2025-12-08,13.3,3,N,,0
LD12350,Referral,Python for Data Analysis,Ahmedabad,15k-30k,74,2026-01-24,3.9,3,N,,0
LD12351,Instagram Ads,Full Stack Development,Mumbai,<15k,48,2026-03-04,17.6,7,N,,0
LD12352,LinkedIn,Digital Marketing,Bengaluru,30k-50k,51,2025-12-26,11.3,4,N,,0
LD12353,Instagram Ads,Digital Marketing,Mumbai,50k+,73,2026-03-11,53.5,2,N,,0
LD12354,Instagram Ads,Power BI & Tableau,Hyderabad,<15k,54,2026-03-09,6.5,3,N,,0
LD12355,Organic Search,Power BI & Tableau,Delhi NCR,30k-50k,46,2026-02-27,11.8,4,Y,2026-03-02,38735
LD12356,LinkedIn,Data Science Bootcamp,Kolkata,50k+,53,2026-05-09,24.4,3,N,,0
LD12357,Google Ads,Business Analytics,Hyderabad,30k-50k,59,2026-01-26,20.1,2,Y,2026-02-05,39085
LD12358,Instagram Ads,Full Stack Development,Delhi NCR,30k-50k,49,2026-01-20,30.2,3,N,,0
LD12359,Organic Search,Python for Data Analysis,Mumbai,30k-50k,46,2026-06-09,22.2,1,N,,0
LD12360,Referral,Python for Data Analysis,Delhi NCR,50k+,71,2025-12-01,43.4,0,N,,0
LD12361,Referral,Power BI & Tableau,Pune,50k+,60,2026-06-19,10.0,3,N,,0
LD12362,Referral,Data Science Bootcamp,Ahmedabad,15k-30k,67,2026-04-25,24.6,5,N,,0
LD12363,Google Ads,Business Analytics,Delhi NCR,50k+,82,2026-05-03,3.0,4,N,,0
LD12364,Organic Search,Full Stack Development,Bengaluru,50k+,46,2025-12-14,12.7,2,N,,0
LD12365,Instagram Ads,Power BI & Tableau,Chennai,15k-30k,76,2026-07-26,1.2,5,N,,0
LD12366,Referral,Python for Data Analysis,Mumbai,15k-30k,92,2026-01-05,53.0,2,N,,0
LD12367,Google Ads,Business Analytics,Kolkata,30k-50k,93,2025-12-17,17.7,4,N,,0
LD12368,Referral,Python for Data Analysis,Hyderabad,30k-50k,54,2025-12-13,7.2,1,N,,0
LD12369,Organic Search,Full Stack Development,Kolkata,15k-30k,51,2026-04-01,55.1,4,N,,0
LD12370,Google Ads,Digital Marketing,Pune,30k-50k,47,2026-07-19,0.9,2,Y,2026-07-22,37424
LD12371,Organic Search,Digital Marketing,Kolkata,15k-30k,77,2026-01-02,7.0,3,N,,0
LD12372,Instagram Ads,Business Analytics,Pune,<15k,88,2026-02-18,12.3,2,N,,0
LD12373,Referral,Business Analytics,Mumbai,<15k,72,2025-12-20,5.4,3,N,,0
LD12374,Organic Search,Digital Marketing,Ahmedabad,50k+,24,2026-04-23,27.5,2,N,,0
LD12375,Google Ads,Power BI & Tableau,Kolkata,50k+,48,2026-02-25,33.8,2,N,,0
LD12376,LinkedIn,Full Stack Development,Mumbai,<15k,34,2025-11-07,0.4,3,N,,0
LD12377,Walk-in,Business Analytics,Pune,30k-50k,69,2026-04-16,12.4,1,Y,2026-04-17,40865
LD12378,Referral,Data Science Bootcamp,Delhi NCR,30k-50k,35,2025-12-23,19.7,3,N,,0
LD12379,Walk-in,Full Stack Development,Bengaluru,15k-30k,46,2026-04-10,1.1,2,N,,0
LD12380,Organic Search,Full Stack Development,Bengaluru,50k+,68,2026-02-14,16.4,1,Y,2026-02-16,62990
LD12381,LinkedIn,Data Science Bootcamp,Chennai,<15k,65,2026-05-11,8.2,6,N,,0
LD12382,Instagram Ads,Power BI & Tableau,Hyderabad,30k-50k,76,2025-12-26,1.3,6,Y,2025-12-27,43018
LD12383,LinkedIn,Python for Data Analysis,Hyderabad,30k-50k,23,2026-05-24,6.3,5,N,,0
LD12384,Google Ads,Python for Data Analysis,Mumbai,15k-30k,58,2026-06-08,32.3,3,N,,0
LD12385,Instagram Ads,Data Science Bootcamp,Delhi NCR,<15k,59,2025-11-17,53.3,6,N,,0
LD12386,Google Ads,Python for Data Analysis,Mumbai,<15k,36,2025-11-27,7.2,5,N,,0
LD12387,Google Ads,Power BI & Tableau,Chennai,<15k,60,2026-06-26,33.4,0,N,,0
LD12388,Instagram Ads,Digital Marketing,Mumbai,50k+,51,2025-12-21,4.5,6,N,,0
LD12389,LinkedIn,Python for Data Analysis,Pune,15k-30k,45,2026-01-27,7.1,4,N,,0
LD12390,Instagram Ads,Data Science Bootcamp,Mumbai,15k-30k,71,2026-03-04,16.9,3,N,,0
LD12391,Google Ads,Digital Marketing,Kolkata,50k+,69,2026-01-10,5.2,3,Y,2026-02-09,66404
LD12392,Referral,Digital Marketing,Ahmedabad,<15k,74,2026-06-23,8.7,3,N,,0
LD12393,Referral,Power BI & Tableau,Hyderabad,30k-50k,43,2026-03-24,16.9,3,N,,0
LD12394,Instagram Ads,Digital Marketing,Ahmedabad,50k+,77,2026-04-23,14.4,4,N,,0
LD12395,Referral,Full Stack Development,Delhi NCR,15k-30k,29,2026-04-11,8.8,3,N,,0
LD12396,Walk-in,Business Analytics,Ahmedabad,30k-50k,38,2026-04-15,35.0,3,N,,0
LD12397,Google Ads,Full Stack Development,Delhi NCR,30k-50k,50,2026-04-09,7.0,4,N,,0
LD12398,Google Ads,Data Science Bootcamp,Bengaluru,<15k,36,2026-02-02,10.2,5,N,,0
LD12399,Google Ads,Full Stack Development,Delhi NCR,15k-30k,68,2026-06-18,8.1,5,Y,2026-06-23,20317
LD12400,Google Ads,Power BI & Tableau,Delhi NCR,50k+,46,2026-04-17,32.9,5,N,,0
LD12401,LinkedIn,Full Stack Development,Hyderabad,30k-50k,55,2026-06-10,15.5,3,N,,0
LD12402,Instagram Ads,Power BI & Tableau,Ahmedabad,15k-30k,100,2026-05-11,28.4,6,N,,0
LD12403,Referral,Python for Data Analysis,Kolkata,<15k,51,2026-01-20,13.0,0,N,,0
LD12404,LinkedIn,Digital Marketing,Hyderabad,30k-50k,70,2026-04-16,16.9,3,Y,2026-04-18,38141
LD12405,Google Ads,Business Analytics,Mumbai,30k-50k,55,2025-11-23,20.0,2,N,,0
LD12406,LinkedIn,Business Analytics,Chennai,50k+,31,2025-12-06,62.4,4,N,,0
LD12407,Google Ads,Full Stack Development,Bengaluru,50k+,48,2025-12-02,10.5,2,N,,0
LD12408,Google Ads,Digital Marketing,Ahmedabad,<15k,44,2026-01-22,2.6,1,N,,0
LD12409,Instagram Ads,Python for Data Analysis,Chennai,50k+,53,2025-12-19,10.4,4,N,,0
LD12410,Google Ads,Full Stack Development,Hyderabad,50k+,78,2026-05-08,7.4,4,Y,2026-05-15,67895
LD12411,Walk-in,Business Analytics,Hyderabad,30k-50k,23,2026-03-19,9.3,0,N,,0
LD12412,Google Ads,Digital Marketing,Chennai,50k+,70,2026-02-22,1.2,4,Y,2026-02-25,60826
LD12413,Organic Search,Python for Data Analysis,Bengaluru,<15k,54,2025-12-07,93.4,4,N,,0
LD12414,Organic Search,Full Stack Development,Ahmedabad,15k-30k,65,2026-02-12,2.6,6,N,,0
LD12415,Referral,Full Stack Development,Bengaluru,15k-30k,69,2025-12-20,9.8,3,Y,2026-01-13,19899
LD12416,Referral,Python for Data Analysis,Delhi NCR,15k-30k,81,2026-04-22,27.0,1,N,,0
LD12417,LinkedIn,Digital Marketing,Hyderabad,<15k,14,2026-05-08,14.8,1,N,,0
LD12418,Google Ads,Business Analytics,Pune,15k-30k,82,2026-04-25,20.7,1,N,,0
LD12419,Instagram Ads,Power BI & Tableau,Chennai,50k+,77,2026-07-30,14.0,5,Y,2026-07-31,66250
LD12420,Walk-in,Python for Data Analysis,Pune,50k+,35,2026-03-31,16.9,5,N,,0
LD12421,Instagram Ads,Digital Marketing,Chennai,15k-30k,54,2026-03-13,10.8,5,N,,0
LD12422,Instagram Ads,Digital Marketing,Hyderabad,15k-30k,77,2025-12-08,3.5,6,N,,0
LD12423,Google Ads,Python for Data Analysis,Pune,30k-50k,59,2026-01-24,21.8,0,N,,0
LD12424,Google Ads,Python for Data Analysis,Mumbai,50k+,49,2026-03-03,12.5,3,N,,0
LD12425,Walk-in,Data Science Bootcamp,Mumbai,<15k,72,2025-11-14,10.4,5,N,,0
LD12426,Instagram Ads,Data Science Bootcamp,Mumbai,50k+,64,2026-02-06,8.9,3,N,,0
LD12427,Google Ads,Digital Marketing,Bengaluru,15k-30k,73,2025-11-02,1.0,1,N,,0
LD12428,Google Ads,Python for Data Analysis,Delhi NCR,50k+,85,2025-12-07,4.2,3,Y,2025-12-09,68046
LD12429,Referral,Business Analytics,Chennai,<15k,51,2026-06-10,4.4,6,N,,0
LD12430,Google Ads,Business Analytics,Bengaluru,<15k,40,2026-07-21,33.9,2,N,,0
LD12431,Instagram Ads,Full Stack Development,Ahmedabad,50k+,80,2026-03-17,5.7,3,N,,0
LD12432,LinkedIn,Full Stack Development,Hyderabad,50k+,100,2026-03-15,14.2,6,N,,0
LD12433,Walk-in,Business Analytics,Mumbai,15k-30k,73,2026-05-05,17.7,7,N,,0
LD12434,Instagram Ads,Digital Marketing,Ahmedabad,30k-50k,56,2026-02-21,10.3,2,Y,2026-02-25,42436
LD12435,Google Ads,Python for Data Analysis,Kolkata,15k-30k,62,2026-06-17,33.2,3,N,,0
LD12436,Walk-in,Business Analytics,Delhi NCR,15k-30k,65,2026-03-13,12.6,4,N,,0
LD12437,Google Ads,Full Stack Development,Kolkata,15k-30k,83,2025-11-22,0.7,2,N,,0
LD12438,Referral,Business Analytics,Pune,50k+,65,2025-11-08,72.9,2,N,,0
LD12439,LinkedIn,Data Science Bootcamp,Delhi NCR,30k-50k,71,2026-05-26,14.8,3,N,,0
LD12440,Referral,Business Analytics,Mumbai,50k+,58,2026-01-18,8.5,1,N,,0
LD12441,Google Ads,Digital Marketing,Hyderabad,50k+,59,2026-01-14,4.8,4,Y,2026-01-27,71408
LD12442,Google Ads,Data Science Bootcamp,Pune,50k+,38,2026-03-26,10.9,3,N,,0
LD12443,Organic Search,Digital Marketing,Mumbai,50k+,65,2025-12-15,21.0,3,N,,0
LD12444,Organic Search,Full Stack Development,Kolkata,50k+,81,2026-03-04,27.4,6,N,,0
LD12445,Referral,Full Stack Development,Hyderabad,30k-50k,35,2026-05-21,3.5,6,N,,0
LD12446,Google Ads,Data Science Bootcamp,Bengaluru,<15k,47,2026-05-28,6.5,3,N,,0
LD12447,Referral,Digital Marketing,Ahmedabad,15k-30k,60,2026-03-30,17.4,3,N,,0
LD12448,Instagram Ads,Digital Marketing,Bengaluru,<15k,55,2025-11-30,9.4,4,N,,0
LD12449,Google Ads,Digital Marketing,Delhi NCR,50k+,68,2025-12-01,105.0,5,N,,0
LD12450,Walk-in,Python for Data Analysis,Pune,30k-50k,26,2026-05-30,45.2,5,N,,0
LD12451,Google Ads,Power BI & Tableau,Pune,<15k,55,2026-06-12,57.6,1,N,,0
LD12452,Referral,Digital Marketing,Ahmedabad,15k-30k,76,2026-02-08,1.3,1,N,,0
LD12453,Walk-in,Digital Marketing,Pune,50k+,55,2026-06-12,6.5,3,N,,0
LD12454,Instagram Ads,Data Science Bootcamp,Kolkata,30k-50k,87,2025-11-11,46.0,4,N,,0
LD12455,LinkedIn,Business Analytics,Hyderabad,30k-50k,55,2026-05-15,5.1,2,N,,0
LD12456,Instagram Ads,Digital Marketing,Pune,<15k,24,2026-03-29,14.3,6,N,,0
LD12457,Walk-in,Python for Data Analysis,Chennai,30k-50k,100,2026-07-28,24.0,0,N,,0
LD12458,Organic Search,Python for Data Analysis,Delhi NCR,30k-50k,53,2025-11-27,14.7,3,N,,0
LD12459,Walk-in,Power BI & Tableau,Chennai,30k-50k,78,2026-06-14,39.3,1,N,,0
LD12460,Organic Search,Python for Data Analysis,Chennai,15k-30k,91,2026-05-24,0.3,1,Y,2026-05-25,22620
LD12461,LinkedIn,Full Stack Development,Pune,50k+,41,2026-01-20,25.1,5,N,,0
LD12462,Walk-in,Power BI & Tableau,Bengaluru,50k+,36,2026-07-30,28.5,6,N,,0
LD12463,Instagram Ads,Business Analytics,Bengaluru,15k-30k,65,2026-03-02,52.5,5,N,,0
LD12464,Instagram Ads,Business Analytics,Bengaluru,15k-30k,55,2026-02-03,43.3,2,N,,0
LD12465,Google Ads,Python for Data Analysis,Pune,30k-50k,58,2026-06-10,5.4,5,N,,0
LD12466,Google Ads,Full Stack Development,Kolkata,50k+,80,2026-02-27,21.5,0,N,,0
LD12467,Instagram Ads,Data Science Bootcamp,Bengaluru,50k+,10,2026-07-29,10.9,2,N,,0
LD12468,Google Ads,Python for Data Analysis,Ahmedabad,30k-50k,26,2026-05-30,28.0,1,N,,0
LD12469,Walk-in,Python for Data Analysis,Hyderabad,50k+,63,2026-01-03,1.4,0,N,,0
LD12470,LinkedIn,Full Stack Development,Hyderabad,15k-30k,34,2026-06-09,1.3,2,N,,0
LD12471,Instagram Ads,Digital Marketing,Mumbai,<15k,61,2026-04-09,51.8,3,N,,0
LD12472,Referral,Digital Marketing,Pune,15k-30k,62,2026-02-03,5.4,3,Y,2026-02-06,20640
LD12473,Referral,Full Stack Development,Mumbai,30k-50k,83,2026-05-13,4.1,7,N,,0
LD12474,Instagram Ads,Power BI & Tableau,Pune,<15k,42,2026-04-21,13.9,3,N,,0
LD12475,Walk-in,Python for Data Analysis,Mumbai,<15k,82,2025-12-15,14.5,4,N,,0
LD12476,Referral,Python for Data Analysis,Chennai,<15k,21,2025-12-08,7.8,2,N,,0
LD12477,Instagram Ads,Data Science Bootcamp,Hyderabad,30k-50k,69,2025-12-26,1.4,1,Y,2025-12-31,43304
LD12478,Organic Search,Python for Data Analysis,Hyderabad,30k-50k,30,2025-12-26,6.6,2,N,,0
LD12479,LinkedIn,Digital Marketing,Bengaluru,15k-30k,72,2025-11-16,11.3,3,Y,2025-11-27,20053
LD12480,Google Ads,Data Science Bootcamp,Ahmedabad,50k+,53,2026-02-03,18.3,1,N,,0
LD12481,Referral,Python for Data Analysis,Bengaluru,30k-50k,57,2026-01-15,1.2,2,N,,0
LD12482,Instagram Ads,Digital Marketing,Ahmedabad,<15k,30,2026-03-27,18.5,1,N,,0
LD12483,Google Ads,Digital Marketing,Mumbai,15k-30k,83,2026-01-27,29.2,3,N,,0
LD12484,LinkedIn,Data Science Bootcamp,Chennai,30k-50k,56,2026-05-11,7.4,4,N,,0
LD12485,Referral,Data Science Bootcamp,Kolkata,<15k,92,2026-01-17,21.8,3,N,,0
LD12486,Google Ads,Data Science Bootcamp,Delhi NCR,50k+,82,2026-01-11,26.8,6,N,,0
LD12487,Referral,Business Analytics,Kolkata,15k-30k,42,2026-06-22,21.7,1,N,,0
LD12488,Google Ads,Data Science Bootcamp,Mumbai,<15k,63,2026-07-27,11.0,5,N,,0
LD12489,Walk-in,Business Analytics,Kolkata,50k+,40,2026-05-04,23.3,0,N,,0
LD12490,Instagram Ads,Digital Marketing,Hyderabad,15k-30k,88,2025-11-25,33.0,1,N,,0
LD12491,Instagram Ads,Digital Marketing,Kolkata,50k+,62,2026-07-20,12.8,0,N,,0
LD12492,Google Ads,Full Stack Development,Pune,30k-50k,51,2026-06-02,11.5,5,Y,2026-06-03,40752
LD12493,LinkedIn,Digital Marketing,Chennai,<15k,76,2026-07-08,15.8,1,N,,0
LD12494,Instagram Ads,Power BI & Tableau,Ahmedabad,15k-30k,74,2026-07-28,9.4,4,N,,0
LD12495,Walk-in,Python for Data Analysis,Ahmedabad,50k+,53,2026-06-24,42.5,5,Y,2026-06-25,66917
LD12496,Google Ads,Digital Marketing,Hyderabad,50k+,66,2025-12-04,1.8,5,N,,0
LD12497,Google Ads,Python for Data Analysis,Pune,30k-50k,54,2026-06-24,32.5,1,N,,0
LD12498,Walk-in,Python for Data Analysis,Hyderabad,50k+,10,2026-01-07,3.6,1,N,,0
LD12499,Instagram Ads,Data Science Bootcamp,Ahmedabad,30k-50k,27,2026-05-13,2.4,2,N,,0
LD12500,Walk-in,Full Stack Development,Pune,15k-30k,38,2026-06-14,2.4,5,N,,0
LD12501,Walk-in,Python for Data Analysis,Delhi NCR,<15k,52,2026-05-26,13.9,3,N,,0
LD12502,Referral,Python for Data Analysis,Hyderabad,50k+,55,2026-05-03,4.2,2,N,,0
LD12503,LinkedIn,Python for Data Analysis,Pune,30k-50k,33,2026-03-13,6.3,3,N,,0
LD12504,LinkedIn,Business Analytics,Mumbai,30k-50k,30,2026-04-06,5.8,3,N,,0
LD12505,LinkedIn,Power BI & Tableau,Delhi NCR,50k+,59,2026-01-12,30.8,3,N,,0
LD12506,Walk-in,Power BI & Tableau,Hyderabad,<15k,81,2026-02-21,17.0,3,N,,0
LD12507,Google Ads,Data Science Bootcamp,Kolkata,<15k,73,2026-03-03,2.6,4,N,,0
LD12508,Instagram Ads,Python for Data Analysis,Ahmedabad,<15k,55,2026-04-21,4.8,4,Y,2026-04-27,11258
LD12509,Referral,Full Stack Development,Chennai,30k-50k,66,2026-06-28,14.5,6,N,,0
LD12510,Instagram Ads,Digital Marketing,Bengaluru,<15k,34,2025-11-25,5.3,2,N,,0
LD12511,LinkedIn,Data Science Bootcamp,Pune,50k+,14,2026-03-20,14.7,2,N,,0
LD12512,Organic Search,Business Analytics,Bengaluru,50k+,44,2026-01-14,20.2,3,Y,2026-01-20,66808
LD12513,Instagram Ads,Data Science Bootcamp,Delhi NCR,50k+,88,2026-07-13,24.6,4,N,,0
LD12514,LinkedIn,Digital Marketing,Ahmedabad,50k+,96,2026-02-08,0.1,3,N,,0
LD12515,LinkedIn,Power BI & Tableau,Chennai,30k-50k,64,2026-07-17,32.2,2,N,,0
LD12516,Organic Search,Business Analytics,Pune,15k-30k,69,2026-01-28,1.8,6,N,,0
LD12517,Google Ads,Data Science Bootcamp,Hyderabad,30k-50k,83,2025-10-31,23.8,1,N,,0
LD12518,Google Ads,Python for Data Analysis,Bengaluru,<15k,59,2026-05-30,16.8,2,N,,0
LD12519,Referral,Python for Data Analysis,Bengaluru,<15k,61,2026-05-19,9.5,4,N,,0
LD12520,Google Ads,Business Analytics,Ahmedabad,50k+,21,2026-05-18,3.8,1,N,,0
LD12521,Referral,Full Stack Development,Ahmedabad,50k+,48,2026-03-05,12.3,2,N,,0
LD12522,Organic Search,Digital Marketing,Kolkata,30k-50k,73,2026-04-30,2.0,2,Y,2026-05-08,41300
LD12523,Organic Search,Digital Marketing,Pune,<15k,82,2026-02-05,22.9,5,N,,0
LD12524,Instagram Ads,Business Analytics,Mumbai,<15k,38,2025-11-17,1.2,5,Y,2025-11-20,11877
LD12525,Instagram Ads,Data Science Bootcamp,Mumbai,<15k,44,2026-03-25,1.6,4,N,,0
LD12526,Organic Search,Data Science Bootcamp,Ahmedabad,15k-30k,61,2025-12-29,23.3,5,N,,0
LD12527,Google Ads,Full Stack Development,Mumbai,15k-30k,44,2026-02-25,2.5,1,N,,0
LD12528,Organic Search,Python for Data Analysis,Hyderabad,15k-30k,69,2025-12-27,19.7,1,N,,0
LD12529,Instagram Ads,Digital Marketing,Pune,50k+,51,2026-01-12,8.4,3,N,,0
LD12530,Instagram Ads,Python for Data Analysis,Bengaluru,50k+,52,2026-06-14,16.6,1,N,,0
LD12531,Google Ads,Data Science Bootcamp,Pune,15k-30k,57,2026-01-31,3.1,2,Y,2026-02-05,23396
LD12532,Organic Search,Full Stack Development,Ahmedabad,50k+,76,2026-04-06,12.1,5,N,,0
LD12533,Organic Search,Python for Data Analysis,Ahmedabad,<15k,42,2026-04-03,14.8,3,N,,0
LD12534,LinkedIn,Power BI & Tableau,Mumbai,15k-30k,47,2026-03-12,8.6,3,Y,2026-03-19,22472
LD12535,Instagram Ads,Digital Marketing,Bengaluru,50k+,45,2026-02-01,11.6,2,N,,0
LD12536,Referral,Digital Marketing,Hyderabad,<15k,58,2026-05-05,11.4,2,N,,0
LD12537,Referral,Full Stack Development,Kolkata,50k+,83,2025-11-13,3.7,2,N,,0
LD12538,Instagram Ads,Python for Data Analysis,Bengaluru,30k-50k,80,2025-11-27,16.6,1,N,,0
LD12539,Organic Search,Python for Data Analysis,Ahmedabad,50k+,82,2026-06-02,40.7,7,N,,0
LD12540,Google Ads,Power BI & Tableau,Mumbai,50k+,54,2026-03-05,21.7,4,N,,0
LD12541,Instagram Ads,Full Stack Development,Bengaluru,<15k,63,2025-12-03,0.3,1,N,,0
LD12542,Referral,Python for Data Analysis,Hyderabad,30k-50k,47,2026-06-22,3.7,7,Y,2026-06-23,36069
LD12543,Instagram Ads,Digital Marketing,Ahmedabad,50k+,24,2026-02-28,38.2,3,N,,0
LD12544,LinkedIn,Data Science Bootcamp,Chennai,50k+,54,2025-10-31,0.5,3,N,,0
LD12545,Instagram Ads,Python for Data Analysis,Bengaluru,50k+,41,2026-07-19,25.6,1,N,,0
LD12546,Instagram Ads,Business Analytics,Mumbai,30k-50k,64,2025-12-25,26.2,1,N,,0
LD12547,Organic Search,Python for Data Analysis,Ahmedabad,30k-50k,70,2026-05-06,4.3,4,Y,2026-05-11,42204
LD12548,Instagram Ads,Business Analytics,Chennai,15k-30k,48,2025-12-06,22.0,2,N,,0
LD12549,Google Ads,Power BI & Tableau,Pune,50k+,30,2026-04-26,4.8,5,N,,0
LD12550,Referral,Digital Marketing,Kolkata,50k+,45,2025-12-13,40.8,2,N,,0
LD12551,LinkedIn,Full Stack Development,Ahmedabad,30k-50k,41,2026-07-12,8.1,7,N,,0
LD12552,Google Ads,Business Analytics,Delhi NCR,15k-30k,67,2026-01-13,10.8,3,N,,0
LD12553,Google Ads,Full Stack Development,Ahmedabad,<15k,64,2026-04-27,12.7,3,N,,0
LD12554,Google Ads,Business Analytics,Mumbai,15k-30k,54,2026-01-07,7.2,2,Y,2026-01-10,21541
LD12555,Referral,Business Analytics,Hyderabad,50k+,86,2026-02-09,6.2,3,Y,2026-02-13,58716
LD12556,LinkedIn,Python for Data Analysis,Delhi NCR,50k+,62,2026-07-04,27.3,1,N,,0
LD12557,Google Ads,Business Analytics,Bengaluru,15k-30k,46,2025-12-15,13.4,6,Y,2025-12-21,24129
LD12558,Referral,Data Science Bootcamp,Delhi NCR,30k-50k,90,2026-02-16,3.6,0,Y,2026-03-06,43972
LD12559,Walk-in,Digital Marketing,Pune,15k-30k,47,2026-01-22,23.5,5,N,,0
LD12560,LinkedIn,Power BI & Tableau,Hyderabad,<15k,43,2026-05-09,13.9,0,N,,0
LD12561,Organic Search,Digital Marketing,Hyderabad,50k+,38,2026-01-02,9.6,4,Y,2026-01-03,61453
LD12562,Google Ads,Power BI & Tableau,Hyderabad,15k-30k,46,2026-04-27,0.6,2,N,,0
LD12563,Walk-in,Power BI & Tableau,Ahmedabad,15k-30k,43,2026-05-11,52.0,0,N,,0
LD12564,Google Ads,Digital Marketing,Chennai,30k-50k,78,2025-10-31,7.0,4,N,,0
LD12565,Google Ads,Data Science Bootcamp,Pune,30k-50k,79,2026-03-10,143.6,5,N,,0
LD12566,Google Ads,Full Stack Development,Bengaluru,<15k,48,2025-12-06,26.8,3,N,,0
LD12567,Instagram Ads,Python for Data Analysis,Hyderabad,50k+,57,2025-12-31,0.5,4,Y,2026-01-08,66423
LD12568,Referral,Data Science Bootcamp,Bengaluru,<15k,90,2026-05-04,47.0,3,N,,0
LD12569,Instagram Ads,Power BI & Tableau,Pune,<15k,38,2025-11-02,16.4,2,N,,0
LD12570,Organic Search,Full Stack Development,Mumbai,<15k,53,2026-05-08,59.0,2,N,,0
LD12571,Referral,Digital Marketing,Delhi NCR,15k-30k,79,2026-06-11,2.8,4,Y,2026-06-12,20247
LD12572,Instagram Ads,Full Stack Development,Ahmedabad,50k+,71,2026-07-27,14.3,4,N,,0
LD12573,Instagram Ads,Full Stack Development,Pune,<15k,44,2026-02-23,7.5,4,N,,0
LD12574,Walk-in,Full Stack Development,Chennai,30k-50k,90,2025-12-06,25.0,3,Y,2025-12-15,38334
LD12575,Instagram Ads,Business Analytics,Mumbai,<15k,76,2025-11-19,41.9,4,N,,0
LD12576,Google Ads,Python for Data Analysis,Bengaluru,50k+,70,2026-02-12,1.7,4,N,,0
LD12577,Organic Search,Business Analytics,Chennai,50k+,78,2026-05-18,0.0,8,N,,0
LD12578,Instagram Ads,Digital Marketing,Hyderabad,15k-30k,76,2025-11-27,10.1,5,N,,0
LD12579,Organic Search,Digital Marketing,Kolkata,30k-50k,48,2026-01-24,5.0,6,N,,0
LD12580,Referral,Digital Marketing,Pune,15k-30k,29,2026-06-28,6.2,6,N,,0
LD12581,Google Ads,Power BI & Tableau,Mumbai,50k+,83,2025-12-07,4.8,6,N,,0
LD12582,Google Ads,Business Analytics,Kolkata,50k+,52,2026-05-30,18.6,6,N,,0
LD12583,Referral,Python for Data Analysis,Chennai,50k+,83,2026-05-24,28.7,4,Y,2026-05-25,65263
LD12584,Referral,Data Science Bootcamp,Pune,50k+,53,2025-12-06,28.7,2,N,,0
LD12585,Walk-in,Data Science Bootcamp,Hyderabad,<15k,86,2026-07-29,51.4,3,N,,0
LD12586,Organic Search,Digital Marketing,Kolkata,30k-50k,67,2025-12-08,10.1,2,Y,2025-12-24,36608
LD12587,LinkedIn,Business Analytics,Bengaluru,50k+,52,2026-03-24,4.8,4,N,,0
LD12588,Google Ads,Python for Data Analysis,Pune,<15k,70,2025-11-02,8.6,3,N,,0
LD12589,LinkedIn,Power BI & Tableau,Delhi NCR,<15k,48,2026-04-26,45.6,1,Y,2026-05-11,11583
LD12590,Google Ads,Python for Data Analysis,Delhi NCR,50k+,62,2026-02-28,10.6,5,N,,0
LD12591,Referral,Full Stack Development,Chennai,30k-50k,68,2026-05-16,10.7,5,N,,0
LD12592,Referral,Data Science Bootcamp,Pune,30k-50k,46,2026-04-20,17.0,2,N,,0
LD12593,Instagram Ads,Full Stack Development,Ahmedabad,50k+,55,2025-12-11,23.0,1,N,,0
LD12594,Instagram Ads,Full Stack Development,Ahmedabad,15k-30k,40,2026-02-20,8.4,10,N,,0
LD12595,Organic Search,Full Stack Development,Kolkata,30k-50k,55,2026-05-06,26.3,1,N,,0
LD12596,LinkedIn,Business Analytics,Hyderabad,30k-50k,66,2026-06-22,1.6,3,Y,2026-06-24,41123
LD12597,LinkedIn,Data Science Bootcamp,Kolkata,30k-50k,28,2025-11-23,12.8,1,N,,0
LD12598,Organic Search,Full Stack Development,Delhi NCR,15k-30k,35,2025-11-27,10.9,5,N,,0
LD12599,Referral,Business Analytics,Delhi NCR,<15k,100,2026-05-24,12.0,2,N,,0
LD12600,Walk-in,Power BI & Tableau,Pune,30k-50k,23,2026-04-09,4.6,2,N,,0
LD12601,Google Ads,Data Science Bootcamp,Delhi NCR,<15k,27,2026-02-12,4.6,1,Y,2026-02-27,11207
LD12602,Walk-in,Business Analytics,Kolkata,30k-50k,79,2026-07-20,11.7,4,N,,0
LD12603,Walk-in,Power BI & Tableau,Bengaluru,<15k,39,2026-01-24,21.2,1,N,,0
LD12604,Organic Search,Digital Marketing,Chennai,30k-50k,37,2025-12-08,2.2,3,Y,2025-12-09,42686
LD12605,Organic Search,Data Science Bootcamp,Hyderabad,<15k,15,2026-01-14,1.2,3,N,,0
LD12606,Organic Search,Python for Data Analysis,Bengaluru,30k-50k,50,2025-11-22,38.1,2,N,,0
LD12607,Walk-in,Python for Data Analysis,Mumbai,30k-50k,26,2026-03-31,5.2,1,N,,0
LD12608,LinkedIn,Full Stack Development,Chennai,15k-30k,80,2026-04-12,8.2,2,N,,0
LD12609,Instagram Ads,Digital Marketing,Pune,30k-50k,43,2026-04-14,40.5,5,N,,0
LD12610,Organic Search,Full Stack Development,Mumbai,50k+,71,2026-05-31,27.7,1,N,,0
LD12611,LinkedIn,Data Science Bootcamp,Mumbai,30k-50k,85,2026-05-07,0.5,1,Y,2026-05-08,42279
LD12612,Google Ads,Digital Marketing,Hyderabad,50k+,73,2026-06-19,2.0,4,N,,0
LD12613,Referral,Business Analytics,Kolkata,50k+,56,2026-04-28,18.9,2,N,,0
LD12614,Walk-in,Data Science Bootcamp,Bengaluru,<15k,68,2026-01-21,48.3,4,N,,0
LD12615,Google Ads,Python for Data Analysis,Ahmedabad,15k-30k,54,2026-03-21,39.5,7,N,,0
LD12616,Instagram Ads,Business Analytics,Hyderabad,50k+,79,2026-03-19,3.1,4,N,,0
LD12617,Google Ads,Digital Marketing,Kolkata,50k+,55,2026-05-23,23.7,3,N,,0
LD12618,Referral,Digital Marketing,Kolkata,50k+,57,2026-01-19,2.4,4,N,,0
LD12619,Instagram Ads,Python for Data Analysis,Kolkata,50k+,55,2025-11-14,11.4,4,Y,2025-12-01,69250
LD12620,Instagram Ads,Business Analytics,Pune,15k-30k,100,2026-07-03,9.6,7,N,,0
LD12621,Google Ads,Python for Data Analysis,Pune,50k+,51,2026-07-18,19.2,1,N,,0
LD12622,Organic Search,Full Stack Development,Mumbai,<15k,32,2026-03-15,2.0,5,N,,0
LD12623,Walk-in,Python for Data Analysis,Bengaluru,50k+,57,2025-11-30,7.3,7,Y,2025-12-18,64860
LD12624,LinkedIn,Full Stack Development,Chennai,15k-30k,75,2026-03-16,35.0,2,N,,0
LD12625,LinkedIn,Data Science Bootcamp,Hyderabad,50k+,66,2026-04-11,11.0,3,Y,2026-05-01,58641
LD12626,Instagram Ads,Data Science Bootcamp,Delhi NCR,30k-50k,33,2026-03-24,12.7,2,N,,0
LD12627,LinkedIn,Data Science Bootcamp,Hyderabad,15k-30k,23,2026-07-24,0.2,3,N,,0
LD12628,Instagram Ads,Digital Marketing,Chennai,30k-50k,59,2026-07-27,18.9,1,N,,0
LD12629,Organic Search,Digital Marketing,Ahmedabad,30k-50k,67,2026-07-12,1.5,5,Y,2026-08-01,41151
LD12630,Instagram Ads,Data Science Bootcamp,Pune,15k-30k,100,2025-12-06,0.4,1,N,,0
LD12631,Google Ads,Power BI & Tableau,Bengaluru,50k+,52,2026-06-23,6.6,2,N,,0
LD12632,Organic Search,Digital Marketing,Mumbai,30k-50k,53,2026-04-04,99.9,4,N,,0
LD12633,LinkedIn,Business Analytics,Bengaluru,50k+,17,2026-02-07,4.8,4,N,,0
LD12634,Organic Search,Data Science Bootcamp,Hyderabad,30k-50k,29,2026-05-05,16.0,7,N,,0
LD12635,Instagram Ads,Data Science Bootcamp,Ahmedabad,50k+,43,2026-05-27,26.4,6,N,,0
LD12636,Google Ads,Power BI & Tableau,Ahmedabad,30k-50k,74,2026-07-18,20.4,3,Y,2026-07-26,41198
LD12637,Walk-in,Digital Marketing,Ahmedabad,50k+,69,2026-05-29,22.5,6,N,,0
LD12638,Walk-in,Full Stack Development,Pune,15k-30k,63,2025-11-04,7.1,1,N,,0
LD12639,LinkedIn,Power BI & Tableau,Ahmedabad,50k+,13,2025-11-18,8.1,4,N,,0
LD12640,LinkedIn,Full Stack Development,Pune,50k+,39,2026-01-10,11.8,4,N,,0
LD12641,Instagram Ads,Full Stack Development,Hyderabad,30k-50k,80,2025-11-10,5.7,2,N,,0
LD12642,Organic Search,Power BI & Tableau,Kolkata,50k+,73,2025-11-16,3.5,6,N,,0
LD12643,Instagram Ads,Business Analytics,Chennai,50k+,32,2026-06-03,36.7,6,N,,0
LD12644,Google Ads,Power BI & Tableau,Ahmedabad,<15k,87,2026-03-18,24.5,3,N,,0
LD12645,Google Ads,Full Stack Development,Hyderabad,30k-50k,24,2026-04-20,11.0,6,N,,0
LD12646,Referral,Business Analytics,Delhi NCR,<15k,47,2026-03-16,19.5,2,N,,0
LD12647,Google Ads,Power BI & Tableau,Hyderabad,<15k,61,2026-02-21,13.1,2,N,,0
LD12648,Google Ads,Business Analytics,Mumbai,<15k,84,2026-05-10,9.5,5,N,,0
LD12649,Instagram Ads,Python for Data Analysis,Hyderabad,<15k,62,2025-11-22,42.3,6,N,,0
LD12650,Walk-in,Full Stack Development,Bengaluru,15k-30k,56,2026-03-26,16.0,4,N,,0
LD12651,Instagram Ads,Digital Marketing,Mumbai,15k-30k,65,2026-04-17,37.4,2,N,,0
LD12652,Instagram Ads,Full Stack Development,Hyderabad,50k+,51,2026-01-14,1.3,4,N,,0
LD12653,LinkedIn,Power BI & Tableau,Kolkata,30k-50k,40,2026-01-23,76.2,4,N,,0
LD12654,Referral,Power BI & Tableau,Ahmedabad,<15k,47,2026-03-19,4.3,0,N,,0
LD12655,Instagram Ads,Data Science Bootcamp,Kolkata,30k-50k,89,2025-12-25,65.3,3,N,,0
LD12656,Organic Search,Business Analytics,Bengaluru,50k+,0,2026-06-08,1.5,2,N,,0
LD12657,Walk-in,Power BI & Tableau,Kolkata,30k-50k,59,2026-03-26,13.0,6,N,,0
LD12658,Google Ads,Digital Marketing,Hyderabad,<15k,53,2026-02-14,14.9,3,N,,0
LD12659,Organic Search,Data Science Bootcamp,Delhi NCR,15k-30k,72,2026-04-22,37.3,2,N,,0
LD12660,Instagram Ads,Business Analytics,Delhi NCR,15k-30k,51,2026-06-15,3.1,7,N,,0
LD12661,Google Ads,Data Science Bootcamp,Delhi NCR,15k-30k,75,2026-05-04,45.8,2,N,,0
LD12662,Instagram Ads,Python for Data Analysis,Bengaluru,15k-30k,13,2025-11-18,5.1,4,N,,0
LD12663,Instagram Ads,Power BI & Tableau,Pune,30k-50k,87,2026-05-09,5.3,1,N,,0
LD12664,Google Ads,Data Science Bootcamp,Delhi NCR,<15k,90,2026-05-18,22.1,2,N,,0
LD12665,Instagram Ads,Python for Data Analysis,Chennai,<15k,30,2026-06-19,11.3,2,Y,2026-07-04,12411
LD12666,Instagram Ads,Business Analytics,Chennai,50k+,59,2025-11-15,19.6,4,N,,0
LD12667,Google Ads,Digital Marketing,Hyderabad,50k+,82,2025-11-23,26.5,7,N,,0
LD12668,LinkedIn,Data Science Bootcamp,Mumbai,15k-30k,70,2026-02-26,33.2,2,Y,2026-03-04,21715
LD12669,Google Ads,Power BI & Tableau,Ahmedabad,15k-30k,34,2026-03-03,9.2,6,N,,0
LD12670,Instagram Ads,Power BI & Tableau,Hyderabad,50k+,79,2026-04-15,2.5,2,N,,0
LD12671,Organic Search,Digital Marketing,Chennai,<15k,56,2026-01-23,47.0,6,N,,0
LD12672,LinkedIn,Python for Data Analysis,Hyderabad,50k+,83,2026-05-21,14.0,2,N,,0
LD12673,Google Ads,Python for Data Analysis,Kolkata,<15k,96,2026-05-21,3.2,1,N,,0
LD12674,Instagram Ads,Full Stack Development,Bengaluru,15k-30k,45,2025-12-02,12.8,4,N,,0
LD12675,Walk-in,Digital Marketing,Mumbai,<15k,86,2026-05-12,17.5,4,Y,2026-05-22,10902
LD12676,Instagram Ads,Power BI & Tableau,Delhi NCR,15k-30k,32,2026-05-10,19.6,4,N,,0
LD12677,Instagram Ads,Power BI & Tableau,Ahmedabad,50k+,70,2025-12-14,34.1,2,N,,0
LD12678,Organic Search,Data Science Bootcamp,Pune,15k-30k,24,2026-07-18,19.0,1,N,,0
LD12679,Google Ads,Digital Marketing,Mumbai,15k-30k,86,2026-03-22,3.3,2,N,,0
LD12680,LinkedIn,Power BI & Tableau,Ahmedabad,50k+,60,2026-06-01,2.5,6,N,,0
LD12681,Organic Search,Data Science Bootcamp,Ahmedabad,<15k,73,2026-05-15,90.6,7,N,,0
LD12682,Instagram Ads,Power BI & Tableau,Pune,30k-50k,75,2025-12-15,19.1,3,N,,0
LD12683,Instagram Ads,Data Science Bootcamp,Ahmedabad,<15k,44,2025-12-04,18.1,4,N,,0
LD12684,Organic Search,Digital Marketing,Kolkata,30k-50k,77,2026-06-01,1.4,3,N,,0
LD12685,Referral,Digital Marketing,Delhi NCR,15k-30k,33,2026-01-12,66.9,5,N,,0
LD12686,Instagram Ads,Data Science Bootcamp,Hyderabad,15k-30k,31,2026-06-29,12.3,3,N,,0
LD12687,Walk-in,Digital Marketing,Kolkata,<15k,20,2026-05-29,17.3,3,N,,0
LD12688,Google Ads,Full Stack Development,Pune,<15k,37,2025-11-08,18.3,3,N,,0
LD12689,LinkedIn,Full Stack Development,Kolkata,30k-50k,25,2026-06-08,8.8,3,N,,0
LD12690,Instagram Ads,Business Analytics,Chennai,30k-50k,52,2026-01-13,6.5,4,Y,2026-01-25,40988
LD12691,Instagram Ads,Full Stack Development,Ahmedabad,30k-50k,86,2025-11-17,9.3,2,N,,0
LD12692,LinkedIn,Digital Marketing,Chennai,15k-30k,69,2026-05-13,5.8,5,Y,2026-05-25,20910
LD12693,Instagram Ads,Digital Marketing,Ahmedabad,15k-30k,48,2026-04-06,9.2,3,Y,2026-04-20,23601
LD12694,Organic Search,Power BI & Tableau,Bengaluru,30k-50k,39,2025-11-21,5.0,2,N,,0
LD12695,Organic Search,Full Stack Development,Bengaluru,15k-30k,44,2026-03-04,1.8,6,N,,0
LD12696,Organic Search,Power BI & Tableau,Bengaluru,50k+,63,2026-02-06,10.2,3,Y,2026-02-08,63438
LD12697,Organic Search,Data Science Bootcamp,Kolkata,15k-30k,47,2026-03-16,22.5,1,N,,0
LD12698,Instagram Ads,Power BI & Tableau,Kolkata,50k+,44,2026-04-03,9.5,2,N,,0
LD12699,Instagram Ads,Power BI & Tableau,Hyderabad,<15k,89,2026-02-08,39.7,5,N,,0
LD12700,Walk-in,Power BI & Tableau,Ahmedabad,<15k,0,2026-01-08,24.5,3,N,,0
LD12701,LinkedIn,Full Stack Development,Chennai,<15k,100,2025-11-28,15.1,1,N,,0
LD12702,Referral,Python for Data Analysis,Kolkata,30k-50k,76,2026-04-05,1.3,2,N,,0
LD12703,Instagram Ads,Business Analytics,Hyderabad,<15k,100,2026-05-16,20.2,4,N,,0
LD12704,Referral,Python for Data Analysis,Mumbai,30k-50k,57,2026-01-01,17.2,4,N,,0
LD12705,Google Ads,Python for Data Analysis,Mumbai,<15k,73,2026-03-18,32.5,2,N,,0
LD12706,Instagram Ads,Full Stack Development,Delhi NCR,<15k,53,2025-11-12,10.2,4,N,,0
LD12707,Instagram Ads,Full Stack Development,Mumbai,30k-50k,63,2026-06-23,9.1,5,N,,0
LD12708,Walk-in,Data Science Bootcamp,Mumbai,30k-50k,48,2026-01-05,1.4,5,Y,2026-01-07,36095
LD12709,Google Ads,Business Analytics,Chennai,50k+,49,2026-03-08,1.7,4,N,,0
LD12710,Referral,Data Science Bootcamp,Ahmedabad,30k-50k,48,2026-02-12,3.6,4,N,,0
LD12711,LinkedIn,Full Stack Development,Bengaluru,15k-30k,49,2025-12-10,36.6,4,N,,0
LD12712,Google Ads,Business Analytics,Hyderabad,50k+,84,2026-07-12,21.8,4,N,,0
LD12713,Google Ads,Digital Marketing,Pune,50k+,80,2026-06-22,29.0,5,N,,0
LD12714,Organic Search,Power BI & Tableau,Pune,15k-30k,67,2026-03-30,27.1,4,N,,0
LD12715,Referral,Data Science Bootcamp,Hyderabad,15k-30k,58,2026-07-07,9.7,1,N,,0
LD12716,Instagram Ads,Business Analytics,Mumbai,30k-50k,41,2026-05-21,1.2,3,N,,0
LD12717,Google Ads,Power BI & Tableau,Mumbai,30k-50k,47,2026-02-22,4.6,3,N,,0
LD12718,Google Ads,Full Stack Development,Delhi NCR,<15k,99,2026-01-26,23.3,4,N,,0
LD12719,Instagram Ads,Full Stack Development,Bengaluru,50k+,51,2026-02-21,15.9,3,N,,0
LD12720,Google Ads,Python for Data Analysis,Chennai,<15k,54,2026-05-15,7.5,1,N,,0
LD12721,Walk-in,Python for Data Analysis,Delhi NCR,50k+,29,2026-01-13,10.2,0,N,,0
LD12722,Google Ads,Data Science Bootcamp,Ahmedabad,50k+,62,2025-11-21,29.3,3,N,,0
LD12723,Organic Search,Digital Marketing,Mumbai,<15k,49,2026-02-09,9.5,5,N,,0
LD12724,Instagram Ads,Data Science Bootcamp,Kolkata,30k-50k,67,2026-03-17,41.9,1,N,,0
LD12725,Instagram Ads,Power BI & Tableau,Chennai,50k+,28,2026-07-04,0.4,3,N,,0
LD12726,Instagram Ads,Data Science Bootcamp,Mumbai,50k+,51,2025-12-18,4.9,3,Y,2025-12-24,68867
LD12727,Instagram Ads,Digital Marketing,Bengaluru,<15k,39,2026-06-07,1.4,3,N,,0
LD12728,Instagram Ads,Full Stack Development,Kolkata,15k-30k,31,2026-07-25,41.7,2,N,,0
LD12729,Google Ads,Data Science Bootcamp,Mumbai,15k-30k,45,2026-07-18,35.8,5,N,,0
LD12730,Google Ads,Business Analytics,Delhi NCR,30k-50k,49,2025-11-18,62.4,3,N,,0
LD12731,Referral,Data Science Bootcamp,Bengaluru,<15k,77,2026-03-06,1.0,2,N,,0
LD12732,Google Ads,Python for Data Analysis,Bengaluru,50k+,81,2026-01-16,17.5,2,Y,2026-01-18,69130
LD12733,Organic Search,Power BI & Tableau,Delhi NCR,30k-50k,79,2026-06-18,17.9,4,N,,0
LD12734,Referral,Business Analytics,Ahmedabad,<15k,48,2026-01-28,1.0,5,N,,0
LD12735,Google Ads,Business Analytics,Bengaluru,30k-50k,60,2026-03-30,15.6,3,N,,0
LD12736,Instagram Ads,Digital Marketing,Hyderabad,15k-30k,81,2025-11-02,0.4,1,N,,0
LD12737,Instagram Ads,Power BI & Tableau,Hyderabad,50k+,64,2025-12-24,22.3,2,Y,2026-01-07,65611
LD12738,Walk-in,Full Stack Development,Hyderabad,50k+,84,2026-04-02,44.7,2,N,,0
LD12739,Google Ads,Data Science Bootcamp,Bengaluru,<15k,24,2026-01-21,4.9,5,N,,0
LD12740,Instagram Ads,Python for Data Analysis,Hyderabad,30k-50k,20,2026-04-19,10.8,4,N,,0
LD12741,Organic Search,Business Analytics,Ahmedabad,<15k,89,2026-03-06,6.9,2,N,,0
LD12742,Walk-in,Data Science Bootcamp,Kolkata,30k-50k,67,2026-04-10,12.1,2,N,,0
LD12743,Organic Search,Data Science Bootcamp,Bengaluru,<15k,35,2026-03-14,29.4,1,N,,0
LD12744,LinkedIn,Power BI & Tableau,Delhi NCR,<15k,56,2026-05-29,12.4,1,N,,0
LD12745,Organic Search,Python for Data Analysis,Hyderabad,50k+,58,2025-12-23,2.6,1,N,,0
LD12746,Walk-in,Power BI & Tableau,Mumbai,50k+,56,2026-07-03,33.6,5,Y,2026-07-24,58549
LD12747,Walk-in,Power BI & Tableau,Ahmedabad,<15k,68,2026-05-26,23.5,3,N,,0
LD12748,Instagram Ads,Python for Data Analysis,Kolkata,50k+,67,2026-01-05,4.1,1,N,,0
LD12749,Google Ads,Power BI & Tableau,Chennai,<15k,74,2025-11-01,38.8,4,N,,0
LD12750,Instagram Ads,Full Stack Development,Ahmedabad,<15k,48,2026-02-19,10.6,1,N,,0
LD12751,Referral,Power BI & Tableau,Mumbai,30k-50k,81,2026-01-02,47.5,2,N,,0
LD12752,Organic Search,Data Science Bootcamp,Bengaluru,<15k,39,2026-02-02,30.9,5,N,,0
LD12753,Google Ads,Power BI & Tableau,Mumbai,<15k,66,2026-06-17,27.6,3,N,,0
LD12754,Instagram Ads,Power BI & Tableau,Delhi NCR,15k-30k,91,2026-06-27,8.3,2,N,,0
LD12755,Referral,Digital Marketing,Ahmedabad,50k+,53,2026-07-17,4.9,5,N,,0
LD12756,Google Ads,Full Stack Development,Pune,50k+,36,2025-10-31,7.1,1,N,,0
LD12757,Instagram Ads,Business Analytics,Bengaluru,15k-30k,62,2026-04-28,44.8,1,N,,0
LD12758,Walk-in,Data Science Bootcamp,Delhi NCR,15k-30k,71,2026-06-19,40.3,6,N,,0
LD12759,Instagram Ads,Power BI & Tableau,Chennai,50k+,48,2026-05-17,4.2,3,N,,0
LD12760,Google Ads,Digital Marketing,Pune,15k-30k,75,2025-11-28,19.8,4,N,,0
LD12761,Walk-in,Python for Data Analysis,Chennai,30k-50k,47,2026-03-24,10.9,5,N,,0
LD12762,Instagram Ads,Digital Marketing,Bengaluru,30k-50k,86,2026-01-04,12.3,5,Y,2026-01-09,40813
LD12763,Instagram Ads,Power BI & Tableau,Bengaluru,15k-30k,34,2026-03-14,1.8,2,N,,0
LD12764,Instagram Ads,Business Analytics,Kolkata,<15k,35,2025-11-16,12.3,4,N,,0
LD12765,Referral,Digital Marketing,Mumbai,15k-30k,82,2026-07-30,2.1,3,N,,0
LD12766,Organic Search,Full Stack Development,Hyderabad,15k-30k,51,2026-05-13,8.2,1,N,,0
LD12767,Organic Search,Digital Marketing,Ahmedabad,15k-30k,99,2025-11-25,60.3,3,N,,0
LD12768,Google Ads,Full Stack Development,Chennai,50k+,16,2026-07-09,70.5,2,N,,0
LD12769,Google Ads,Power BI & Tableau,Delhi NCR,30k-50k,18,2026-07-02,0.4,4,N,,0
LD12770,Instagram Ads,Python for Data Analysis,Pune,30k-50k,50,2026-03-21,11.0,4,N,,0
LD12771,Referral,Data Science Bootcamp,Bengaluru,50k+,75,2026-05-10,9.3,0,N,,0
LD12772,Instagram Ads,Python for Data Analysis,Bengaluru,15k-30k,61,2026-02-09,0.3,6,N,,0
LD12773,Google Ads,Full Stack Development,Mumbai,15k-30k,21,2026-07-24,37.1,0,N,,0
LD12774,Instagram Ads,Python for Data Analysis,Mumbai,15k-30k,74,2025-11-23,0.9,1,N,,0
LD12775,Google Ads,Python for Data Analysis,Kolkata,30k-50k,46,2025-11-26,4.0,7,N,,0
LD12776,Google Ads,Business Analytics,Pune,50k+,70,2025-12-06,47.1,3,N,,0
LD12777,Google Ads,Data Science Bootcamp,Bengaluru,30k-50k,43,2026-06-11,90.9,5,N,,0
LD12778,Instagram Ads,Data Science Bootcamp,Bengaluru,30k-50k,49,2025-11-20,5.4,4,N,,0
LD12779,Google Ads,Power BI & Tableau,Pune,<15k,79,2026-04-04,40.7,6,N,,0
LD12780,Instagram Ads,Digital Marketing,Mumbai,50k+,47,2026-02-26,6.5,1,N,,0
LD12781,Instagram Ads,Full Stack Development,Bengaluru,30k-50k,51,2026-07-21,39.5,5,N,,0
LD12782,Instagram Ads,Data Science Bootcamp,Mumbai,15k-30k,53,2026-01-03,4.8,3,N,,0
LD12783,LinkedIn,Digital Marketing,Mumbai,15k-30k,23,2026-01-10,8.8,3,N,,0
LD12784,Instagram Ads,Digital Marketing,Chennai,15k-30k,81,2026-01-24,21.7,4,N,,0
LD12785,Organic Search,Power BI & Tableau,Pune,15k-30k,29,2026-06-06,4.8,3,N,,0
LD12786,Google Ads,Business Analytics,Pune,<15k,57,2026-05-10,22.9,3,N,,0
LD12787,Referral,Digital Marketing,Bengaluru,<15k,66,2026-05-19,6.6,3,Y,2026-05-22,11331
LD12788,Google Ads,Full Stack Development,Kolkata,15k-30k,87,2026-01-25,13.1,4,N,,0
LD12789,Organic Search,Full Stack Development,Chennai,<15k,65,2026-01-13,29.5,4,N,,0
LD12790,Organic Search,Business Analytics,Ahmedabad,30k-50k,67,2025-11-20,69.9,1,N,,0
LD12791,Instagram Ads,Business Analytics,Chennai,30k-50k,61,2025-12-25,6.3,4,N,,0
LD12792,Google Ads,Full Stack Development,Kolkata,15k-30k,61,2026-05-31,6.6,4,N,,0
LD12793,Walk-in,Full Stack Development,Hyderabad,<15k,33,2026-04-08,3.1,4,N,,0
LD12794,Google Ads,Business Analytics,Mumbai,15k-30k,64,2025-12-12,2.6,1,N,,0
LD12795,Google Ads,Business Analytics,Chennai,50k+,73,2025-12-14,34.4,4,N,,0
LD12796,Referral,Digital Marketing,Mumbai,50k+,77,2026-03-07,20.7,3,Y,2026-03-08,66300
LD12797,Google Ads,Data Science Bootcamp,Delhi NCR,15k-30k,84,2026-02-18,30.4,3,N,,0
LD12798,Referral,Business Analytics,Mumbai,30k-50k,23,2026-03-26,79.7,3,N,,0
LD12799,Instagram Ads,Data Science Bootcamp,Pune,30k-50k,30,2026-07-21,13.4,5,N,,0
LD12800,Referral,Power BI & Tableau,Mumbai,50k+,38,2025-12-26,14.5,3,N,,0
LD12801,LinkedIn,Full Stack Development,Ahmedabad,<15k,49,2026-01-23,13.2,2,Y,2026-02-03,10894
LD12802,Google Ads,Full Stack Development,Pune,<15k,45,2026-01-11,15.3,2,N,,0
LD12803,Walk-in,Power BI & Tableau,Chennai,50k+,84,2025-12-02,7.7,0,N,,0
LD12804,LinkedIn,Python for Data Analysis,Pune,50k+,60,2025-12-13,39.1,4,N,,0
LD12805,Instagram Ads,Digital Marketing,Ahmedabad,30k-50k,62,2026-05-06,19.2,3,N,,0
LD12806,Instagram Ads,Full Stack Development,Ahmedabad,50k+,49,2026-06-13,0.8,4,N,,0
LD12807,Instagram Ads,Digital Marketing,Bengaluru,50k+,80,2026-05-09,30.9,4,N,,0
LD12808,Instagram Ads,Business Analytics,Mumbai,15k-30k,38,2025-11-11,7.9,3,N,,0
LD12809,Google Ads,Python for Data Analysis,Kolkata,15k-30k,67,2026-06-16,3.9,4,N,,0
LD12810,Google Ads,Business Analytics,Kolkata,30k-50k,29,2026-01-28,1.0,5,Y,2026-02-02,42547
LD12811,Instagram Ads,Python for Data Analysis,Chennai,15k-30k,40,2025-11-24,15.7,2,N,,0
LD12812,Google Ads,Digital Marketing,Pune,<15k,71,2026-01-06,9.0,5,N,,0
LD12813,Walk-in,Data Science Bootcamp,Ahmedabad,30k-50k,43,2026-02-05,56.8,1,N,,0
LD12814,Instagram Ads,Power BI & Tableau,Mumbai,30k-50k,52,2026-03-20,1.1,5,N,,0
LD12815,Google Ads,Power BI & Tableau,Ahmedabad,<15k,56,2026-05-03,3.9,3,Y,2026-05-05,13074
LD12816,Referral,Power BI & Tableau,Kolkata,30k-50k,15,2026-01-10,1.2,1,N,,0
LD12817,Organic Search,Python for Data Analysis,Kolkata,50k+,47,2026-07-28,19.0,2,N,,0
LD12818,Referral,Python for Data Analysis,Ahmedabad,30k-50k,37,2025-11-08,61.6,1,N,,0
LD12819,Referral,Digital Marketing,Kolkata,30k-50k,41,2026-02-18,1.5,1,N,,0
LD12820,Instagram Ads,Data Science Bootcamp,Ahmedabad,15k-30k,65,2026-03-03,0.6,2,Y,2026-03-13,21173
LD12821,Organic Search,Business Analytics,Hyderabad,30k-50k,56,2026-05-23,4.0,3,N,,0
LD12822,Instagram Ads,Digital Marketing,Delhi NCR,<15k,87,2026-01-07,4.9,2,N,,0
LD12823,Google Ads,Power BI & Tableau,Delhi NCR,<15k,81,2026-03-06,24.8,2,N,,0
LD12824,Google Ads,Business Analytics,Hyderabad,<15k,69,2026-06-07,60.7,2,N,,0
LD12825,Walk-in,Data Science Bootcamp,Bengaluru,30k-50k,34,2025-12-08,16.9,4,Y,2025-12-14,43914
LD12826,Google Ads,Power BI & Tableau,Chennai,15k-30k,93,2025-11-03,60.6,2,N,,0
LD12827,Referral,Business Analytics,Delhi NCR,30k-50k,48,2026-06-14,16.2,5,N,,0
LD12828,Instagram Ads,Digital Marketing,Mumbai,30k-50k,32,2026-07-26,2.5,2,N,,0
LD12829,Referral,Full Stack Development,Delhi NCR,15k-30k,51,2025-12-05,25.8,2,N,,0
LD12830,Walk-in,Data Science Bootcamp,Delhi NCR,30k-50k,65,2026-06-12,27.2,0,N,,0
LD12831,Instagram Ads,Digital Marketing,Kolkata,50k+,99,2026-02-09,40.6,5,N,,0
LD12832,Referral,Power BI & Tableau,Ahmedabad,<15k,44,2026-04-21,35.0,4,Y,2026-04-25,13185
LD12833,Instagram Ads,Full Stack Development,Kolkata,15k-30k,53,2026-04-24,21.5,5,N,,0
LD12834,Referral,Business Analytics,Mumbai,15k-30k,65,2026-04-07,1.0,5,N,,0
LD12835,Instagram Ads,Python for Data Analysis,Ahmedabad,15k-30k,75,2026-01-09,14.8,1,N,,0
LD12836,Instagram Ads,Full Stack Development,Chennai,50k+,57,2026-06-09,39.5,4,N,,0
LD12837,Walk-in,Data Science Bootcamp,Mumbai,30k-50k,32,2025-11-05,6.5,3,Y,2025-11-07,39198
LD12838,Instagram Ads,Python for Data Analysis,Mumbai,50k+,74,2025-11-17,3.9,6,N,,0
LD12839,Google Ads,Python for Data Analysis,Bengaluru,50k+,66,2026-07-04,4.8,4,N,,0
LD12840,Google Ads,Digital Marketing,Pune,15k-30k,88,2026-03-01,41.7,3,N,,0
LD12841,Instagram Ads,Digital Marketing,Ahmedabad,<15k,55,2025-12-05,14.9,4,N,,0
LD12842,Instagram Ads,Full Stack Development,Chennai,30k-50k,58,2026-07-05,22.7,1,N,,0
LD12843,Google Ads,Business Analytics,Kolkata,50k+,42,2026-06-14,24.9,2,N,,0
LD12844,Referral,Full Stack Development,Delhi NCR,50k+,51,2026-01-29,1.2,3,Y,2026-02-02,68867
LD12845,Instagram Ads,Digital Marketing,Bengaluru,<15k,76,2025-11-11,17.4,4,N,,0
LD12846,Referral,Business Analytics,Chennai,15k-30k,66,2026-03-05,37.3,0,N,,0
LD12847,Instagram Ads,Power BI & Tableau,Kolkata,50k+,38,2025-12-15,1.8,5,N,,0
LD12848,Referral,Business Analytics,Hyderabad,50k+,25,2026-04-05,2.2,2,N,,0
LD12849,Instagram Ads,Power BI & Tableau,Mumbai,50k+,31,2026-06-12,9.5,3,N,,0
LD12850,Instagram Ads,Python for Data Analysis,Chennai,<15k,70,2026-02-15,26.9,4,N,,0
LD12851,Referral,Power BI & Tableau,Delhi NCR,50k+,70,2025-11-08,28.3,4,Y,2025-11-09,68888
LD12852,Instagram Ads,Data Science Bootcamp,Hyderabad,15k-30k,90,2026-05-05,3.7,5,N,,0
LD12853,LinkedIn,Full Stack Development,Bengaluru,15k-30k,58,2025-12-17,4.3,1,Y,2025-12-24,23497
LD12854,Google Ads,Full Stack Development,Bengaluru,50k+,47,2025-12-28,0.8,5,N,,0
LD12855,Instagram Ads,Business Analytics,Hyderabad,15k-30k,40,2025-12-21,35.2,9,N,,0
LD12856,Instagram Ads,Python for Data Analysis,Mumbai,30k-50k,60,2026-01-15,2.7,3,Y,2026-01-18,42552
LD12857,LinkedIn,Business Analytics,Hyderabad,30k-50k,58,2026-06-29,52.4,5,N,,0
LD12858,Instagram Ads,Python for Data Analysis,Chennai,<15k,82,2025-11-09,12.8,7,N,,0
LD12859,Instagram Ads,Power BI & Tableau,Pune,<15k,57,2026-04-18,36.2,3,N,,0
LD12860,Instagram Ads,Digital Marketing,Kolkata,50k+,30,2026-01-06,11.3,1,N,,0
LD12861,Instagram Ads,Business Analytics,Pune,<15k,64,2026-01-19,0.6,1,N,,0
LD12862,Instagram Ads,Power BI & Tableau,Ahmedabad,50k+,44,2026-02-20,1.9,3,N,,0
LD12863,Referral,Full Stack Development,Kolkata,<15k,78,2026-03-30,0.5,2,N,,0
LD12864,Google Ads,Business Analytics,Mumbai,15k-30k,74,2025-11-16,13.6,3,N,,0
LD12865,Organic Search,Digital Marketing,Ahmedabad,50k+,55,2026-01-15,8.3,5,N,,0
LD12866,LinkedIn,Business Analytics,Mumbai,30k-50k,82,2025-12-07,4.7,4,N,,0
LD12867,Instagram Ads,Power BI & Tableau,Delhi NCR,50k+,66,2025-12-24,63.5,1,N,,0
LD12868,Walk-in,Business Analytics,Pune,<15k,41,2026-06-29,18.2,6,N,,0
LD12869,LinkedIn,Python for Data Analysis,Kolkata,<15k,53,2026-03-23,36.2,3,N,,0
LD12870,Google Ads,Power BI & Tableau,Chennai,15k-30k,22,2026-04-21,56.5,8,N,,0
LD12871,Instagram Ads,Power BI & Tableau,Ahmedabad,50k+,46,2026-06-06,60.6,4,N,,0
LD12872,Instagram Ads,Python for Data Analysis,Hyderabad,<15k,23,2026-06-04,26.0,2,N,,0
LD12873,Google Ads,Digital Marketing,Chennai,50k+,28,2026-07-28,28.6,3,N,,0
LD12874,Instagram Ads,Full Stack Development,Kolkata,30k-50k,74,2026-06-01,3.8,5,N,,0
LD12875,LinkedIn,Power BI & Tableau,Kolkata,15k-30k,41,2026-02-06,4.1,4,N,,0
LD12876,Referral,Business Analytics,Kolkata,15k-30k,24,2026-03-28,41.4,2,Y,2026-04-02,20062
LD12877,Google Ads,Python for Data Analysis,Pune,50k+,79,2026-03-12,40.9,3,N,,0
LD12878,Referral,Full Stack Development,Kolkata,<15k,59,2026-07-07,41.5,4,N,,0
LD12879,Instagram Ads,Full Stack Development,Mumbai,<15k,100,2026-03-17,15.2,5,N,,0
LD12880,Referral,Business Analytics,Delhi NCR,30k-50k,97,2026-02-14,5.8,4,Y,2026-02-17,39420
LD12881,Instagram Ads,Full Stack Development,Mumbai,<15k,54,2025-12-19,30.4,2,N,,0
LD12882,Walk-in,Python for Data Analysis,Hyderabad,50k+,41,2026-01-26,0.2,3,Y,2026-01-31,60906
LD12883,Google Ads,Digital Marketing,Hyderabad,<15k,44,2025-12-29,32.6,1,N,,0
LD12884,Google Ads,Power BI & Tableau,Kolkata,30k-50k,39,2026-07-02,33.4,2,N,,0
LD12885,Instagram Ads,Python for Data Analysis,Delhi NCR,15k-30k,54,2026-05-31,3.5,3,Y,2026-06-01,22369
LD12886,Walk-in,Business Analytics,Ahmedabad,<15k,58,2025-11-15,15.3,5,N,,0
LD12887,Instagram Ads,Data Science Bootcamp,Ahmedabad,<15k,94,2026-07-28,10.4,3,N,,0
LD12888,Organic Search,Python for Data Analysis,Kolkata,30k-50k,51,2026-03-24,7.5,3,N,,0
LD12889,Google Ads,Business Analytics,Bengaluru,50k+,61,2026-05-28,34.2,4,N,,0
LD12890,Organic Search,Data Science Bootcamp,Hyderabad,30k-50k,41,2026-07-30,18.8,6,N,,0
LD12891,Organic Search,Full Stack Development,Chennai,15k-30k,21,2026-07-23,23.2,3,N,,0
LD12892,Instagram Ads,Full Stack Development,Ahmedabad,50k+,63,2025-11-27,8.7,2,N,,0
LD12893,Google Ads,Python for Data Analysis,Hyderabad,<15k,72,2026-04-28,11.7,2,N,,0
LD12894,Instagram Ads,Power BI & Tableau,Ahmedabad,15k-30k,63,2026-01-11,13.6,0,N,,0
LD12895,Instagram Ads,Business Analytics,Delhi NCR,50k+,56,2026-06-10,32.8,2,N,,0
LD12896,Instagram Ads,Business Analytics,Bengaluru,15k-30k,58,2026-07-08,2.5,3,N,,0
LD12897,Referral,Power BI & Tableau,Pune,<15k,74,2025-11-15,59.8,3,N,,0
LD12898,Instagram Ads,Digital Marketing,Kolkata,<15k,75,2026-07-30,1.4,3,N,,0
LD12899,Organic Search,Business Analytics,Bengaluru,<15k,55,2025-12-29,36.8,2,N,,0
LD12900,Instagram Ads,Full Stack Development,Pune,30k-50k,50,2026-06-19,21.6,5,N,,0
LD12901,Instagram Ads,Python for Data Analysis,Pune,30k-50k,39,2026-06-05,5.6,4,N,,0
LD12902,Google Ads,Business Analytics,Mumbai,<15k,41,2026-02-04,22.2,10,N,,0
LD12903,Instagram Ads,Python for Data Analysis,Hyderabad,<15k,27,2026-06-17,7.9,2,N,,0
LD12904,LinkedIn,Python for Data Analysis,Ahmedabad,30k-50k,23,2026-06-18,16.4,3,Y,2026-06-24,38414
LD12905,Organic Search,Data Science Bootcamp,Bengaluru,<15k,55,2025-12-18,6.9,1,Y,2025-12-24,12888
LD12906,Organic Search,Python for Data Analysis,Mumbai,15k-30k,59,2026-04-10,21.7,3,N,,0
LD12907,Instagram Ads,Digital Marketing,Mumbai,15k-30k,73,2026-06-08,5.0,2,Y,2026-06-09,21037
LD12908,LinkedIn,Data Science Bootcamp,Kolkata,<15k,47,2026-05-09,41.7,3,N,,0
LD12909,Instagram Ads,Data Science Bootcamp,Chennai,<15k,86,2026-07-07,12.0,2,N,,0
LD12910,Google Ads,Business Analytics,Mumbai,<15k,65,2025-11-07,15.2,5,N,,0
LD12911,Instagram Ads,Data Science Bootcamp,Pune,15k-30k,37,2026-05-10,8.4,3,N,,0
LD12912,Google Ads,Data Science Bootcamp,Hyderabad,50k+,67,2026-07-16,26.5,1,Y,2026-08-10,66197
LD12913,Organic Search,Digital Marketing,Mumbai,30k-50k,82,2026-04-02,19.0,2,N,,0
LD12914,Instagram Ads,Power BI & Tableau,Kolkata,15k-30k,15,2026-04-02,0.6,2,N,,0
LD12915,LinkedIn,Python for Data Analysis,Mumbai,<15k,37,2025-12-21,26.4,3,N,,0
LD12916,Instagram Ads,Business Analytics,Chennai,<15k,60,2026-07-27,21.3,6,N,,0
LD12917,Walk-in,Digital Marketing,Bengaluru,15k-30k,61,2026-06-28,0.4,3,N,,0
LD12918,Instagram Ads,Python for Data Analysis,Bengaluru,30k-50k,23,2026-03-14,8.7,4,Y,2026-03-15,37288
LD12919,Referral,Python for Data Analysis,Ahmedabad,15k-30k,53,2026-01-23,63.7,2,N,,0
LD12920,Organic Search,Business Analytics,Delhi NCR,<15k,16,2026-03-13,66.3,2,N,,0
LD12921,Google Ads,Full Stack Development,Bengaluru,30k-50k,25,2025-11-24,39.1,3,N,,0
LD12922,Instagram Ads,Data Science Bootcamp,Kolkata,15k-30k,36,2026-01-02,32.6,2,N,,0
LD12923,Referral,Digital Marketing,Hyderabad,50k+,74,2025-12-29,12.6,4,N,,0
LD12924,Google Ads,Full Stack Development,Delhi NCR,15k-30k,44,2026-03-23,33.9,4,Y,2026-03-26,22998
LD12925,Walk-in,Data Science Bootcamp,Kolkata,30k-50k,63,2025-10-31,18.3,2,N,,0
LD12926,Instagram Ads,Full Stack Development,Chennai,15k-30k,56,2026-07-08,4.5,2,N,,0
LD12927,Referral,Business Analytics,Ahmedabad,30k-50k,73,2025-12-24,20.0,1,N,,0
LD12928,LinkedIn,Data Science Bootcamp,Bengaluru,30k-50k,59,2025-12-05,30.0,1,N,,0
LD12929,Google Ads,Power BI & Tableau,Kolkata,50k+,61,2026-05-14,6.2,3,N,,0
LD12930,Referral,Power BI & Tableau,Bengaluru,15k-30k,19,2026-07-08,51.1,3,N,,0
LD12931,LinkedIn,Business Analytics,Hyderabad,<15k,52,2026-06-18,57.8,2,N,,0
LD12932,Referral,Digital Marketing,Kolkata,15k-30k,43,2026-01-27,13.8,4,N,,0
LD12933,Google Ads,Business Analytics,Bengaluru,<15k,86,2025-11-05,12.9,1,N,,0
LD12934,Referral,Business Analytics,Ahmedabad,30k-50k,45,2026-04-09,5.9,4,Y,2026-05-01,37621
LD12935,LinkedIn,Digital Marketing,Pune,15k-30k,86,2026-07-08,8.3,7,N,,0
LD12936,Google Ads,Python for Data Analysis,Bengaluru,15k-30k,62,2026-05-30,17.4,4,N,,0
LD12937,Instagram Ads,Business Analytics,Chennai,50k+,56,2026-06-19,12.4,5,N,,0
LD12938,Instagram Ads,Business Analytics,Chennai,30k-50k,48,2026-06-22,15.7,1,N,,0
LD12939,Google Ads,Full Stack Development,Kolkata,<15k,55,2026-07-20,7.7,1,N,,0
LD12940,Google Ads,Full Stack Development,Bengaluru,30k-50k,15,2026-02-09,32.0,6,N,,0
LD12941,Google Ads,Business Analytics,Chennai,30k-50k,52,2026-07-15,52.6,2,N,,0
LD12942,Google Ads,Business Analytics,Bengaluru,15k-30k,32,2026-02-15,37.8,2,N,,0
LD12943,Instagram Ads,Full Stack Development,Mumbai,15k-30k,55,2025-11-27,3.8,2,N,,0
LD12944,LinkedIn,Power BI & Tableau,Chennai,50k+,44,2026-01-21,53.5,6,N,,0
LD12945,Google Ads,Business Analytics,Bengaluru,50k+,30,2025-12-07,2.2,5,Y,2025-12-11,66600
LD12946,LinkedIn,Data Science Bootcamp,Hyderabad,50k+,38,2025-12-12,82.3,6,N,,0
LD12947,Referral,Business Analytics,Pune,<15k,66,2026-07-16,20.3,5,N,,0
LD12948,Instagram Ads,Business Analytics,Hyderabad,15k-30k,34,2026-06-04,7.7,5,N,,0
LD12949,Instagram Ads,Business Analytics,Mumbai,15k-30k,69,2026-07-20,11.6,4,Y,2026-07-21,22646
LD12950,Organic Search,Power BI & Tableau,Kolkata,<15k,28,2026-04-26,7.0,7,N,,0
LD12951,Organic Search,Full Stack Development,Delhi NCR,50k+,67,2025-12-17,12.4,2,N,,0
LD12952,Referral,Business Analytics,Mumbai,15k-30k,52,2026-07-22,17.6,2,N,,0
LD12953,Instagram Ads,Python for Data Analysis,Mumbai,15k-30k,69,2026-05-08,9.5,1,N,,0
LD12954,Instagram Ads,Digital Marketing,Ahmedabad,30k-50k,10,2026-07-11,27.1,5,N,,0
LD12955,Instagram Ads,Full Stack Development,Delhi NCR,15k-30k,88,2026-06-02,16.4,2,Y,2026-06-08,20550
LD12956,Instagram Ads,Python for Data Analysis,Chennai,<15k,68,2025-12-30,17.6,2,N,,0
LD12957,Google Ads,Python for Data Analysis,Pune,50k+,16,2026-04-09,59.6,3,N,,0
LD12958,Instagram Ads,Python for Data Analysis,Kolkata,50k+,66,2025-12-17,0.1,3,N,,0
LD12959,Instagram Ads,Power BI & Tableau,Pune,50k+,44,2026-01-22,4.9,3,N,,0
LD12960,Organic Search,Python for Data Analysis,Kolkata,<15k,66,2026-05-06,14.8,4,N,,0
LD12961,LinkedIn,Python for Data Analysis,Delhi NCR,<15k,50,2025-12-04,11.0,5,N,,0
LD12962,Instagram Ads,Power BI & Tableau,Pune,15k-30k,50,2026-05-17,13.0,1,N,,0
LD12963,Google Ads,Digital Marketing,Ahmedabad,50k+,44,2026-07-17,15.0,1,N,,0
LD12964,Instagram Ads,Digital Marketing,Delhi NCR,50k+,53,2026-07-16,50.4,6,N,,0
LD12965,Google Ads,Python for Data Analysis,Hyderabad,50k+,40,2026-02-14,32.8,3,N,,0
LD12966,LinkedIn,Digital Marketing,Ahmedabad,15k-30k,34,2026-07-29,20.2,2,N,,0
LD12967,Referral,Business Analytics,Mumbai,15k-30k,67,2026-07-21,7.1,3,N,,0
LD12968,Walk-in,Data Science Bootcamp,Chennai,<15k,71,2025-11-08,6.3,6,N,,0
LD12969,LinkedIn,Python for Data Analysis,Kolkata,50k+,49,2026-04-13,36.6,2,N,,0
LD12970,Referral,Python for Data Analysis,Kolkata,30k-50k,75,2026-07-09,9.8,4,Y,2026-07-14,43696
LD12971,Google Ads,Python for Data Analysis,Hyderabad,30k-50k,76,2026-07-22,8.6,6,N,,0
LD12972,Instagram Ads,Python for Data Analysis,Hyderabad,<15k,75,2025-12-30,44.4,2,N,,0
LD12973,LinkedIn,Python for Data Analysis,Mumbai,15k-30k,72,2026-04-03,8.8,3,N,,0
LD12974,Walk-in,Python for Data Analysis,Chennai,30k-50k,57,2026-07-13,40.6,0,N,,0
LD12975,Instagram Ads,Power BI & Tableau,Chennai,50k+,27,2025-12-08,0.7,1,Y,2025-12-13,64247
LD12976,Organic Search,Full Stack Development,Kolkata,<15k,88,2026-05-22,5.9,2,N,,0
LD12977,Google Ads,Python for Data Analysis,Mumbai,15k-30k,66,2026-01-03,7.4,3,Y,2026-02-07,23128
LD12978,Organic Search,Python for Data Analysis,Chennai,<15k,72,2026-07-26,9.4,2,N,,0
LD12979,LinkedIn,Full Stack Development,Pune,<15k,84,2025-12-15,3.2,3,N,,0
LD12980,Instagram Ads,Digital Marketing,Pune,50k+,46,2026-06-29,14.9,3,N,,0
LD12981,Google Ads,Digital Marketing,Pune,15k-30k,34,2025-11-24,10.0,3,N,,0
LD12982,Referral,Data Science Bootcamp,Hyderabad,<15k,68,2026-05-12,11.1,3,N,,0
LD12983,Google Ads,Full Stack Development,Kolkata,50k+,65,2026-04-23,1.4,5,N,,0
LD12984,Referral,Full Stack Development,Mumbai,<15k,53,2026-06-30,6.7,1,Y,2026-07-12,11842
LD12985,Google Ads,Python for Data Analysis,Kolkata,15k-30k,57,2026-03-01,16.8,2,N,,0
LD12986,LinkedIn,Digital Marketing,Kolkata,30k-50k,65,2026-01-11,13.4,2,N,,0
LD12987,Instagram Ads,Power BI & Tableau,Kolkata,30k-50k,23,2026-01-07,4.4,3,Y,2026-01-14,41464
LD12988,Organic Search,Full Stack Development,Hyderabad,<15k,83,2025-11-18,18.2,5,N,,0
LD12989,Instagram Ads,Full Stack Development,Pune,30k-50k,58,2026-01-09,5.4,4,N,,0
LD12990,Google Ads,Digital Marketing,Kolkata,15k-30k,50,2025-11-29,24.2,2,N,,0
LD12991,Google Ads,Full Stack Development,Bengaluru,30k-50k,68,2025-10-31,7.2,3,N,,0
LD12992,Instagram Ads,Business Analytics,Bengaluru,50k+,84,2026-02-13,7.1,0,Y,2026-02-16,59351
LD12993,Referral,Data Science Bootcamp,Kolkata,<15k,78,2026-05-18,113.1,2,N,,0
LD12994,Instagram Ads,Power BI & Tableau,Delhi NCR,50k+,82,2026-07-22,6.8,1,N,,0
LD12995,Organic Search,Full Stack Development,Pune,50k+,44,2026-06-29,23.1,3,Y,2026-06-30,66417
LD12996,Referral,Business Analytics,Pune,30k-50k,70,2026-03-14,5.4,6,Y,2026-03-19,36152
LD12997,Google Ads,Full Stack Development,Mumbai,15k-30k,89,2026-02-11,11.6,1,N,,0
LD12998,Referral,Python for Data Analysis,Hyderabad,15k-30k,49,2026-03-29,11.6,2,N,,0
LD12999,Google Ads,Python for Data Analysis,Pune,15k-30k,80,2025-11-27,28.1,3,N,,0
LD13000,LinkedIn,Business Analytics,Pune,<15k,8,2026-03-10,42.1,0,N,,0
LD13001,Instagram Ads,Business Analytics,Kolkata,30k-50k,53,2026-06-23,5.5,5,N,,0
LD13002,Organic Search,Python for Data Analysis,Pune,<15k,78,2026-04-26,1.8,5,Y,2026-04-29,11048
LD13003,LinkedIn,Data Science Bootcamp,Hyderabad,30k-50k,100,2026-05-06,6.3,4,Y,2026-05-15,39897
LD13004,Organic Search,Python for Data Analysis,Delhi NCR,<15k,41,2025-12-14,30.4,1,N,,0
LD13005,Walk-in,Data Science Bootcamp,Bengaluru,30k-50k,35,2025-11-20,10.7,1,N,,0
LD13006,Organic Search,Power BI & Tableau,Ahmedabad,15k-30k,30,2026-06-18,5.7,1,N,,0
LD13007,Google Ads,Python for Data Analysis,Bengaluru,<15k,62,2026-01-19,60.2,2,N,,0
LD13008,Organic Search,Data Science Bootcamp,Bengaluru,30k-50k,92,2026-01-26,23.3,0,N,,0
LD13009,Referral,Full Stack Development,Hyderabad,<15k,19,2026-07-17,8.9,2,N,,0
LD13010,Instagram Ads,Business Analytics,Kolkata,<15k,37,2025-11-20,3.1,3,N,,0
LD13011,Google Ads,Power BI & Tableau,Ahmedabad,30k-50k,33,2025-12-16,27.9,1,N,,0
LD13012,Instagram Ads,Python for Data Analysis,Kolkata,30k-50k,59,2026-02-10,2.4,4,N,,0
LD13013,Google Ads,Digital Marketing,Chennai,30k-50k,78,2026-05-18,19.0,3,N,,0
LD13014,Instagram Ads,Digital Marketing,Chennai,15k-30k,22,2026-03-29,28.9,5,N,,0
LD13015,Instagram Ads,Full Stack Development,Kolkata,50k+,62,2026-07-03,38.7,2,N,,0
LD13016,Google Ads,Power BI & Tableau,Chennai,<15k,79,2025-11-25,31.5,1,N,,0
LD13017,Google Ads,Digital Marketing,Bengaluru,<15k,72,2026-04-11,7.7,2,Y,2026-04-24,11785
LD13018,Organic Search,Python for Data Analysis,Pune,50k+,61,2026-04-16,8.4,2,N,,0
LD13019,Instagram Ads,Data Science Bootcamp,Delhi NCR,<15k,54,2026-03-11,31.3,3,N,,0
LD13020,Organic Search,Full Stack Development,Chennai,15k-30k,77,2025-11-08,7.5,3,N,,0
LD13021,LinkedIn,Python for Data Analysis,Kolkata,50k+,73,2026-07-15,12.4,5,N,,0
LD13022,LinkedIn,Full Stack Development,Bengaluru,15k-30k,59,2025-12-15,7.4,4,N,,0
LD13023,Referral,Full Stack Development,Bengaluru,30k-50k,67,2026-06-30,5.6,2,Y,2026-07-10,38427
LD13024,Instagram Ads,Full Stack Development,Bengaluru,30k-50k,97,2025-12-12,11.5,3,Y,2025-12-22,39581
LD13025,Organic Search,Full Stack Development,Ahmedabad,30k-50k,86,2025-11-27,7.0,3,N,,0
LD13026,Instagram Ads,Business Analytics,Kolkata,50k+,56,2025-12-26,64.6,2,N,,0
LD13027,Organic Search,Full Stack Development,Chennai,<15k,48,2025-12-21,9.0,5,N,,0
LD13028,Instagram Ads,Python for Data Analysis,Hyderabad,50k+,44,2026-05-09,29.2,6,N,,0
LD13029,Organic Search,Full Stack Development,Delhi NCR,50k+,95,2026-05-16,7.7,5,Y,2026-05-19,60119
LD13030,Google Ads,Power BI & Tableau,Pune,15k-30k,44,2026-05-18,77.9,3,N,,0
LD13031,Google Ads,Power BI & Tableau,Pune,<15k,46,2026-01-11,36.6,0,N,,0
LD13032,LinkedIn,Python for Data Analysis,Delhi NCR,<15k,37,2026-01-15,0.2,4,N,,0
LD13033,Referral,Full Stack Development,Pune,50k+,71,2026-01-03,3.1,5,Y,2026-01-04,66743
LD13034,Instagram Ads,Python for Data Analysis,Ahmedabad,<15k,51,2025-11-13,8.4,4,N,,0
LD13035,Referral,Full Stack Development,Mumbai,15k-30k,48,2026-04-05,23.4,3,N,,0
LD13036,Walk-in,Business Analytics,Hyderabad,15k-30k,31,2026-06-17,34.1,4,N,,0
LD13037,Organic Search,Data Science Bootcamp,Bengaluru,50k+,38,2025-12-11,15.8,2,N,,0
LD13038,LinkedIn,Business Analytics,Kolkata,30k-50k,29,2026-02-06,24.4,4,N,,0
LD13039,Instagram Ads,Digital Marketing,Delhi NCR,15k-30k,70,2026-02-24,24.3,4,N,,0
LD13040,Referral,Full Stack Development,Hyderabad,50k+,22,2026-01-19,49.6,4,N,,0
LD13041,Walk-in,Full Stack Development,Ahmedabad,15k-30k,46,2026-04-29,24.7,3,N,,0
LD13042,LinkedIn,Data Science Bootcamp,Mumbai,30k-50k,74,2026-04-12,1.7,5,Y,2026-04-17,38945
LD13043,Google Ads,Power BI & Tableau,Chennai,<15k,52,2025-12-24,27.4,0,N,,0
LD13044,Instagram Ads,Python for Data Analysis,Kolkata,50k+,41,2025-11-07,14.6,4,N,,0
LD13045,Referral,Business Analytics,Delhi NCR,15k-30k,46,2025-12-16,16.1,0,N,,0
LD13046,Google Ads,Data Science Bootcamp,Hyderabad,30k-50k,42,2026-01-18,39.8,3,N,,0
LD13047,LinkedIn,Data Science Bootcamp,Chennai,<15k,23,2025-11-22,3.9,1,N,,0
LD13048,Instagram Ads,Full Stack Development,Hyderabad,15k-30k,37,2026-06-18,20.6,4,N,,0
LD13049,Instagram Ads,Power BI & Tableau,Pune,30k-50k,43,2026-01-23,10.2,2,N,,0
LD13050,Referral,Digital Marketing,Bengaluru,50k+,12,2026-02-16,53.9,8,N,,0
LD13051,Walk-in,Digital Marketing,Mumbai,<15k,63,2026-03-13,8.6,1,N,,0
LD13052,Instagram Ads,Python for Data Analysis,Chennai,50k+,58,2026-04-29,0.5,3,N,,0
LD13053,LinkedIn,Digital Marketing,Mumbai,15k-30k,68,2025-11-24,2.3,5,N,,0
LD13054,Instagram Ads,Data Science Bootcamp,Bengaluru,50k+,55,2026-03-28,7.1,4,Y,2026-03-31,66365
LD13055,Organic Search,Power BI & Tableau,Chennai,50k+,26,2025-12-20,31.5,3,N,,0
LD13056,Referral,Business Analytics,Mumbai,30k-50k,49,2026-06-29,8.0,2,Y,2026-07-01,36461
LD13057,Referral,Python for Data Analysis,Pune,50k+,55,2026-02-08,28.6,3,N,,0
LD13058,Referral,Power BI & Tableau,Pune,30k-50k,34,2026-03-01,22.5,1,N,,0
LD13059,Organic Search,Full Stack Development,Chennai,<15k,46,2026-01-10,37.1,1,N,,0
LD13060,Referral,Digital Marketing,Delhi NCR,<15k,49,2026-03-06,65.5,2,N,,0
LD13061,Instagram Ads,Full Stack Development,Mumbai,50k+,12,2025-12-31,25.9,2,N,,0
LD13062,Google Ads,Python for Data Analysis,Kolkata,30k-50k,68,2026-01-12,7.2,3,N,,0
LD13063,Instagram Ads,Data Science Bootcamp,Pune,30k-50k,37,2025-11-16,3.7,3,N,,0
LD13064,Organic Search,Full Stack Development,Mumbai,15k-30k,67,2026-05-24,18.0,2,N,,0
LD13065,Instagram Ads,Full Stack Development,Pune,<15k,41,2026-05-01,15.3,5,N,,0
LD13066,Referral,Python for Data Analysis,Delhi NCR,50k+,64,2025-11-23,16.9,3,N,,0
LD13067,Google Ads,Full Stack Development,Bengaluru,15k-30k,74,2026-02-01,18.1,3,N,,0
LD13068,Google Ads,Power BI & Tableau,Chennai,50k+,68,2026-03-27,0.2,3,N,,0
LD13069,Organic Search,Python for Data Analysis,Chennai,50k+,61,2026-07-23,26.6,4,N,,0
LD13070,Instagram Ads,Python for Data Analysis,Hyderabad,50k+,68,2026-04-09,30.7,5,N,,0
LD13071,Instagram Ads,Power BI & Tableau,Delhi NCR,30k-50k,47,2026-03-31,34.3,2,N,,0
LD13072,LinkedIn,Full Stack Development,Kolkata,15k-30k,60,2026-06-17,21.4,0,N,,0
LD13073,Instagram Ads,Data Science Bootcamp,Chennai,15k-30k,61,2026-06-11,20.1,4,N,,0
LD13074,Organic Search,Power BI & Tableau,Delhi NCR,<15k,25,2026-02-22,36.4,3,N,,0
LD13075,Referral,Python for Data Analysis,Pune,15k-30k,38,2026-03-26,3.0,2,N,,0
LD13076,Google Ads,Python for Data Analysis,Delhi NCR,50k+,48,2026-06-24,23.0,4,N,,0
LD13077,Google Ads,Business Analytics,Mumbai,15k-30k,67,2026-03-09,5.9,3,N,,0
LD13078,Organic Search,Full Stack Development,Bengaluru,15k-30k,68,2026-06-28,21.9,3,N,,0
LD13079,Google Ads,Digital Marketing,Pune,<15k,44,2026-03-10,10.4,1,Y,2026-03-13,13172
LD13080,Instagram Ads,Python for Data Analysis,Pune,50k+,48,2025-11-21,19.6,3,N,,0
LD13081,Walk-in,Data Science Bootcamp,Chennai,<15k,16,2026-07-04,16.0,3,N,,0
LD13082,LinkedIn,Python for Data Analysis,Bengaluru,15k-30k,44,2026-05-14,9.9,2,N,,0
LD13083,Referral,Data Science Bootcamp,Kolkata,30k-50k,81,2026-03-17,9.5,1,N,,0
LD13084,Instagram Ads,Business Analytics,Mumbai,50k+,56,2026-07-03,16.5,5,N,,0
LD13085,Instagram Ads,Data Science Bootcamp,Mumbai,<15k,82,2026-06-06,42.9,1,N,,0
LD13086,Referral,Python for Data Analysis,Delhi NCR,50k+,95,2026-05-03,53.0,1,Y,2026-05-07,62889
LD13087,Google Ads,Full Stack Development,Kolkata,15k-30k,73,2026-04-18,12.6,5,Y,2026-04-21,21772
LD13088,Instagram Ads,Full Stack Development,Ahmedabad,<15k,44,2025-12-02,3.6,4,N,,0
LD13089,Organic Search,Full Stack Development,Delhi NCR,50k+,29,2026-05-25,14.0,2,N,,0
LD13090,Instagram Ads,Full Stack Development,Chennai,50k+,49,2025-12-17,76.3,4,N,,0
LD13091,Referral,Data Science Bootcamp,Hyderabad,<15k,74,2026-07-26,18.3,4,N,,0
LD13092,Organic Search,Data Science Bootcamp,Ahmedabad,<15k,57,2026-07-23,16.4,2,N,,0
LD13093,Instagram Ads,Full Stack Development,Bengaluru,15k-30k,48,2026-06-08,9.0,1,N,,0
LD13094,Instagram Ads,Power BI & Tableau,Delhi NCR,50k+,82,2025-12-04,5.3,4,N,,0
LD13095,Instagram Ads,Full Stack Development,Pune,<15k,60,2026-02-23,12.0,1,N,,0
LD13096,Referral,Python for Data Analysis,Kolkata,50k+,73,2026-07-27,16.5,3,N,,0
LD13097,Walk-in,Digital Marketing,Hyderabad,15k-30k,53,2026-02-26,71.2,2,N,,0
LD13098,Walk-in,Digital Marketing,Pune,<15k,67,2026-07-30,2.0,2,N,,0
LD13099,Instagram Ads,Python for Data Analysis,Kolkata,<15k,54,2026-04-20,16.7,1,N,,0
LD13100,Instagram Ads,Power BI & Tableau,Hyderabad,50k+,56,2026-06-15,3.1,5,N,,0
LD13101,Organic Search,Power BI & Tableau,Mumbai,<15k,65,2026-01-09,4.7,6,N,,0
LD13102,Walk-in,Full Stack Development,Pune,<15k,25,2026-07-06,9.4,4,N,,0
LD13103,LinkedIn,Power BI & Tableau,Bengaluru,15k-30k,84,2026-07-07,20.8,1,N,,0
LD13104,Referral,Power BI & Tableau,Chennai,50k+,40,2025-11-18,32.6,1,N,,0
LD13105,Google Ads,Data Science Bootcamp,Pune,<15k,23,2026-02-13,18.6,0,N,,0
LD13106,Instagram Ads,Power BI & Tableau,Pune,15k-30k,68,2026-02-16,24.0,4,N,,0
LD13107,Referral,Data Science Bootcamp,Bengaluru,30k-50k,45,2026-01-28,0.5,4,N,,0
LD13108,Organic Search,Data Science Bootcamp,Delhi NCR,<15k,52,2026-01-14,28.1,1,N,,0
LD13109,Walk-in,Digital Marketing,Kolkata,15k-30k,70,2026-03-05,4.7,5,N,,0
LD13110,LinkedIn,Full Stack Development,Mumbai,<15k,53,2026-06-26,2.6,2,Y,2026-07-04,11692
LD13111,LinkedIn,Digital Marketing,Delhi NCR,<15k,35,2026-06-02,23.9,0,N,,0
LD13112,Referral,Full Stack Development,Pune,50k+,66,2026-04-19,37.1,5,Y,2026-05-05,68507
LD13113,Instagram Ads,Power BI & Tableau,Chennai,50k+,88,2026-03-22,71.5,3,N,,0
LD13114,Instagram Ads,Power BI & Tableau,Mumbai,30k-50k,48,2026-02-22,1.9,5,N,,0
LD13115,Instagram Ads,Full Stack Development,Bengaluru,<15k,54,2026-02-21,24.0,1,N,,0
LD13116,LinkedIn,Business Analytics,Mumbai,<15k,24,2025-12-10,8.0,5,N,,0
LD13117,Instagram Ads,Business Analytics,Mumbai,30k-50k,100,2026-04-09,6.4,2,Y,2026-04-14,41710
LD13118,Instagram Ads,Business Analytics,Chennai,15k-30k,78,2026-05-26,25.7,4,N,,0
LD13119,Instagram Ads,Digital Marketing,Kolkata,15k-30k,62,2026-07-14,37.6,1,N,,0
LD13120,Walk-in,Data Science Bootcamp,Delhi NCR,30k-50k,35,2026-07-10,54.7,1,N,,0
LD13121,Referral,Python for Data Analysis,Kolkata,15k-30k,62,2026-04-02,12.4,4,N,,0
LD13122,Organic Search,Python for Data Analysis,Delhi NCR,<15k,62,2025-11-27,20.1,4,N,,0
LD13123,Organic Search,Full Stack Development,Pune,50k+,88,2026-01-17,39.2,2,N,,0
LD13124,Google Ads,Power BI & Tableau,Hyderabad,15k-30k,76,2026-03-26,39.9,2,Y,2026-03-27,24007
LD13125,Organic Search,Full Stack Development,Mumbai,30k-50k,49,2026-02-01,61.5,0,N,,0
LD13126,Google Ads,Full Stack Development,Pune,30k-50k,57,2026-02-20,1.8,4,N,,0
LD13127,Google Ads,Python for Data Analysis,Chennai,15k-30k,53,2026-02-12,11.3,2,N,,0
LD13128,Instagram Ads,Python for Data Analysis,Bengaluru,50k+,41,2026-03-12,19.4,1,N,,0
LD13129,Google Ads,Power BI & Tableau,Hyderabad,15k-30k,68,2026-04-15,6.9,5,Y,2026-04-20,21653
LD13130,Organic Search,Digital Marketing,Hyderabad,<15k,39,2025-11-10,44.9,2,N,,0
LD13131,Referral,Full Stack Development,Hyderabad,50k+,86,2026-01-14,10.9,6,N,,0
LD13132,Referral,Digital Marketing,Chennai,<15k,79,2025-12-09,8.6,2,N,,0
LD13133,Organic Search,Digital Marketing,Pune,30k-50k,82,2026-04-15,12.4,4,N,,0
LD13134,Instagram Ads,Business Analytics,Bengaluru,30k-50k,8,2026-05-08,20.1,5,N,,0
LD13135,LinkedIn,Data Science Bootcamp,Mumbai,50k+,46,2025-11-10,38.0,1,N,,0
LD13136,Organic Search,Python for Data Analysis,Hyderabad,<15k,33,2026-06-30,7.2,4,N,,0
LD13137,LinkedIn,Business Analytics,Ahmedabad,30k-50k,34,2026-01-29,7.8,4,N,,0
LD13138,Organic Search,Data Science Bootcamp,Delhi NCR,30k-50k,58,2026-01-03,3.1,3,N,,0
LD13139,Instagram Ads,Power BI & Tableau,Hyderabad,30k-50k,66,2026-05-22,5.2,3,N,,0
LD13140,Google Ads,Data Science Bootcamp,Chennai,15k-30k,64,2026-07-09,37.3,3,N,,0
LD13141,Referral,Python for Data Analysis,Chennai,15k-30k,42,2026-07-02,4.1,1,N,,0
LD13142,Organic Search,Full Stack Development,Ahmedabad,50k+,59,2025-11-05,5.9,2,N,,0
LD13143,Instagram Ads,Power BI & Tableau,Delhi NCR,15k-30k,85,2026-06-11,2.4,2,N,,0
LD13144,Google Ads,Data Science Bootcamp,Pune,15k-30k,27,2026-01-21,3.2,4,N,,0
LD13145,Instagram Ads,Business Analytics,Delhi NCR,50k+,46,2026-01-15,23.9,0,N,,0
LD13146,Google Ads,Data Science Bootcamp,Mumbai,30k-50k,50,2026-03-14,9.7,3,N,,0
LD13147,Google Ads,Full Stack Development,Ahmedabad,50k+,65,2026-05-09,19.6,3,N,,0
LD13148,Instagram Ads,Business Analytics,Chennai,50k+,64,2025-11-26,15.8,3,N,,0
LD13149,Instagram Ads,Python for Data Analysis,Delhi NCR,30k-50k,67,2026-06-25,16.4,4,Y,2026-07-03,41323
LD13150,Instagram Ads,Python for Data Analysis,Delhi NCR,15k-30k,28,2025-12-06,16.4,4,N,,0
LD13151,Instagram Ads,Full Stack Development,Delhi NCR,<15k,69,2026-07-23,1.5,2,N,,0
LD13152,Instagram Ads,Python for Data Analysis,Hyderabad,30k-50k,38,2026-02-28,10.1,3,N,,0
LD13153,LinkedIn,Full Stack Development,Hyderabad,<15k,66,2026-06-13,31.7,6,N,,0
LD13154,Instagram Ads,Full Stack Development,Hyderabad,15k-30k,69,2026-01-12,5.7,2,N,,0
LD13155,Instagram Ads,Business Analytics,Hyderabad,<15k,44,2026-02-21,5.5,2,N,,0
LD13156,Organic Search,Full Stack Development,Ahmedabad,30k-50k,56,2026-04-25,23.9,4,Y,2026-05-07,37829
LD13157,Instagram Ads,Data Science Bootcamp,Pune,50k+,66,2025-12-21,17.6,1,N,,0
LD13158,Instagram Ads,Python for Data Analysis,Hyderabad,50k+,90,2025-12-27,30.0,3,N,,0
LD13159,Referral,Python for Data Analysis,Mumbai,<15k,43,2026-06-12,2.5,2,N,,0
LD13160,Instagram Ads,Full Stack Development,Kolkata,<15k,32,2026-05-21,16.1,7,N,,0
LD13161,Instagram Ads,Full Stack Development,Mumbai,30k-50k,69,2026-05-26,19.0,3,N,,0
LD13162,Instagram Ads,Full Stack Development,Ahmedabad,<15k,63,2026-06-24,35.1,3,N,,0
LD13163,Instagram Ads,Business Analytics,Pune,15k-30k,49,2026-06-12,1.9,1,N,,0
LD13164,Instagram Ads,Data Science Bootcamp,Pune,30k-50k,66,2026-03-20,41.9,4,N,,0
LD13165,Referral,Power BI & Tableau,Bengaluru,30k-50k,50,2025-12-13,47.0,3,N,,0
LD13166,Google Ads,Python for Data Analysis,Kolkata,50k+,76,2026-01-23,7.3,0,N,,0
LD13167,LinkedIn,Business Analytics,Hyderabad,30k-50k,86,2026-03-18,1.8,3,Y,2026-03-23,39541
LD13168,Instagram Ads,Digital Marketing,Hyderabad,15k-30k,34,2025-12-07,6.4,3,N,,0
LD13169,Organic Search,Digital Marketing,Ahmedabad,30k-50k,82,2026-06-20,25.3,0,N,,0
LD13170,Referral,Digital Marketing,Mumbai,30k-50k,44,2026-06-28,1.0,1,N,,0
LD13171,Instagram Ads,Data Science Bootcamp,Mumbai,50k+,37,2025-11-07,3.7,3,N,,0
LD13172,Google Ads,Digital Marketing,Ahmedabad,<15k,83,2025-12-22,7.9,5,N,,0
LD13173,Organic Search,Power BI & Tableau,Bengaluru,50k+,95,2026-06-15,4.5,2,N,,0
LD13174,LinkedIn,Digital Marketing,Ahmedabad,<15k,29,2026-06-16,5.9,1,N,,0
LD13175,Organic Search,Digital Marketing,Chennai,30k-50k,0,2026-01-07,2.4,6,N,,0
LD13176,LinkedIn,Data Science Bootcamp,Chennai,<15k,71,2026-03-04,11.2,1,N,,0
LD13177,LinkedIn,Full Stack Development,Kolkata,15k-30k,52,2026-07-08,18.8,8,N,,0
LD13178,LinkedIn,Digital Marketing,Hyderabad,<15k,68,2026-05-11,42.2,3,N,,0
LD13179,Instagram Ads,Python for Data Analysis,Mumbai,50k+,76,2026-01-13,11.7,7,N,,0
LD13180,Google Ads,Data Science Bootcamp,Kolkata,15k-30k,79,2026-06-12,14.6,2,N,,0
LD13181,Referral,Data Science Bootcamp,Bengaluru,50k+,59,2026-03-17,56.8,4,N,,0
LD13182,Organic Search,Business Analytics,Mumbai,30k-50k,34,2026-04-22,14.1,4,N,,0
LD13183,Instagram Ads,Python for Data Analysis,Chennai,50k+,26,2025-12-03,30.3,5,N,,0
LD13184,Organic Search,Digital Marketing,Kolkata,30k-50k,55,2025-11-08,20.6,2,N,,0
LD13185,Walk-in,Business Analytics,Hyderabad,30k-50k,56,2026-02-09,15.5,1,N,,0
LD13186,LinkedIn,Python for Data Analysis,Pune,50k+,39,2026-04-11,10.8,4,N,,0
LD13187,Google Ads,Business Analytics,Kolkata,30k-50k,42,2025-12-18,26.8,2,N,,0
LD13188,Referral,Data Science Bootcamp,Mumbai,30k-50k,52,2026-06-25,0.2,3,N,,0
LD13189,Instagram Ads,Data Science Bootcamp,Delhi NCR,15k-30k,29,2026-04-09,0.4,3,N,,0
LD13190,Walk-in,Data Science Bootcamp,Kolkata,15k-30k,79,2026-02-03,4.4,2,Y,2026-02-04,21228
LD13191,Instagram Ads,Python for Data Analysis,Bengaluru,30k-50k,35,2025-12-14,29.3,2,N,,0
LD13192,Google Ads,Business Analytics,Ahmedabad,15k-30k,22,2026-07-02,12.3,1,N,,0
LD13193,Instagram Ads,Full Stack Development,Hyderabad,30k-50k,83,2026-05-23,60.0,3,Y,2026-06-01,36642
LD13194,Instagram Ads,Python for Data Analysis,Ahmedabad,50k+,47,2026-05-07,3.1,2,N,,0
LD13195,Google Ads,Full Stack Development,Chennai,15k-30k,61,2026-01-16,9.4,3,N,,0
LD13196,Google Ads,Python for Data Analysis,Pune,50k+,31,2026-02-13,0.5,3,N,,0
LD13197,Instagram Ads,Data Science Bootcamp,Bengaluru,<15k,44,2025-12-14,6.8,2,N,,0
LD13198,Referral,Business Analytics,Chennai,15k-30k,82,2026-04-05,0.7,2,N,,0
LD13199,Instagram Ads,Power BI & Tableau,Mumbai,<15k,63,2026-07-21,14.5,7,N,,0
LD13200,Walk-in,Data Science Bootcamp,Kolkata,30k-50k,57,2026-06-21,50.1,5,N,,0
LD13201,Instagram Ads,Power BI & Tableau,Kolkata,<15k,53,2026-04-25,0.4,3,N,,0
LD13202,LinkedIn,Python for Data Analysis,Delhi NCR,30k-50k,84,2026-05-04,7.4,4,N,,0
LD13203,Instagram Ads,Python for Data Analysis,Kolkata,<15k,83,2026-01-12,13.7,3,N,,0
LD13204,Instagram Ads,Business Analytics,Pune,15k-30k,53,2026-02-19,12.0,4,N,,0
LD13205,Referral,Business Analytics,Hyderabad,30k-50k,71,2025-11-05,5.9,3,Y,2025-11-06,41169
LD13206,Google Ads,Digital Marketing,Kolkata,15k-30k,78,2026-06-01,2.8,0,N,,0
LD13207,Walk-in,Business Analytics,Hyderabad,50k+,49,2026-05-28,23.4,5,Y,2026-05-30,59473
LD13208,Google Ads,Full Stack Development,Mumbai,15k-30k,33,2025-11-02,33.3,4,N,,0
LD13209,Instagram Ads,Power BI & Tableau,Mumbai,15k-30k,51,2026-07-06,21.0,3,N,,0
LD13210,Instagram Ads,Data Science Bootcamp,Kolkata,15k-30k,62,2026-04-25,51.5,4,N,,0
LD13211,Google Ads,Data Science Bootcamp,Mumbai,30k-50k,71,2026-04-13,45.1,2,Y,2026-04-20,40187
LD13212,Organic Search,Business Analytics,Bengaluru,50k+,17,2025-11-02,0.5,4,N,,0
LD13213,Google Ads,Power BI & Tableau,Hyderabad,15k-30k,78,2026-01-07,13.5,1,N,,0
LD13214,Instagram Ads,Data Science Bootcamp,Kolkata,50k+,83,2026-06-07,6.3,3,N,,0
LD13215,LinkedIn,Power BI & Tableau,Mumbai,30k-50k,49,2026-01-22,26.8,7,Y,2026-01-24,36876
LD13216,Google Ads,Business Analytics,Kolkata,30k-50k,66,2026-07-21,31.5,3,N,,0
LD13217,Google Ads,Python for Data Analysis,Kolkata,<15k,76,2026-04-24,36.0,1,N,,0
LD13218,Instagram Ads,Full Stack Development,Delhi NCR,<15k,35,2026-02-23,2.1,5,N,,0
LD13219,Instagram Ads,Data Science Bootcamp,Chennai,30k-50k,77,2026-02-10,22.5,3,N,,0
LD13220,Referral,Digital Marketing,Kolkata,30k-50k,25,2026-02-03,15.6,5,N,,0
LD13221,Instagram Ads,Business Analytics,Bengaluru,30k-50k,48,2026-01-07,30.8,5,Y,2026-01-11,40073
LD13222,Instagram Ads,Business Analytics,Bengaluru,<15k,69,2026-03-07,13.9,3,N,,0
LD13223,Instagram Ads,Data Science Bootcamp,Mumbai,30k-50k,21,2026-05-03,10.6,2,N,,0
LD13224,Instagram Ads,Digital Marketing,Delhi NCR,50k+,22,2026-06-13,18.6,3,N,,0
LD13225,Google Ads,Power BI & Tableau,Kolkata,<15k,51,2026-02-16,4.3,4,N,,0
LD13226,Google Ads,Business Analytics,Ahmedabad,30k-50k,65,2025-11-27,22.8,3,N,,0
LD13227,Google Ads,Digital Marketing,Delhi NCR,30k-50k,43,2026-03-19,14.7,5,N,,0
LD13228,Referral,Data Science Bootcamp,Bengaluru,<15k,61,2026-04-29,10.3,1,N,,0
LD13229,Referral,Full Stack Development,Chennai,15k-30k,74,2026-06-18,33.8,3,N,,0
LD13230,Instagram Ads,Digital Marketing,Chennai,30k-50k,50,2026-02-10,4.5,4,N,,0
LD13231,Instagram Ads,Business Analytics,Mumbai,30k-50k,73,2026-04-25,38.9,3,N,,0
LD13232,LinkedIn,Power BI & Tableau,Hyderabad,50k+,66,2026-04-15,35.9,3,N,,0
LD13233,Referral,Data Science Bootcamp,Hyderabad,15k-30k,70,2026-01-20,1.4,4,N,,0
LD13234,Instagram Ads,Data Science Bootcamp,Mumbai,15k-30k,34,2025-11-29,14.5,5,N,,0
LD13235,Google Ads,Full Stack Development,Hyderabad,50k+,73,2025-11-17,4.3,2,N,,0
LD13236,Instagram Ads,Data Science Bootcamp,Delhi NCR,30k-50k,28,2026-07-27,6.1,4,N,,0
LD13237,Instagram Ads,Full Stack Development,Mumbai,50k+,68,2026-04-23,2.5,4,N,,0
LD13238,Google Ads,Power BI & Tableau,Bengaluru,15k-30k,44,2026-06-23,8.5,2,N,,0
LD13239,Google Ads,Business Analytics,Kolkata,15k-30k,90,2026-01-10,1.0,3,Y,2026-01-11,21430
LD13240,Instagram Ads,Power BI & Tableau,Chennai,30k-50k,44,2026-05-13,49.1,3,N,,0
LD13241,Instagram Ads,Digital Marketing,Hyderabad,50k+,42,2026-07-01,18.5,1,N,,0
LD13242,LinkedIn,Python for Data Analysis,Ahmedabad,<15k,43,2026-01-20,22.6,2,N,,0
LD13243,Google Ads,Python for Data Analysis,Pune,<15k,70,2025-12-10,8.4,2,N,,0
LD13244,Instagram Ads,Power BI & Tableau,Pune,30k-50k,55,2026-05-27,22.0,2,N,,0
LD13245,LinkedIn,Digital Marketing,Bengaluru,<15k,58,2026-07-03,16.0,2,Y,2026-07-11,11873
LD13246,Walk-in,Full Stack Development,Kolkata,15k-30k,66,2026-06-07,30.8,3,N,,0
LD13247,Referral,Python for Data Analysis,Pune,<15k,33,2026-06-07,0.6,3,N,,0
LD13248,Instagram Ads,Python for Data Analysis,Kolkata,50k+,60,2026-04-12,2.0,2,N,,0
LD13249,Google Ads,Python for Data Analysis,Mumbai,30k-50k,32,2026-04-29,29.8,1,N,,0
LD13250,LinkedIn,Business Analytics,Pune,<15k,44,2026-05-04,3.2,4,N,,0
LD13251,LinkedIn,Power BI & Tableau,Bengaluru,15k-30k,59,2026-05-15,15.2,3,N,,0
LD13252,Referral,Power BI & Tableau,Delhi NCR,50k+,49,2026-04-27,2.0,3,Y,2026-04-30,58896
LD13253,LinkedIn,Digital Marketing,Delhi NCR,15k-30k,69,2026-07-30,12.2,3,N,,0
LD13254,Google Ads,Full Stack Development,Hyderabad,30k-50k,75,2026-01-09,0.0,1,N,,0
LD13255,Google Ads,Business Analytics,Bengaluru,15k-30k,60,2026-02-22,31.6,2,N,,0
LD13256,Referral,Power BI & Tableau,Delhi NCR,15k-30k,80,2026-02-13,10.0,4,N,,0
LD13257,Organic Search,Data Science Bootcamp,Delhi NCR,15k-30k,73,2025-11-09,12.4,3,N,,0
LD13258,Referral,Business Analytics,Bengaluru,30k-50k,65,2026-05-12,32.2,2,Y,2026-05-14,39157
LD13259,Google Ads,Full Stack Development,Mumbai,15k-30k,54,2026-04-05,7.0,1,N,,0
LD13260,LinkedIn,Power BI & Tableau,Bengaluru,<15k,47,2025-12-21,30.9,3,N,,0
LD13261,Referral,Full Stack Development,Chennai,30k-50k,40,2026-05-17,29.1,4,Y,2026-05-19,36742
LD13262,Instagram Ads,Digital Marketing,Delhi NCR,<15k,74,2025-12-30,11.1,3,N,,0
LD13263,Organic Search,Full Stack Development,Kolkata,15k-30k,64,2026-03-25,2.5,4,N,,0
LD13264,Referral,Power BI & Tableau,Chennai,30k-50k,39,2026-06-02,11.7,7,Y,2026-06-15,42426
LD13265,Referral,Data Science Bootcamp,Chennai,<15k,38,2026-07-05,10.4,0,N,,0
LD13266,Walk-in,Business Analytics,Pune,30k-50k,19,2026-05-02,2.1,6,Y,2026-05-08,37809
LD13267,Referral,Digital Marketing,Hyderabad,<15k,44,2026-03-18,49.9,3,N,,0
LD13268,Organic Search,Full Stack Development,Delhi NCR,50k+,49,2026-06-18,25.0,1,N,,0
LD13269,Instagram Ads,Full Stack Development,Ahmedabad,15k-30k,54,2026-06-17,8.1,5,N,,0
LD13270,Referral,Business Analytics,Delhi NCR,30k-50k,54,2026-06-27,79.6,6,N,,0
LD13271,Organic Search,Business Analytics,Pune,50k+,18,2025-12-19,2.6,3,N,,0
LD13272,Google Ads,Python for Data Analysis,Kolkata,15k-30k,29,2025-11-26,11.5,3,N,,0
LD13273,LinkedIn,Digital Marketing,Ahmedabad,15k-30k,86,2025-12-04,1.4,2,N,,0
LD13274,Instagram Ads,Data Science Bootcamp,Pune,50k+,70,2026-01-09,43.1,3,N,,0
LD13275,Referral,Python for Data Analysis,Pune,15k-30k,22,2026-06-08,13.1,2,N,,0
LD13276,Instagram Ads,Business Analytics,Pune,50k+,66,2026-05-27,18.0,1,Y,2026-06-01,60881
LD13277,Referral,Full Stack Development,Bengaluru,30k-50k,23,2025-12-19,9.4,6,N,,0
LD13278,Referral,Digital Marketing,Pune,15k-30k,36,2026-05-04,8.6,2,N,,0
LD13279,Referral,Python for Data Analysis,Hyderabad,15k-30k,75,2026-01-30,31.5,4,N,,0
LD13280,LinkedIn,Business Analytics,Kolkata,<15k,48,2025-11-24,6.0,0,N,,0
LD13281,Organic Search,Business Analytics,Kolkata,50k+,52,2026-02-04,5.5,4,Y,2026-02-08,67203
LD13282,Organic Search,Data Science Bootcamp,Bengaluru,15k-30k,62,2026-05-22,46.4,5,N,,0
LD13283,LinkedIn,Power BI & Tableau,Kolkata,<15k,68,2026-01-22,8.0,4,N,,0
LD13284,Organic Search,Python for Data Analysis,Hyderabad,<15k,50,2026-06-03,11.9,0,N,,0
LD13285,Google Ads,Data Science Bootcamp,Pune,<15k,41,2026-01-29,18.0,3,N,,0
LD13286,Organic Search,Business Analytics,Delhi NCR,<15k,87,2026-01-10,0.2,2,N,,0
LD13287,Instagram Ads,Business Analytics,Bengaluru,<15k,78,2026-01-19,11.6,3,N,,0
LD13288,Organic Search,Data Science Bootcamp,Hyderabad,30k-50k,62,2026-06-20,7.0,2,N,,0
LD13289,Instagram Ads,Business Analytics,Ahmedabad,15k-30k,54,2026-03-08,1.9,4,N,,0
LD13290,Referral,Power BI & Tableau,Pune,50k+,67,2026-06-24,1.3,1,N,,0
LD13291,Instagram Ads,Digital Marketing,Ahmedabad,30k-50k,48,2026-04-08,18.2,2,N,,0
LD13292,LinkedIn,Business Analytics,Bengaluru,15k-30k,59,2026-07-15,20.4,1,N,,0
LD13293,Instagram Ads,Power BI & Tableau,Hyderabad,30k-50k,17,2025-11-19,3.1,2,N,,0
LD13294,Referral,Data Science Bootcamp,Hyderabad,<15k,77,2026-06-30,8.8,2,N,,0
LD13295,Google Ads,Power BI & Tableau,Hyderabad,30k-50k,46,2026-03-16,4.8,0,N,,0
LD13296,Walk-in,Power BI & Tableau,Pune,50k+,72,2026-06-24,15.0,4,N,,0
LD13297,LinkedIn,Data Science Bootcamp,Bengaluru,15k-30k,49,2026-02-12,22.5,3,N,,0
LD13298,Google Ads,Business Analytics,Kolkata,50k+,59,2026-01-20,7.5,3,N,,0
LD13299,Instagram Ads,Business Analytics,Delhi NCR,30k-50k,18,2025-11-14,2.0,1,N,,0
LD13300,Organic Search,Business Analytics,Hyderabad,50k+,20,2026-06-21,2.5,2,N,,0
LD13301,Google Ads,Python for Data Analysis,Hyderabad,15k-30k,61,2025-12-07,10.8,3,N,,0
LD13302,Instagram Ads,Business Analytics,Delhi NCR,<15k,44,2025-12-24,12.5,4,N,,0
LD13303,Walk-in,Digital Marketing,Chennai,<15k,73,2026-02-19,33.1,1,N,,0
LD13304,Instagram Ads,Data Science Bootcamp,Hyderabad,30k-50k,64,2026-04-04,0.2,3,N,,0
LD13305,Google Ads,Data Science Bootcamp,Pune,15k-30k,59,2026-07-05,27.3,3,N,,0
LD13306,Referral,Python for Data Analysis,Pune,30k-50k,54,2026-03-04,6.3,5,Y,2026-03-15,38075
LD13307,LinkedIn,Full Stack Development,Pune,50k+,40,2026-01-25,5.6,0,Y,2026-01-28,58989
LD13308,Referral,Full Stack Development,Delhi NCR,30k-50k,48,2026-05-14,4.3,2,N,,0
LD13309,Instagram Ads,Digital Marketing,Delhi NCR,<15k,90,2026-05-31,9.2,2,N,,0
LD13310,Google Ads,Python for Data Analysis,Delhi NCR,30k-50k,79,2026-03-13,4.2,4,N,,0
LD13311,Instagram Ads,Full Stack Development,Bengaluru,<15k,25,2026-04-21,26.7,2,N,,0
LD13312,Walk-in,Business Analytics,Chennai,15k-30k,32,2025-12-18,3.8,3,N,,0
LD13313,Google Ads,Business Analytics,Ahmedabad,50k+,44,2026-04-22,2.4,2,Y,2026-04-25,59414
LD13314,LinkedIn,Full Stack Development,Hyderabad,50k+,14,2025-11-01,4.0,3,N,,0
LD13315,LinkedIn,Data Science Bootcamp,Delhi NCR,50k+,40,2026-01-13,6.1,2,N,,0
LD13316,Referral,Business Analytics,Chennai,<15k,60,2026-05-26,2.2,3,N,,0
LD13317,Instagram Ads,Business Analytics,Kolkata,15k-30k,23,2025-12-16,56.9,3,N,,0
LD13318,Organic Search,Digital Marketing,Ahmedabad,30k-50k,68,2026-05-27,14.5,2,Y,2026-05-30,41474
LD13319,LinkedIn,Python for Data Analysis,Kolkata,50k+,75,2026-03-13,7.3,4,Y,2026-03-20,66148
LD13320,Google Ads,Power BI & Tableau,Pune,30k-50k,68,2026-05-27,24.9,3,N,,0
LD13321,Organic Search,Full Stack Development,Kolkata,15k-30k,37,2025-11-24,65.6,1,N,,0
LD13322,LinkedIn,Python for Data Analysis,Ahmedabad,50k+,47,2026-04-16,12.5,1,N,,0
LD13323,Referral,Power BI & Tableau,Kolkata,15k-30k,28,2026-04-21,21.4,2,N,,0
LD13324,Referral,Data Science Bootcamp,Mumbai,50k+,92,2026-02-18,9.2,2,Y,2026-03-11,67002
LD13325,Referral,Full Stack Development,Mumbai,<15k,46,2026-07-21,4.1,2,N,,0
LD13326,Referral,Digital Marketing,Mumbai,<15k,47,2026-02-12,18.3,2,N,,0
LD13327,Referral,Data Science Bootcamp,Ahmedabad,30k-50k,34,2025-11-10,11.7,1,N,,0
LD13328,Google Ads,Business Analytics,Bengaluru,<15k,36,2025-12-24,7.8,7,N,,0
LD13329,Referral,Digital Marketing,Pune,30k-50k,40,2026-02-09,4.3,2,Y,2026-02-24,38367
LD13330,Instagram Ads,Digital Marketing,Pune,50k+,39,2025-11-03,1.6,3,N,,0
LD13331,Referral,Power BI & Tableau,Mumbai,50k+,68,2026-01-26,6.3,2,N,,0
LD13332,Instagram Ads,Business Analytics,Bengaluru,15k-30k,43,2026-06-15,65.5,3,N,,0
LD13333,Google Ads,Full Stack Development,Hyderabad,15k-30k,80,2025-12-22,15.6,3,N,,0
LD13334,Referral,Full Stack Development,Kolkata,15k-30k,69,2026-05-03,8.9,2,N,,0
LD13335,LinkedIn,Full Stack Development,Kolkata,<15k,91,2026-04-20,15.3,2,N,,0
LD13336,LinkedIn,Digital Marketing,Hyderabad,<15k,25,2026-01-06,20.0,7,N,,0
LD13337,Referral,Full Stack Development,Ahmedabad,<15k,56,2026-05-08,3.9,2,N,,0
LD13338,Google Ads,Power BI & Tableau,Bengaluru,15k-30k,47,2026-02-02,9.4,1,N,,0
LD13339,Instagram Ads,Business Analytics,Pune,30k-50k,73,2025-12-05,10.0,3,N,,0
LD13340,Google Ads,Data Science Bootcamp,Hyderabad,15k-30k,76,2026-02-12,3.5,3,Y,2026-03-08,20467
LD13341,Google Ads,Data Science Bootcamp,Pune,50k+,24,2026-04-09,26.3,2,N,,0
LD13342,Google Ads,Business Analytics,Pune,50k+,99,2025-12-15,19.5,1,N,,0
LD13343,Instagram Ads,Full Stack Development,Ahmedabad,30k-50k,95,2026-06-12,16.0,1,Y,2026-06-30,37806
LD13344,Instagram Ads,Python for Data Analysis,Ahmedabad,30k-50k,60,2026-01-20,4.1,1,N,,0
LD13345,Google Ads,Full Stack Development,Delhi NCR,<15k,54,2026-01-18,8.9,3,N,,0
LD13346,Referral,Data Science Bootcamp,Bengaluru,15k-30k,22,2026-05-17,19.9,3,N,,0
LD13347,Instagram Ads,Full Stack Development,Pune,<15k,55,2026-04-11,1.6,3,N,,0
LD13348,Organic Search,Power BI & Tableau,Bengaluru,15k-30k,41,2026-01-31,12.4,2,N,,0
LD13349,Google Ads,Python for Data Analysis,Ahmedabad,50k+,29,2026-06-30,1.2,5,Y,2026-07-06,63264
LD13350,Referral,Power BI & Tableau,Delhi NCR,30k-50k,59,2026-07-29,12.4,1,Y,2026-08-07,37545
LD13351,Organic Search,Full Stack Development,Kolkata,15k-30k,84,2026-02-01,14.2,4,N,,0
LD13352,Google Ads,Business Analytics,Hyderabad,30k-50k,40,2026-07-04,3.5,4,Y,2026-07-06,43112
LD13353,LinkedIn,Power BI & Tableau,Pune,50k+,64,2026-02-06,15.4,4,N,,0
LD13354,LinkedIn,Full Stack Development,Kolkata,15k-30k,71,2025-12-21,12.0,1,N,,0
LD13355,LinkedIn,Power BI & Tableau,Mumbai,<15k,73,2026-07-16,29.7,2,N,,0
LD13356,Instagram Ads,Python for Data Analysis,Hyderabad,15k-30k,46,2026-07-08,25.8,1,N,,0
LD13357,LinkedIn,Full Stack Development,Ahmedabad,50k+,60,2026-02-18,5.8,2,N,,0
LD13358,Organic Search,Digital Marketing,Kolkata,50k+,49,2026-01-01,13.6,4,N,,0
LD13359,Organic Search,Business Analytics,Chennai,<15k,64,2026-05-17,41.3,3,N,,0
LD13360,LinkedIn,Full Stack Development,Mumbai,50k+,68,2025-12-05,1.5,6,N,,0
LD13361,Organic Search,Digital Marketing,Hyderabad,<15k,53,2026-05-19,1.5,6,N,,0
LD13362,LinkedIn,Data Science Bootcamp,Chennai,30k-50k,56,2026-04-09,1.9,4,N,,0
LD13363,Instagram Ads,Data Science Bootcamp,Delhi NCR,15k-30k,39,2025-12-16,15.6,1,N,,0
LD13364,Referral,Business Analytics,Hyderabad,<15k,75,2026-02-08,13.1,0,N,,0
LD13365,Instagram Ads,Business Analytics,Delhi NCR,<15k,84,2026-04-26,13.9,4,N,,0
LD13366,Instagram Ads,Business Analytics,Bengaluru,15k-30k,54,2025-11-10,6.8,1,N,,0
LD13367,Referral,Business Analytics,Hyderabad,30k-50k,59,2026-06-27,1.4,5,Y,2026-07-10,42217
LD13368,Organic Search,Power BI & Tableau,Ahmedabad,<15k,26,2026-01-08,30.5,3,N,,0
LD13369,Organic Search,Data Science Bootcamp,Chennai,<15k,20,2026-03-25,64.4,0,N,,0
LD13370,Google Ads,Data Science Bootcamp,Bengaluru,30k-50k,43,2025-11-13,11.9,5,N,,0
LD13371,Instagram Ads,Digital Marketing,Kolkata,30k-50k,14,2026-07-29,7.8,3,N,,0
LD13372,Referral,Power BI & Tableau,Chennai,15k-30k,74,2026-04-29,40.3,1,N,,0
LD13373,Google Ads,Python for Data Analysis,Pune,30k-50k,66,2026-04-27,3.2,2,N,,0
LD13374,Google Ads,Full Stack Development,Chennai,<15k,30,2025-11-05,11.9,5,N,,0
LD13375,Instagram Ads,Python for Data Analysis,Pune,<15k,43,2026-05-07,7.3,1,N,,0
LD13376,LinkedIn,Data Science Bootcamp,Ahmedabad,50k+,48,2026-02-21,17.2,6,N,,0
LD13377,Instagram Ads,Power BI & Tableau,Delhi NCR,<15k,45,2026-02-11,14.7,7,N,,0
LD13378,Instagram Ads,Business Analytics,Ahmedabad,15k-30k,47,2026-03-29,11.4,5,N,,0
LD13379,LinkedIn,Data Science Bootcamp,Mumbai,<15k,62,2026-03-09,91.6,3,N,,0
LD13380,Instagram Ads,Business Analytics,Pune,15k-30k,61,2025-12-11,18.4,4,N,,0
LD13381,Google Ads,Power BI & Tableau,Ahmedabad,30k-50k,42,2026-05-08,19.6,3,N,,0
LD13382,Referral,Business Analytics,Delhi NCR,30k-50k,80,2026-04-21,19.0,0,N,,0
LD13383,LinkedIn,Digital Marketing,Bengaluru,50k+,72,2026-01-21,13.2,0,N,,0
LD13384,LinkedIn,Full Stack Development,Mumbai,50k+,27,2026-04-29,20.3,3,N,,0
LD13385,Referral,Business Analytics,Pune,<15k,73,2026-04-29,7.4,2,N,,0
LD13386,Google Ads,Power BI & Tableau,Hyderabad,50k+,81,2026-01-12,8.2,1,N,,0
LD13387,Google Ads,Data Science Bootcamp,Delhi NCR,15k-30k,68,2026-04-14,14.3,8,N,,0
LD13388,Organic Search,Power BI & Tableau,Ahmedabad,<15k,85,2025-12-07,10.6,6,N,,0
LD13389,Instagram Ads,Data Science Bootcamp,Chennai,50k+,89,2026-06-14,39.4,3,N,,0
LD13390,Instagram Ads,Business Analytics,Pune,30k-50k,38,2025-11-28,18.7,2,N,,0
LD13391,Google Ads,Data Science Bootcamp,Chennai,30k-50k,53,2026-05-15,6.5,6,N,,0
LD13392,Google Ads,Digital Marketing,Hyderabad,<15k,49,2025-12-02,11.1,2,N,,0
LD13393,Google Ads,Business Analytics,Delhi NCR,50k+,49,2025-12-01,16.8,5,N,,0
LD13394,Instagram Ads,Python for Data Analysis,Ahmedabad,30k-50k,32,2025-11-29,22.9,4,N,,0
LD13395,Google Ads,Full Stack Development,Hyderabad,15k-30k,87,2025-12-24,22.3,4,N,,0
LD13396,Organic Search,Power BI & Tableau,Bengaluru,50k+,71,2025-12-24,15.8,1,N,,0
LD13397,Instagram Ads,Digital Marketing,Kolkata,30k-50k,68,2026-01-10,1.7,6,N,,0
LD13398,Instagram Ads,Python for Data Analysis,Ahmedabad,15k-30k,80,2026-03-22,1.5,1,N,,0
LD13399,LinkedIn,Digital Marketing,Chennai,30k-50k,49,2025-12-25,11.3,1,N,,0
LD13400,Referral,Data Science Bootcamp,Ahmedabad,50k+,53,2026-05-11,58.8,1,N,,0
LD13401,Organic Search,Digital Marketing,Bengaluru,<15k,50,2026-01-19,5.2,3,N,,0
LD13402,Referral,Full Stack Development,Bengaluru,15k-30k,42,2025-11-10,20.9,3,N,,0
LD13403,LinkedIn,Business Analytics,Delhi NCR,<15k,26,2026-03-15,1.4,3,N,,0
LD13404,Organic Search,Python for Data Analysis,Kolkata,15k-30k,58,2025-12-26,7.0,3,N,,0
LD13405,Organic Search,Data Science Bootcamp,Kolkata,15k-30k,65,2026-07-12,7.6,3,N,,0
LD13406,Referral,Python for Data Analysis,Chennai,<15k,96,2026-01-29,4.0,4,N,,0
LD13407,Instagram Ads,Python for Data Analysis,Ahmedabad,50k+,75,2025-10-31,4.2,2,N,,0
LD13408,Organic Search,Data Science Bootcamp,Pune,<15k,31,2026-05-02,3.6,1,N,,0
LD13409,LinkedIn,Full Stack Development,Kolkata,<15k,49,2026-07-05,11.0,2,N,,0
LD13410,Walk-in,Python for Data Analysis,Kolkata,15k-30k,5,2026-06-16,14.9,4,N,,0
LD13411,Google Ads,Digital Marketing,Chennai,<15k,46,2026-05-01,2.3,6,N,,0
LD13412,Instagram Ads,Digital Marketing,Mumbai,50k+,40,2025-12-10,7.2,5,N,,0
LD13413,Walk-in,Full Stack Development,Hyderabad,50k+,55,2025-11-24,12.8,5,N,,0
LD13414,Organic Search,Digital Marketing,Bengaluru,50k+,77,2026-03-19,10.0,1,N,,0
LD13415,Instagram Ads,Power BI & Tableau,Ahmedabad,15k-30k,37,2026-05-16,2.9,1,N,,0
LD13416,Organic Search,Business Analytics,Chennai,15k-30k,72,2025-11-27,33.3,0,N,,0
LD13417,Walk-in,Power BI & Tableau,Kolkata,<15k,58,2026-01-08,8.8,3,N,,0
LD13418,LinkedIn,Data Science Bootcamp,Kolkata,30k-50k,58,2026-01-02,4.2,6,N,,0
LD13419,Instagram Ads,Python for Data Analysis,Bengaluru,15k-30k,54,2026-07-27,47.1,5,N,,0
LD13420,Walk-in,Business Analytics,Kolkata,<15k,47,2026-01-19,1.7,5,N,,0
LD13421,Instagram Ads,Digital Marketing,Pune,30k-50k,82,2026-03-06,27.8,3,N,,0
LD13422,Google Ads,Data Science Bootcamp,Hyderabad,15k-30k,60,2025-11-27,2.5,1,N,,0
LD13423,Instagram Ads,Digital Marketing,Hyderabad,50k+,53,2025-12-17,40.9,2,N,,0
LD13424,Referral,Digital Marketing,Kolkata,50k+,34,2025-11-10,2.8,4,Y,2025-11-25,61257
LD13425,Google Ads,Power BI & Tableau,Delhi NCR,15k-30k,57,2026-01-18,22.1,3,N,,0
LD13426,Organic Search,Business Analytics,Hyderabad,<15k,33,2026-06-06,0.0,1,N,,0
LD13427,LinkedIn,Python for Data Analysis,Delhi NCR,30k-50k,76,2026-01-24,92.1,1,N,,0
LD13428,Google Ads,Business Analytics,Chennai,15k-30k,31,2026-05-20,1.0,2,N,,0
LD13429,Google Ads,Python for Data Analysis,Ahmedabad,50k+,96,2025-11-25,13.9,3,N,,0
LD13430,Referral,Power BI & Tableau,Kolkata,15k-30k,27,2026-05-25,3.1,3,N,,0
LD13431,Instagram Ads,Digital Marketing,Bengaluru,50k+,60,2025-11-12,24.5,1,N,,0
LD13432,Instagram Ads,Power BI & Tableau,Hyderabad,15k-30k,72,2026-06-20,18.0,2,Y,2026-07-11,24045
LD13433,Instagram Ads,Full Stack Development,Chennai,15k-30k,42,2026-04-30,22.7,3,N,,0
LD13434,Organic Search,Full Stack Development,Bengaluru,30k-50k,73,2025-12-16,12.3,1,N,,0
LD13435,Instagram Ads,Business Analytics,Pune,50k+,67,2026-02-05,26.0,4,Y,2026-02-07,66432
LD13436,LinkedIn,Python for Data Analysis,Hyderabad,30k-50k,46,2026-02-27,8.0,2,N,,0
LD13437,LinkedIn,Full Stack Development,Delhi NCR,50k+,36,2026-04-18,87.9,0,Y,2026-04-25,60091
LD13438,Google Ads,Power BI & Tableau,Ahmedabad,<15k,90,2026-06-27,5.5,3,N,,0
LD13439,Referral,Business Analytics,Hyderabad,50k+,83,2025-11-25,34.6,3,Y,2025-11-29,65423
LD13440,Instagram Ads,Data Science Bootcamp,Mumbai,15k-30k,28,2026-06-10,12.8,4,N,,0
LD13441,Instagram Ads,Python for Data Analysis,Kolkata,15k-30k,75,2025-12-19,15.3,4,N,,0
LD13442,Instagram Ads,Business Analytics,Mumbai,30k-50k,34,2026-02-17,8.3,4,Y,2026-02-18,36931
LD13443,Instagram Ads,Business Analytics,Chennai,<15k,79,2026-07-20,19.5,4,N,,0
LD13444,Instagram Ads,Digital Marketing,Delhi NCR,<15k,92,2026-01-13,1.1,4,N,,0
LD13445,Instagram Ads,Digital Marketing,Ahmedabad,<15k,37,2026-02-13,1.3,0,N,,0
LD13446,LinkedIn,Full Stack Development,Kolkata,50k+,51,2026-06-20,5.4,1,N,,0
LD13447,Google Ads,Python for Data Analysis,Chennai,30k-50k,61,2026-06-06,4.7,3,N,,0
LD13448,Referral,Power BI & Tableau,Chennai,50k+,58,2026-04-26,12.3,4,Y,2026-04-29,68977
LD13449,Instagram Ads,Data Science Bootcamp,Ahmedabad,15k-30k,62,2026-06-05,10.9,1,Y,2026-06-10,24020
LD13450,Walk-in,Python for Data Analysis,Pune,30k-50k,3,2025-11-30,13.7,3,N,,0
LD13451,Instagram Ads,Power BI & Tableau,Kolkata,15k-30k,21,2026-05-09,7.7,2,N,,0
LD13452,Instagram Ads,Python for Data Analysis,Kolkata,30k-50k,66,2025-11-16,7.3,4,N,,0
LD13453,Instagram Ads,Full Stack Development,Hyderabad,30k-50k,39,2026-07-15,9.9,1,N,,0
LD13454,Google Ads,Data Science Bootcamp,Hyderabad,<15k,61,2025-12-13,8.7,4,N,,0
LD13455,Walk-in,Full Stack Development,Kolkata,<15k,92,2026-02-21,0.7,0,N,,0
LD13456,Instagram Ads,Data Science Bootcamp,Hyderabad,50k+,24,2026-04-10,20.4,4,N,,0
LD13457,Instagram Ads,Full Stack Development,Bengaluru,50k+,36,2026-06-07,11.4,1,N,,0
LD13458,Organic Search,Full Stack Development,Kolkata,30k-50k,46,2026-05-04,2.9,0,N,,0
LD13459,Instagram Ads,Business Analytics,Ahmedabad,15k-30k,39,2025-12-19,7.6,5,N,,0
LD13460,Organic Search,Power BI & Tableau,Hyderabad,50k+,41,2026-02-11,1.0,1,N,,0
LD13461,Referral,Business Analytics,Hyderabad,50k+,21,2026-02-05,10.1,4,N,,0
LD13462,Referral,Digital Marketing,Kolkata,50k+,42,2025-11-07,3.3,3,N,,0
LD13463,Google Ads,Full Stack Development,Bengaluru,50k+,85,2026-05-05,11.6,4,N,,0
LD13464,Google Ads,Digital Marketing,Delhi NCR,15k-30k,64,2026-06-16,34.4,5,N,,0
LD13465,Walk-in,Digital Marketing,Delhi NCR,30k-50k,82,2026-07-23,14.6,5,N,,0
LD13466,Google Ads,Python for Data Analysis,Bengaluru,15k-30k,48,2025-12-05,21.8,4,N,,0
LD13467,Google Ads,Python for Data Analysis,Bengaluru,<15k,35,2026-07-09,4.3,3,N,,0
LD13468,Google Ads,Data Science Bootcamp,Chennai,15k-30k,60,2025-11-30,31.1,3,N,,0
LD13469,Instagram Ads,Power BI & Tableau,Chennai,30k-50k,37,2026-02-20,27.7,3,N,,0
LD13470,Google Ads,Business Analytics,Mumbai,50k+,48,2025-11-12,87.1,6,N,,0
LD13471,Walk-in,Power BI & Tableau,Mumbai,50k+,47,2026-01-10,8.8,2,N,,0
LD13472,Google Ads,Power BI & Tableau,Bengaluru,50k+,69,2026-01-24,61.1,2,N,,0
LD13473,Walk-in,Power BI & Tableau,Pune,50k+,43,2026-05-11,7.7,1,N,,0
LD13474,Instagram Ads,Full Stack Development,Pune,50k+,63,2026-05-04,7.9,3,N,,0
LD13475,Referral,Python for Data Analysis,Pune,30k-50k,30,2026-05-28,24.9,4,N,,0
LD13476,Google Ads,Python for Data Analysis,Hyderabad,15k-30k,37,2026-04-06,14.0,2,N,,0
LD13477,Referral,Full Stack Development,Hyderabad,15k-30k,66,2026-04-03,8.7,5,N,,0
LD13478,Walk-in,Full Stack Development,Delhi NCR,50k+,81,2026-07-24,6.0,1,N,,0
LD13479,Instagram Ads,Power BI & Tableau,Chennai,15k-30k,68,2026-05-01,43.1,3,N,,0
LD13480,Referral,Business Analytics,Hyderabad,<15k,54,2026-01-31,10.0,0,N,,0
LD13481,Instagram Ads,Data Science Bootcamp,Bengaluru,50k+,72,2026-03-22,38.7,3,N,,0
LD13482,Google Ads,Full Stack Development,Bengaluru,15k-30k,66,2026-05-10,5.5,6,N,,0
LD13483,Instagram Ads,Power BI & Tableau,Kolkata,<15k,47,2025-11-26,7.6,3,N,,0
LD13484,Referral,Data Science Bootcamp,Ahmedabad,15k-30k,44,2026-04-29,15.5,3,N,,0
LD13485,LinkedIn,Full Stack Development,Pune,30k-50k,60,2026-01-06,18.5,5,N,,0
LD13486,Referral,Business Analytics,Delhi NCR,15k-30k,71,2026-02-02,9.3,6,N,,0
LD13487,Instagram Ads,Business Analytics,Kolkata,15k-30k,60,2026-05-03,32.9,3,N,,0
LD13488,Instagram Ads,Digital Marketing,Delhi NCR,<15k,34,2026-02-13,2.5,1,N,,0
LD13489,LinkedIn,Data Science Bootcamp,Bengaluru,15k-30k,56,2026-06-17,27.7,0,N,,0
LD13490,Google Ads,Full Stack Development,Hyderabad,<15k,42,2026-04-01,7.6,3,N,,0
LD13491,Organic Search,Python for Data Analysis,Hyderabad,<15k,44,2026-07-27,12.2,7,N,,0
LD13492,Instagram Ads,Business Analytics,Delhi NCR,30k-50k,66,2025-11-14,45.8,4,N,,0
LD13493,Instagram Ads,Business Analytics,Hyderabad,<15k,40,2026-04-24,50.8,6,N,,0
LD13494,Instagram Ads,Python for Data Analysis,Mumbai,30k-50k,66,2025-12-12,8.4,5,N,,0
LD13495,Referral,Python for Data Analysis,Ahmedabad,<15k,75,2026-06-19,61.5,2,N,,0
LD13496,Organic Search,Data Science Bootcamp,Hyderabad,50k+,24,2026-06-20,11.2,7,N,,0
LD13497,Organic Search,Python for Data Analysis,Mumbai,<15k,37,2026-06-25,24.4,1,N,,0
LD13498,LinkedIn,Full Stack Development,Kolkata,50k+,31,2025-11-20,2.0,3,N,,0
LD13499,Organic Search,Digital Marketing,Pune,50k+,28,2026-03-14,7.9,2,N,,0
LD13500,Organic Search,Business Analytics,Bengaluru,30k-50k,42,2026-01-04,5.9,1,N,,0
LD13501,Referral,Business Analytics,Hyderabad,<15k,22,2026-07-22,5.9,4,N,,0
LD13502,Instagram Ads,Digital Marketing,Ahmedabad,30k-50k,26,2025-11-13,6.5,5,Y,2025-11-16,39964
LD13503,Instagram Ads,Power BI & Tableau,Pune,<15k,49,2025-12-30,1.7,2,N,,0
LD13504,Instagram Ads,Power BI & Tableau,Hyderabad,30k-50k,46,2026-04-24,7.1,2,N,,0
LD13505,Instagram Ads,Business Analytics,Bengaluru,<15k,26,2026-02-18,4.6,3,N,,0
LD13506,Organic Search,Power BI & Tableau,Mumbai,15k-30k,68,2026-01-03,2.5,6,Y,2026-01-13,24198
LD13507,Google Ads,Digital Marketing,Mumbai,<15k,53,2026-03-05,76.2,1,N,,0
LD13508,Google Ads,Data Science Bootcamp,Pune,30k-50k,29,2026-06-06,42.6,3,N,,0
LD13509,Instagram Ads,Business Analytics,Pune,<15k,48,2026-03-02,5.9,5,N,,0
LD13510,Google Ads,Digital Marketing,Ahmedabad,30k-50k,79,2026-06-21,5.1,2,N,,0
LD13511,Referral,Business Analytics,Chennai,<15k,21,2026-03-02,18.8,2,N,,0
LD13512,Google Ads,Full Stack Development,Ahmedabad,30k-50k,65,2025-12-02,28.1,3,N,,0
LD13513,Google Ads,Full Stack Development,Kolkata,50k+,70,2026-03-15,51.0,4,N,,0
LD13514,Instagram Ads,Power BI & Tableau,Mumbai,50k+,51,2026-04-27,9.2,5,Y,2026-04-28,70658
LD13515,Google Ads,Digital Marketing,Mumbai,15k-30k,66,2025-11-28,1.2,4,Y,2025-11-29,19842
LD13516,Referral,Full Stack Development,Kolkata,30k-50k,30,2026-02-20,17.9,1,N,,0
LD13517,Instagram Ads,Data Science Bootcamp,Pune,30k-50k,36,2026-04-01,4.4,4,N,,0
LD13518,Instagram Ads,Business Analytics,Kolkata,50k+,49,2025-10-31,17.8,4,N,,0
LD13519,Referral,Python for Data Analysis,Delhi NCR,50k+,25,2025-11-24,1.7,3,N,,0
LD13520,Google Ads,Digital Marketing,Kolkata,<15k,42,2026-04-13,60.1,4,N,,0
LD13521,Google Ads,Python for Data Analysis,Chennai,15k-30k,60,2026-04-18,10.3,5,N,,0
LD13522,Walk-in,Digital Marketing,Ahmedabad,<15k,40,2026-01-22,10.3,4,N,,0
LD13523,Google Ads,Business Analytics,Delhi NCR,<15k,38,2026-03-18,3.5,3,N,,0
LD13524,Google Ads,Power BI & Tableau,Delhi NCR,50k+,53,2025-12-26,7.4,3,N,,0
LD13525,Google Ads,Power BI & Tableau,Kolkata,30k-50k,71,2026-05-02,73.0,2,N,,0
LD13526,Referral,Data Science Bootcamp,Pune,<15k,66,2026-07-17,29.1,1,N,,0
LD13527,Instagram Ads,Digital Marketing,Pune,50k+,46,2026-02-07,30.6,0,N,,0
LD13528,Walk-in,Digital Marketing,Hyderabad,15k-30k,41,2025-11-14,2.3,2,N,,0
LD13529,Google Ads,Business Analytics,Chennai,30k-50k,47,2025-12-30,14.8,2,N,,0
LD13530,Instagram Ads,Business Analytics,Hyderabad,30k-50k,85,2026-03-04,24.7,5,N,,0
LD13531,Walk-in,Data Science Bootcamp,Bengaluru,30k-50k,62,2026-04-01,45.1,1,N,,0
LD13532,Instagram Ads,Full Stack Development,Mumbai,30k-50k,71,2026-04-18,2.2,1,N,,0
LD13533,Instagram Ads,Python for Data Analysis,Mumbai,30k-50k,66,2026-03-09,9.1,2,Y,2026-03-15,37171
LD13534,Instagram Ads,Power BI & Tableau,Kolkata,<15k,35,2026-04-28,9.0,1,N,,0
LD13535,Google Ads,Digital Marketing,Mumbai,15k-30k,73,2026-05-14,24.9,3,N,,0
LD13536,Instagram Ads,Data Science Bootcamp,Hyderabad,30k-50k,44,2025-12-01,0.8,7,N,,0
LD13537,Walk-in,Power BI & Tableau,Kolkata,50k+,33,2026-05-26,7.1,4,N,,0
LD13538,Instagram Ads,Digital Marketing,Mumbai,30k-50k,56,2025-12-30,32.9,4,N,,0
LD13539,Google Ads,Business Analytics,Ahmedabad,<15k,61,2026-02-01,0.2,3,N,,0
LD13540,LinkedIn,Python for Data Analysis,Delhi NCR,<15k,61,2026-06-14,51.0,3,N,,0
LD13541,Referral,Python for Data Analysis,Hyderabad,<15k,44,2026-07-21,14.9,1,N,,0
LD13542,Referral,Python for Data Analysis,Chennai,15k-30k,64,2026-01-18,9.2,1,N,,0
LD13543,Referral,Power BI & Tableau,Mumbai,50k+,66,2026-03-22,8.1,5,N,,0
LD13544,LinkedIn,Power BI & Tableau,Delhi NCR,<15k,61,2026-05-10,10.2,3,N,,0
LD13545,LinkedIn,Data Science Bootcamp,Ahmedabad,<15k,43,2025-11-12,3.4,4,Y,2025-11-13,11429
LD13546,Instagram Ads,Digital Marketing,Kolkata,15k-30k,55,2025-12-14,24.4,2,N,,0
LD13547,Google Ads,Data Science Bootcamp,Chennai,<15k,61,2025-12-08,34.1,2,N,,0
LD13548,Referral,Full Stack Development,Hyderabad,<15k,90,2026-05-14,14.0,1,N,,0
LD13549,Instagram Ads,Python for Data Analysis,Kolkata,<15k,51,2026-05-15,1.2,8,N,,0
LD13550,Organic Search,Full Stack Development,Delhi NCR,30k-50k,99,2025-11-29,14.9,6,N,,0
LD13551,Organic Search,Digital Marketing,Kolkata,30k-50k,72,2026-04-15,10.2,2,N,,0
LD13552,Instagram Ads,Data Science Bootcamp,Ahmedabad,30k-50k,47,2025-12-21,8.7,2,N,,0
LD13553,Google Ads,Power BI & Tableau,Kolkata,<15k,56,2026-07-11,32.6,1,N,,0
LD13554,Google Ads,Digital Marketing,Ahmedabad,50k+,47,2026-02-15,30.7,3,N,,0
LD13555,Google Ads,Full Stack Development,Chennai,<15k,30,2026-03-04,9.1,5,N,,0
LD13556,Instagram Ads,Power BI & Tableau,Bengaluru,<15k,9,2026-06-01,4.5,3,N,,0
LD13557,Google Ads,Business Analytics,Bengaluru,<15k,47,2026-05-14,5.1,2,N,,0
LD13558,Instagram Ads,Business Analytics,Chennai,<15k,57,2025-11-29,6.6,5,N,,0
LD13559,LinkedIn,Full Stack Development,Mumbai,50k+,26,2026-02-21,18.6,2,N,,0
LD13560,Google Ads,Business Analytics,Mumbai,<15k,32,2026-07-10,18.5,1,N,,0
LD13561,Google Ads,Full Stack Development,Bengaluru,30k-50k,61,2026-06-16,14.6,5,N,,0
LD13562,Organic Search,Full Stack Development,Delhi NCR,<15k,11,2026-04-09,4.6,6,N,,0
LD13563,Instagram Ads,Data Science Bootcamp,Bengaluru,<15k,47,2026-05-29,22.5,1,N,,0
LD13564,Instagram Ads,Digital Marketing,Delhi NCR,<15k,33,2026-03-02,26.0,6,N,,0
LD13565,Instagram Ads,Digital Marketing,Delhi NCR,50k+,35,2026-04-28,28.0,2,N,,0
LD13566,Instagram Ads,Full Stack Development,Pune,15k-30k,40,2026-07-19,46.4,8,N,,0
LD13567,Walk-in,Power BI & Tableau,Hyderabad,50k+,65,2025-12-06,19.6,0,N,,0
LD13568,Google Ads,Business Analytics,Pune,30k-50k,27,2026-03-16,4.2,2,N,,0
LD13569,Referral,Power BI & Tableau,Ahmedabad,50k+,78,2026-03-24,29.4,4,N,,0
LD13570,Walk-in,Full Stack Development,Mumbai,<15k,63,2025-11-13,28.6,1,N,,0
LD13571,Organic Search,Power BI & Tableau,Ahmedabad,50k+,68,2026-07-13,4.0,0,Y,2026-07-16,66607
LD13572,Organic Search,Digital Marketing,Ahmedabad,30k-50k,41,2026-06-16,0.2,3,N,,0
LD13573,Instagram Ads,Business Analytics,Delhi NCR,<15k,60,2026-03-11,16.4,5,N,,0
LD13574,Organic Search,Digital Marketing,Chennai,<15k,11,2026-03-18,15.5,1,N,,0
LD13575,Organic Search,Power BI & Tableau,Mumbai,15k-30k,69,2026-07-09,25.0,1,N,,0
LD13576,Google Ads,Full Stack Development,Hyderabad,<15k,50,2025-12-18,7.0,2,N,,0
LD13577,Referral,Python for Data Analysis,Mumbai,<15k,60,2026-04-06,3.3,2,N,,0
LD13578,Referral,Data Science Bootcamp,Ahmedabad,15k-30k,60,2026-05-18,22.5,1,Y,2026-05-20,23124
LD13579,Google Ads,Python for Data Analysis,Ahmedabad,15k-30k,59,2025-12-05,14.2,4,N,,0
LD13580,Instagram Ads,Data Science Bootcamp,Mumbai,30k-50k,53,2026-02-13,56.8,2,N,,0
LD13581,Referral,Power BI & Tableau,Delhi NCR,30k-50k,55,2026-04-12,17.3,2,N,,0
LD13582,Referral,Full Stack Development,Pune,50k+,41,2026-06-28,52.7,1,Y,2026-07-03,67690
LD13583,Referral,Power BI & Tableau,Pune,<15k,32,2026-03-17,12.3,2,N,,0
LD13584,Referral,Business Analytics,Kolkata,30k-50k,62,2026-02-13,5.6,2,Y,2026-02-18,41107
LD13585,Instagram Ads,Python for Data Analysis,Kolkata,15k-30k,53,2026-07-25,48.2,5,N,,0
LD13586,Referral,Business Analytics,Delhi NCR,<15k,68,2026-07-08,25.5,0,N,,0
LD13587,Organic Search,Python for Data Analysis,Delhi NCR,15k-30k,52,2026-05-27,27.5,2,N,,0
LD13588,Google Ads,Power BI & Tableau,Pune,<15k,36,2026-01-13,10.2,1,N,,0
LD13589,Organic Search,Python for Data Analysis,Hyderabad,<15k,84,2026-07-21,25.8,2,Y,2026-07-22,12754
LD13590,Organic Search,Business Analytics,Ahmedabad,<15k,58,2026-07-22,9.6,9,N,,0
LD13591,Instagram Ads,Business Analytics,Bengaluru,30k-50k,72,2026-03-03,30.7,5,N,,0
LD13592,Google Ads,Python for Data Analysis,Chennai,50k+,54,2025-12-06,1.2,4,N,,0
LD13593,Instagram Ads,Digital Marketing,Hyderabad,<15k,62,2026-02-20,4.6,5,N,,0
LD13594,LinkedIn,Digital Marketing,Mumbai,50k+,29,2026-05-10,3.8,4,N,,0
LD13595,Organic Search,Business Analytics,Kolkata,50k+,87,2026-05-23,18.2,2,Y,2026-05-25,64098
LD13596,Instagram Ads,Power BI & Tableau,Bengaluru,30k-50k,78,2026-01-20,1.4,2,N,,0
LD13597,Google Ads,Python for Data Analysis,Chennai,30k-50k,66,2026-05-10,4.2,3,Y,2026-05-12,38017
LD13598,Instagram Ads,Data Science Bootcamp,Kolkata,<15k,60,2026-06-22,6.7,1,N,,0
LD13599,Instagram Ads,Full Stack Development,Mumbai,50k+,53,2026-05-13,16.8,5,N,,0
LD13600,Walk-in,Digital Marketing,Kolkata,15k-30k,65,2026-07-13,49.4,1,N,,0
LD13601,Google Ads,Business Analytics,Ahmedabad,30k-50k,58,2026-04-21,8.8,3,N,,0
LD13602,Walk-in,Power BI & Tableau,Hyderabad,50k+,43,2025-12-24,26.2,3,N,,0
LD13603,Referral,Full Stack Development,Mumbai,<15k,57,2026-04-19,10.5,2,N,,0
LD13604,Instagram Ads,Data Science Bootcamp,Hyderabad,15k-30k,26,2026-01-18,9.0,4,N,,0
LD13605,LinkedIn,Data Science Bootcamp,Delhi NCR,<15k,24,2026-02-02,5.0,2,N,,0
LD13606,Organic Search,Business Analytics,Hyderabad,<15k,60,2026-05-02,12.4,4,N,,0
LD13607,Instagram Ads,Digital Marketing,Kolkata,15k-30k,45,2026-07-25,30.4,4,N,,0
LD13608,Referral,Python for Data Analysis,Hyderabad,50k+,12,2026-04-26,44.0,3,N,,0
LD13609,Instagram Ads,Business Analytics,Ahmedabad,30k-50k,27,2026-07-19,26.9,0,N,,0
LD13610,Google Ads,Business Analytics,Mumbai,15k-30k,43,2026-03-17,3.4,3,N,,0
LD13611,Instagram Ads,Digital Marketing,Delhi NCR,30k-50k,41,2026-05-08,22.1,2,Y,2026-05-15,37918
LD13612,Instagram Ads,Full Stack Development,Hyderabad,<15k,66,2026-01-27,71.9,2,N,,0
LD13613,Referral,Business Analytics,Delhi NCR,50k+,71,2025-12-01,1.5,4,Y,2025-12-03,64623
LD13614,Walk-in,Full Stack Development,Pune,15k-30k,74,2026-02-04,7.5,1,N,,0
LD13615,Referral,Digital Marketing,Pune,<15k,74,2026-03-11,22.6,2,N,,0
LD13616,Instagram Ads,Business Analytics,Ahmedabad,30k-50k,74,2026-04-04,4.4,3,N,,0
LD13617,Google Ads,Business Analytics,Ahmedabad,<15k,46,2026-05-01,53.1,5,N,,0
LD13618,LinkedIn,Python for Data Analysis,Bengaluru,30k-50k,73,2026-02-21,5.7,2,N,,0
LD13619,Instagram Ads,Business Analytics,Hyderabad,30k-50k,42,2026-05-23,44.3,2,N,,0
LD13620,Instagram Ads,Business Analytics,Chennai,<15k,24,2026-06-17,39.5,0,N,,0
LD13621,Google Ads,Python for Data Analysis,Ahmedabad,<15k,68,2026-01-17,13.4,3,N,,0
LD13622,Google Ads,Business Analytics,Hyderabad,50k+,33,2026-06-19,2.5,5,N,,0
LD13623,Instagram Ads,Data Science Bootcamp,Delhi NCR,<15k,77,2026-06-08,42.0,5,N,,0
LD13624,Referral,Business Analytics,Pune,15k-30k,57,2026-03-22,9.0,6,Y,2026-03-23,23552
LD13625,LinkedIn,Data Science Bootcamp,Delhi NCR,<15k,76,2025-11-06,8.9,6,N,,0
LD13626,Referral,Full Stack Development,Ahmedabad,30k-50k,87,2025-12-09,1.1,5,N,,0
LD13627,Organic Search,Python for Data Analysis,Delhi NCR,30k-50k,51,2026-05-01,25.1,6,Y,2026-05-18,38289
LD13628,Instagram Ads,Full Stack Development,Delhi NCR,50k+,13,2025-12-24,30.9,5,N,,0
LD13629,Google Ads,Digital Marketing,Bengaluru,50k+,13,2026-05-23,0.7,3,N,,0
LD13630,Referral,Digital Marketing,Chennai,30k-50k,51,2025-12-13,20.1,4,Y,2025-12-25,37863
LD13631,Google Ads,Power BI & Tableau,Hyderabad,50k+,31,2026-01-17,2.8,2,N,,0
LD13632,Organic Search,Digital Marketing,Pune,<15k,51,2026-01-07,8.1,5,Y,2026-01-10,11094
LD13633,Instagram Ads,Python for Data Analysis,Pune,15k-30k,70,2026-06-17,7.3,6,N,,0
LD13634,Referral,Digital Marketing,Bengaluru,50k+,68,2026-05-07,48.5,1,N,,0
LD13635,Referral,Business Analytics,Chennai,50k+,62,2026-01-19,30.4,1,Y,2026-02-01,59651
LD13636,Instagram Ads,Business Analytics,Mumbai,<15k,50,2026-05-24,4.8,2,N,,0
LD13637,Instagram Ads,Python for Data Analysis,Delhi NCR,<15k,81,2025-11-08,34.8,0,N,,0
LD13638,LinkedIn,Full Stack Development,Pune,50k+,26,2026-06-10,40.6,2,N,,0
LD13639,Google Ads,Digital Marketing,Chennai,30k-50k,13,2025-11-27,43.7,3,N,,0
LD13640,Referral,Python for Data Analysis,Delhi NCR,50k+,68,2026-06-24,21.1,3,N,,0
LD13641,Instagram Ads,Digital Marketing,Bengaluru,15k-30k,53,2026-05-20,1.2,3,N,,0
LD13642,Walk-in,Power BI & Tableau,Hyderabad,30k-50k,58,2026-06-24,6.5,3,N,,0
LD13643,Google Ads,Python for Data Analysis,Chennai,50k+,20,2026-05-21,15.8,4,N,,0
LD13644,Instagram Ads,Digital Marketing,Bengaluru,<15k,81,2026-04-02,15.3,4,N,,0
LD13645,LinkedIn,Python for Data Analysis,Ahmedabad,15k-30k,36,2026-01-03,15.4,2,N,,0
LD13646,Google Ads,Full Stack Development,Delhi NCR,15k-30k,15,2026-06-02,28.5,1,N,,0
LD13647,Instagram Ads,Power BI & Tableau,Delhi NCR,15k-30k,77,2026-06-06,69.7,2,N,,0
LD13648,LinkedIn,Python for Data Analysis,Hyderabad,30k-50k,43,2026-01-17,15.4,5,N,,0
LD13649,Referral,Digital Marketing,Ahmedabad,<15k,55,2026-04-30,23.3,2,N,,0
LD13650,Walk-in,Data Science Bootcamp,Delhi NCR,15k-30k,83,2026-07-10,26.1,5,N,,0
LD13651,LinkedIn,Power BI & Tableau,Bengaluru,<15k,56,2026-02-13,9.9,5,N,,0
LD13652,Instagram Ads,Python for Data Analysis,Bengaluru,30k-50k,72,2026-07-19,18.0,3,N,,0
LD13653,Walk-in,Python for Data Analysis,Bengaluru,30k-50k,19,2026-07-24,7.9,2,N,,0
LD13654,Instagram Ads,Data Science Bootcamp,Pune,30k-50k,52,2026-01-24,1.0,0,N,,0
LD13655,Referral,Digital Marketing,Pune,30k-50k,57,2026-03-30,4.8,5,N,,0
LD13656,Google Ads,Data Science Bootcamp,Pune,30k-50k,8,2025-11-03,73.1,2,N,,0
LD13657,Google Ads,Full Stack Development,Kolkata,15k-30k,83,2026-01-07,12.3,4,N,,0
LD13658,LinkedIn,Power BI & Tableau,Delhi NCR,<15k,44,2026-04-18,67.3,2,Y,2026-04-25,12771
LD13659,Referral,Business Analytics,Ahmedabad,<15k,78,2026-06-01,27.8,5,N,,0
LD13660,Google Ads,Digital Marketing,Kolkata,15k-30k,60,2026-06-25,3.7,3,Y,2026-06-26,21493
LD13661,Google Ads,Python for Data Analysis,Hyderabad,50k+,71,2026-06-14,6.9,2,N,,0
LD13662,Organic Search,Digital Marketing,Delhi NCR,30k-50k,51,2026-07-06,2.8,3,N,,0
LD13663,Referral,Business Analytics,Chennai,50k+,34,2026-05-11,2.7,2,Y,2026-05-18,63007
LD13664,Referral,Power BI & Tableau,Mumbai,15k-30k,29,2026-04-25,0.1,4,Y,2026-04-27,20886
LD13665,Instagram Ads,Digital Marketing,Kolkata,15k-30k,50,2026-05-25,20.2,2,N,,0
LD13666,Instagram Ads,Power BI & Tableau,Delhi NCR,15k-30k,59,2026-03-29,2.6,6,N,,0
LD13667,Instagram Ads,Digital Marketing,Delhi NCR,<15k,73,2026-04-13,14.3,2,N,,0
LD13668,Walk-in,Power BI & Tableau,Pune,50k+,45,2026-05-30,7.6,5,N,,0
LD13669,Google Ads,Python for Data Analysis,Hyderabad,50k+,50,2026-07-21,4.4,4,N,,0
LD13670,Instagram Ads,Business Analytics,Chennai,50k+,38,2026-01-19,38.5,4,N,,0
LD13671,Referral,Power BI & Tableau,Ahmedabad,30k-50k,50,2025-12-18,12.2,6,Y,2025-12-20,37179
LD13672,Google Ads,Digital Marketing,Ahmedabad,50k+,57,2026-05-05,3.1,3,N,,0
LD13673,Instagram Ads,Python for Data Analysis,Ahmedabad,50k+,51,2025-12-21,24.5,4,N,,0
LD13674,Google Ads,Data Science Bootcamp,Kolkata,<15k,24,2025-12-17,42.5,1,N,,0
LD13675,Instagram Ads,Data Science Bootcamp,Delhi NCR,15k-30k,74,2026-03-20,6.9,1,N,,0
LD13676,Walk-in,Business Analytics,Pune,30k-50k,36,2026-02-10,23.2,4,N,,0
LD13677,Instagram Ads,Power BI & Tableau,Bengaluru,30k-50k,39,2026-02-24,43.8,3,N,,0
LD13678,Referral,Python for Data Analysis,Kolkata,15k-30k,61,2026-03-31,34.3,1,Y,2026-04-05,23692
LD13679,Instagram Ads,Full Stack Development,Ahmedabad,<15k,58,2025-12-05,4.3,4,N,,0
LD13680,Referral,Power BI & Tableau,Bengaluru,50k+,54,2026-04-08,22.2,3,N,,0
LD13681,Organic Search,Data Science Bootcamp,Delhi NCR,<15k,48,2026-01-08,29.3,1,N,,0
LD13682,Google Ads,Full Stack Development,Chennai,<15k,54,2026-01-29,32.6,2,N,,0
LD13683,Instagram Ads,Power BI & Tableau,Delhi NCR,<15k,55,2026-05-12,33.2,2,N,,0
LD13684,LinkedIn,Power BI & Tableau,Chennai,50k+,74,2025-12-12,0.9,1,N,,0
LD13685,Referral,Data Science Bootcamp,Bengaluru,<15k,54,2025-12-11,37.6,3,Y,2025-12-12,11990
LD13686,Instagram Ads,Full Stack Development,Pune,15k-30k,29,2026-01-27,0.2,3,N,,0
LD13687,Organic Search,Power BI & Tableau,Pune,50k+,53,2025-11-13,20.3,2,Y,2025-11-14,70771
LD13688,Organic Search,Business Analytics,Delhi NCR,15k-30k,74,2026-07-12,6.8,2,N,,0
LD13689,Organic Search,Full Stack Development,Bengaluru,30k-50k,60,2026-04-17,9.1,0,N,,0
LD13690,LinkedIn,Python for Data Analysis,Hyderabad,15k-30k,51,2026-04-29,14.6,6,N,,0
LD13691,Instagram Ads,Data Science Bootcamp,Pune,<15k,67,2026-03-13,7.3,4,N,,0
LD13692,Referral,Power BI & Tableau,Hyderabad,<15k,86,2026-04-05,5.2,3,N,,0
LD13693,Instagram Ads,Business Analytics,Hyderabad,15k-30k,38,2026-02-05,2.5,3,N,,0
LD13694,Google Ads,Python for Data Analysis,Ahmedabad,<15k,40,2026-06-02,0.9,5,N,,0
LD13695,Referral,Python for Data Analysis,Hyderabad,<15k,53,2026-01-25,9.2,2,N,,0
LD13696,Referral,Digital Marketing,Ahmedabad,50k+,56,2025-12-30,22.0,2,N,,0
LD13697,LinkedIn,Business Analytics,Delhi NCR,15k-30k,65,2025-12-20,39.6,2,N,,0
LD13698,Walk-in,Power BI & Tableau,Hyderabad,50k+,13,2025-11-18,40.9,0,N,,0
LD13699,Organic Search,Python for Data Analysis,Bengaluru,15k-30k,71,2026-03-17,5.1,2,N,,0
LD13700,LinkedIn,Business Analytics,Mumbai,15k-30k,13,2026-02-21,36.0,2,N,,0
LD13701,Organic Search,Business Analytics,Ahmedabad,15k-30k,48,2026-03-26,8.8,2,N,,0
LD13702,Instagram Ads,Python for Data Analysis,Delhi NCR,30k-50k,18,2025-11-25,1.6,3,N,,0
LD13703,Walk-in,Full Stack Development,Ahmedabad,<15k,53,2025-12-30,6.4,5,N,,0
LD13704,LinkedIn,Digital Marketing,Kolkata,30k-50k,67,2025-12-28,23.1,4,N,,0
LD13705,LinkedIn,Python for Data Analysis,Ahmedabad,<15k,61,2026-01-29,19.1,7,N,,0
LD13706,Google Ads,Python for Data Analysis,Pune,50k+,24,2026-02-06,1.8,5,N,,0
LD13707,Google Ads,Data Science Bootcamp,Ahmedabad,30k-50k,25,2025-12-29,19.7,1,Y,2026-01-03,37647
LD13708,Google Ads,Data Science Bootcamp,Bengaluru,50k+,48,2026-05-24,5.9,6,N,,0
LD13709,Google Ads,Power BI & Tableau,Bengaluru,30k-50k,63,2026-03-24,18.6,0,N,,0
LD13710,LinkedIn,Full Stack Development,Bengaluru,50k+,39,2026-07-30,6.9,2,Y,2026-08-03,67609
LD13711,Referral,Digital Marketing,Ahmedabad,15k-30k,39,2026-06-12,19.9,3,Y,2026-06-13,20323
LD13712,Google Ads,Full Stack Development,Delhi NCR,50k+,96,2026-07-25,2.3,4,N,,0
LD13713,Walk-in,Data Science Bootcamp,Chennai,15k-30k,64,2025-11-02,13.8,4,Y,2025-11-10,20644
LD13714,Instagram Ads,Power BI & Tableau,Chennai,15k-30k,52,2026-05-01,27.2,1,N,,0
LD13715,Instagram Ads,Full Stack Development,Hyderabad,50k+,23,2026-03-01,20.7,2,N,,0
LD13716,Instagram Ads,Business Analytics,Chennai,15k-30k,38,2026-07-04,11.7,2,N,,0
LD13717,Instagram Ads,Full Stack Development,Ahmedabad,30k-50k,61,2026-04-16,1.7,1,Y,2026-04-21,39088
LD13718,Google Ads,Full Stack Development,Delhi NCR,15k-30k,55,2026-04-18,7.3,1,N,,0
LD13719,Instagram Ads,Full Stack Development,Kolkata,30k-50k,48,2026-07-19,8.7,2,N,,0
LD13720,Instagram Ads,Data Science Bootcamp,Kolkata,50k+,41,2026-05-05,24.4,3,N,,0
LD13721,Instagram Ads,Python for Data Analysis,Delhi NCR,15k-30k,42,2026-01-26,15.1,7,N,,0
LD13722,Google Ads,Business Analytics,Chennai,30k-50k,81,2026-07-08,46.8,3,N,,0
LD13723,Walk-in,Power BI & Tableau,Hyderabad,50k+,69,2026-07-15,6.2,3,N,,0
LD13724,Google Ads,Data Science Bootcamp,Pune,<15k,35,2026-02-13,37.0,5,N,,0
LD13725,Instagram Ads,Business Analytics,Hyderabad,<15k,57,2026-03-27,22.2,4,N,,0
LD13726,Instagram Ads,Python for Data Analysis,Chennai,50k+,62,2026-01-16,19.6,4,N,,0
LD13727,Walk-in,Business Analytics,Hyderabad,15k-30k,64,2026-07-06,17.8,1,N,,0
LD13728,Google Ads,Business Analytics,Kolkata,50k+,39,2026-06-12,3.5,4,N,,0
LD13729,Google Ads,Data Science Bootcamp,Delhi NCR,<15k,74,2026-02-10,10.4,3,N,,0
LD13730,Referral,Data Science Bootcamp,Hyderabad,<15k,53,2026-06-07,6.4,2,N,,0
LD13731,Instagram Ads,Python for Data Analysis,Bengaluru,30k-50k,45,2026-03-01,17.7,3,N,,0
LD13732,Organic Search,Business Analytics,Hyderabad,30k-50k,76,2025-11-11,12.5,4,Y,2025-11-19,41242
LD13733,Google Ads,Full Stack Development,Kolkata,50k+,69,2026-07-03,28.6,4,N,,0
LD13734,Referral,Business Analytics,Mumbai,15k-30k,61,2025-12-22,2.3,2,N,,0
LD13735,LinkedIn,Digital Marketing,Ahmedabad,50k+,70,2026-03-20,62.7,3,N,,0
LD13736,Walk-in,Full Stack Development,Mumbai,30k-50k,51,2026-07-16,13.5,1,N,,0
LD13737,Google Ads,Business Analytics,Kolkata,15k-30k,53,2025-12-15,14.0,2,N,,0
LD13738,LinkedIn,Power BI & Tableau,Hyderabad,15k-30k,83,2026-07-19,6.9,0,N,,0
LD13739,Organic Search,Power BI & Tableau,Hyderabad,<15k,55,2026-03-26,2.0,1,Y,2026-04-19,12945
LD13740,Referral,Business Analytics,Pune,<15k,45,2025-11-02,1.2,3,N,,0
LD13741,Google Ads,Data Science Bootcamp,Kolkata,30k-50k,60,2025-11-17,53.0,3,N,,0
LD13742,Instagram Ads,Power BI & Tableau,Chennai,<15k,51,2026-05-02,15.2,4,N,,0
LD13743,Instagram Ads,Business Analytics,Mumbai,50k+,28,2026-05-30,40.0,2,N,,0
LD13744,Google Ads,Business Analytics,Chennai,50k+,50,2026-06-24,1.9,1,N,,0
LD13745,Instagram Ads,Digital Marketing,Hyderabad,15k-30k,43,2026-02-23,21.0,1,N,,0
LD13746,Organic Search,Python for Data Analysis,Kolkata,50k+,60,2025-11-28,4.4,7,N,,0
LD13747,Instagram Ads,Data Science Bootcamp,Pune,<15k,16,2026-03-26,16.0,1,N,,0
LD13748,Referral,Power BI & Tableau,Hyderabad,30k-50k,72,2026-05-10,14.1,2,N,,0
LD13749,Google Ads,Data Science Bootcamp,Mumbai,50k+,65,2026-07-24,12.3,3,N,,0
LD13750,Organic Search,Data Science Bootcamp,Bengaluru,30k-50k,68,2026-05-30,11.7,5,Y,2026-06-05,41214
LD13751,Instagram Ads,Business Analytics,Delhi NCR,30k-50k,40,2026-04-25,11.5,2,N,,0
LD13752,Organic Search,Python for Data Analysis,Hyderabad,30k-50k,83,2026-07-14,30.4,6,N,,0
LD13753,Google Ads,Business Analytics,Hyderabad,30k-50k,78,2026-05-22,10.1,3,N,,0
LD13754,Walk-in,Power BI & Tableau,Delhi NCR,15k-30k,14,2025-12-11,43.9,1,N,,0
LD13755,Referral,Python for Data Analysis,Hyderabad,<15k,48,2026-03-05,22.3,4,Y,2026-03-16,10926
LD13756,Organic Search,Power BI & Tableau,Delhi NCR,50k+,42,2026-01-29,1.0,6,N,,0
LD13757,Google Ads,Full Stack Development,Bengaluru,<15k,37,2025-11-23,5.6,2,N,,0
LD13758,Google Ads,Digital Marketing,Delhi NCR,50k+,89,2025-11-14,22.3,6,N,,0
LD13759,Instagram Ads,Business Analytics,Bengaluru,30k-50k,51,2026-06-04,0.7,2,N,,0
LD13760,Instagram Ads,Business Analytics,Chennai,15k-30k,27,2026-04-01,1.1,2,N,,0
LD13761,Organic Search,Full Stack Development,Mumbai,<15k,4,2026-04-05,2.5,3,N,,0
LD13762,Instagram Ads,Python for Data Analysis,Bengaluru,<15k,48,2026-01-01,15.0,5,N,,0
LD13763,Organic Search,Digital Marketing,Kolkata,<15k,54,2026-01-09,30.8,7,N,,0
LD13764,Referral,Power BI & Tableau,Ahmedabad,<15k,33,2026-02-13,18.7,1,Y,2026-02-14,11168
LD13765,Walk-in,Business Analytics,Bengaluru,30k-50k,83,2026-04-21,7.6,1,Y,2026-05-09,42403
LD13766,Instagram Ads,Data Science Bootcamp,Ahmedabad,<15k,80,2026-02-26,12.0,3,N,,0
LD13767,Google Ads,Power BI & Tableau,Chennai,15k-30k,32,2025-11-04,11.4,2,Y,2025-11-08,20766
LD13768,Google Ads,Python for Data Analysis,Delhi NCR,50k+,63,2026-05-02,5.4,2,N,,0
LD13769,Google Ads,Business Analytics,Bengaluru,<15k,68,2026-03-26,21.4,4,N,,0
LD13770,Organic Search,Data Science Bootcamp,Kolkata,15k-30k,41,2026-04-24,34.8,4,N,,0
LD13771,Referral,Full Stack Development,Ahmedabad,<15k,40,2026-04-17,11.0,5,N,,0
LD13772,Instagram Ads,Data Science Bootcamp,Kolkata,50k+,78,2026-05-25,7.3,1,N,,0
LD13773,Google Ads,Full Stack Development,Kolkata,15k-30k,64,2026-04-08,36.9,5,N,,0
LD13774,Google Ads,Full Stack Development,Pune,50k+,35,2026-05-10,45.8,3,N,,0
LD13775,Referral,Data Science Bootcamp,Hyderabad,50k+,73,2025-11-19,9.4,2,N,,0
LD13776,Google Ads,Power BI & Tableau,Chennai,30k-50k,43,2026-07-11,39.5,1,N,,0
LD13777,LinkedIn,Business Analytics,Kolkata,30k-50k,72,2025-11-28,4.5,1,N,,0
LD13778,Google Ads,Data Science Bootcamp,Mumbai,15k-30k,39,2026-06-02,15.8,4,N,,0
LD13779,Organic Search,Data Science Bootcamp,Mumbai,<15k,69,2026-01-21,0.3,3,N,,0
LD13780,Google Ads,Python for Data Analysis,Bengaluru,<15k,32,2025-11-23,8.3,2,N,,0
LD13781,Instagram Ads,Full Stack Development,Bengaluru,15k-30k,67,2026-05-27,4.2,4,N,,0
LD13782,Instagram Ads,Data Science Bootcamp,Pune,<15k,60,2026-02-27,6.8,0,N,,0
LD13783,Referral,Python for Data Analysis,Delhi NCR,15k-30k,66,2026-02-15,23.3,0,Y,2026-02-18,22609
LD13784,Google Ads,Data Science Bootcamp,Chennai,30k-50k,70,2026-04-29,2.2,2,Y,2026-05-12,40897
LD13785,Referral,Power BI & Tableau,Delhi NCR,15k-30k,58,2026-03-09,11.7,4,N,,0
LD13786,Instagram Ads,Business Analytics,Ahmedabad,50k+,45,2026-03-25,8.2,3,Y,2026-03-28,58634
LD13787,Organic Search,Full Stack Development,Hyderabad,<15k,18,2025-12-07,11.4,6,N,,0
LD13788,Instagram Ads,Data Science Bootcamp,Mumbai,30k-50k,96,2026-02-14,5.9,0,N,,0
LD13789,Organic Search,Python for Data Analysis,Mumbai,30k-50k,40,2026-06-05,21.1,5,N,,0
LD13790,Google Ads,Python for Data Analysis,Chennai,30k-50k,46,2026-03-28,5.3,3,N,,0
LD13791,Referral,Power BI & Tableau,Mumbai,30k-50k,72,2026-07-20,16.7,2,N,,0
LD13792,Walk-in,Power BI & Tableau,Chennai,30k-50k,56,2025-12-09,34.2,5,N,,0
LD13793,Organic Search,Full Stack Development,Bengaluru,<15k,38,2026-05-03,11.7,1,N,,0
LD13794,Organic Search,Digital Marketing,Ahmedabad,50k+,78,2026-07-07,25.0,1,N,,0
LD13795,Organic Search,Digital Marketing,Mumbai,<15k,38,2026-06-05,2.9,4,N,,0
LD13796,Google Ads,Business Analytics,Delhi NCR,15k-30k,39,2026-05-18,15.8,3,N,,0
LD13797,Referral,Full Stack Development,Hyderabad,15k-30k,23,2026-02-09,47.6,2,N,,0
LD13798,Instagram Ads,Digital Marketing,Bengaluru,15k-30k,55,2026-07-17,21.1,4,N,,0
LD13799,Instagram Ads,Business Analytics,Ahmedabad,50k+,44,2026-03-31,20.7,4,Y,2026-04-02,64730
LD13800,Organic Search,Data Science Bootcamp,Ahmedabad,<15k,66,2026-03-31,4.4,3,N,,0
LD13801,Referral,Data Science Bootcamp,Delhi NCR,30k-50k,82,2025-12-03,27.4,5,N,,0
LD13802,Google Ads,Power BI & Tableau,Delhi NCR,50k+,62,2025-11-01,19.2,5,N,,0
LD13803,LinkedIn,Data Science Bootcamp,Delhi NCR,<15k,35,2026-04-11,6.1,3,N,,0
LD13804,Walk-in,Power BI & Tableau,Ahmedabad,50k+,34,2026-03-26,55.5,2,N,,0
LD13805,LinkedIn,Data Science Bootcamp,Kolkata,50k+,77,2026-07-16,44.5,2,N,,0
LD13806,Organic Search,Python for Data Analysis,Mumbai,<15k,44,2026-01-22,15.7,2,N,,0
LD13807,LinkedIn,Business Analytics,Pune,50k+,52,2026-05-23,26.3,2,N,,0
LD13808,LinkedIn,Full Stack Development,Bengaluru,50k+,36,2026-07-04,20.5,1,N,,0
LD13809,Instagram Ads,Full Stack Development,Bengaluru,30k-50k,87,2026-02-01,6.1,4,N,,0
LD13810,Instagram Ads,Power BI & Tableau,Bengaluru,30k-50k,41,2026-02-20,46.0,2,N,,0
LD13811,Referral,Power BI & Tableau,Delhi NCR,30k-50k,61,2026-04-25,12.7,1,N,,0
LD13812,Google Ads,Power BI & Tableau,Bengaluru,15k-30k,59,2026-03-19,1.1,2,N,,0
LD13813,Google Ads,Digital Marketing,Kolkata,50k+,46,2025-12-13,0.2,2,Y,2025-12-23,65317
LD13814,Google Ads,Full Stack Development,Hyderabad,<15k,70,2025-12-30,9.4,0,N,,0
LD13815,Google Ads,Power BI & Tableau,Delhi NCR,50k+,60,2026-06-15,22.5,5,N,,0
LD13816,Instagram Ads,Power BI & Tableau,Kolkata,50k+,47,2025-12-23,35.7,2,N,,0
LD13817,Referral,Power BI & Tableau,Pune,30k-50k,42,2025-12-19,1.7,5,Y,2025-12-21,40156
LD13818,Instagram Ads,Python for Data Analysis,Mumbai,50k+,60,2026-06-06,21.4,1,N,,0
LD13819,Instagram Ads,Business Analytics,Delhi NCR,<15k,37,2026-06-20,31.4,2,N,,0
LD13820,Google Ads,Full Stack Development,Hyderabad,30k-50k,51,2026-06-20,80.0,4,N,,0
LD13821,Instagram Ads,Business Analytics,Chennai,30k-50k,51,2026-07-12,64.5,2,Y,2026-07-14,39951
LD13822,Google Ads,Power BI & Tableau,Bengaluru,50k+,54,2026-07-29,15.8,2,N,,0
LD13823,Google Ads,Power BI & Tableau,Chennai,30k-50k,42,2026-03-05,6.1,4,N,,0
LD13824,Walk-in,Digital Marketing,Bengaluru,30k-50k,43,2026-03-30,21.5,2,N,,0
LD13825,Instagram Ads,Data Science Bootcamp,Chennai,30k-50k,35,2026-01-18,3.4,6,N,,0
LD13826,Organic Search,Digital Marketing,Ahmedabad,15k-30k,65,2025-11-18,33.5,2,N,,0
LD13827,Google Ads,Python for Data Analysis,Ahmedabad,<15k,42,2025-11-26,30.8,3,N,,0
LD13828,Google Ads,Data Science Bootcamp,Bengaluru,50k+,65,2026-05-17,15.5,2,Y,2026-05-23,65226
LD13829,Organic Search,Digital Marketing,Mumbai,50k+,84,2026-03-13,18.9,2,N,,0
LD13830,Organic Search,Python for Data Analysis,Hyderabad,<15k,76,2026-01-29,7.0,2,N,,0
LD13831,Google Ads,Digital Marketing,Hyderabad,30k-50k,28,2025-12-05,11.7,1,Y,2025-12-13,38535
LD13832,Instagram Ads,Python for Data Analysis,Delhi NCR,15k-30k,48,2026-04-27,8.6,4,N,,0
LD13833,Instagram Ads,Digital Marketing,Ahmedabad,30k-50k,49,2025-11-27,14.3,2,N,,0
LD13834,Walk-in,Business Analytics,Pune,15k-30k,60,2026-04-18,12.6,3,N,,0
LD13835,Organic Search,Business Analytics,Mumbai,<15k,68,2026-07-03,1.1,3,N,,0
LD13836,Instagram Ads,Data Science Bootcamp,Pune,<15k,77,2026-01-25,15.3,3,N,,0
LD13837,Google Ads,Full Stack Development,Chennai,50k+,37,2026-03-03,2.9,4,N,,0
LD13838,Google Ads,Data Science Bootcamp,Bengaluru,15k-30k,37,2026-04-17,1.5,2,N,,0
LD13839,Google Ads,Full Stack Development,Delhi NCR,30k-50k,70,2026-01-22,1.3,4,N,,0
LD13840,Organic Search,Data Science Bootcamp,Bengaluru,30k-50k,32,2026-04-08,24.3,4,N,,0
LD13841,Instagram Ads,Power BI & Tableau,Chennai,15k-30k,51,2026-04-03,44.1,3,N,,0
LD13842,Google Ads,Data Science Bootcamp,Ahmedabad,<15k,65,2026-02-07,29.6,5,N,,0
LD13843,Organic Search,Data Science Bootcamp,Mumbai,<15k,32,2026-01-25,4.1,2,N,,0
LD13844,LinkedIn,Business Analytics,Chennai,30k-50k,49,2026-02-24,40.3,3,N,,0
LD13845,LinkedIn,Full Stack Development,Hyderabad,50k+,82,2025-11-01,24.8,6,N,,0
LD13846,Referral,Full Stack Development,Delhi NCR,50k+,72,2026-01-06,6.4,2,Y,2026-01-07,70501
LD13847,Organic Search,Business Analytics,Chennai,<15k,42,2025-12-30,54.6,3,N,,0
LD13848,Google Ads,Power BI & Tableau,Chennai,30k-50k,9,2026-05-20,1.5,3,N,,0
LD13849,Instagram Ads,Python for Data Analysis,Ahmedabad,30k-50k,49,2026-02-27,14.7,4,N,,0
LD13850,Google Ads,Digital Marketing,Pune,<15k,57,2026-06-17,4.2,4,N,,0
LD13851,Organic Search,Digital Marketing,Delhi NCR,<15k,81,2025-12-06,8.3,3,Y,2025-12-14,11046
LD13852,Instagram Ads,Business Analytics,Hyderabad,<15k,35,2026-05-19,23.2,5,Y,2026-05-21,11371
LD13853,Google Ads,Power BI & Tableau,Chennai,15k-30k,53,2026-06-27,51.7,5,N,,0
LD13854,Instagram Ads,Power BI & Tableau,Mumbai,30k-50k,75,2026-03-06,9.8,3,N,,0
LD13855,Instagram Ads,Python for Data Analysis,Pune,<15k,47,2026-02-05,52.4,3,N,,0
LD13856,Instagram Ads,Python for Data Analysis,Hyderabad,<15k,40,2026-01-22,20.4,4,N,,0
LD13857,Google Ads,Business Analytics,Hyderabad,50k+,15,2026-03-30,7.6,3,N,,0
LD13858,Walk-in,Power BI & Tableau,Ahmedabad,<15k,49,2025-12-17,6.9,3,N,,0
LD13859,Google Ads,Full Stack Development,Chennai,50k+,53,2026-04-14,19.1,5,N,,0
LD13860,Instagram Ads,Digital Marketing,Delhi NCR,15k-30k,53,2026-06-17,22.4,1,N,,0
LD13861,Organic Search,Business Analytics,Mumbai,30k-50k,75,2026-06-22,10.8,1,Y,2026-06-28,43693
LD13862,Referral,Digital Marketing,Ahmedabad,15k-30k,52,2025-12-08,10.4,8,N,,0
LD13863,Organic Search,Digital Marketing,Mumbai,<15k,72,2026-03-27,31.2,0,N,,0
LD13864,Organic Search,Python for Data Analysis,Chennai,50k+,69,2026-01-10,0.8,4,N,,0
LD13865,Organic Search,Data Science Bootcamp,Hyderabad,30k-50k,73,2026-06-29,17.4,0,N,,0
LD13866,Organic Search,Digital Marketing,Mumbai,50k+,69,2025-11-20,10.1,8,Y,2025-11-26,66011
LD13867,Instagram Ads,Python for Data Analysis,Mumbai,50k+,47,2025-11-20,46.1,3,N,,0
LD13868,Referral,Power BI & Tableau,Mumbai,15k-30k,69,2025-11-05,15.8,2,N,,0
LD13869,Organic Search,Python for Data Analysis,Delhi NCR,15k-30k,37,2026-03-18,10.2,1,Y,2026-03-26,20713
LD13870,Referral,Digital Marketing,Chennai,30k-50k,91,2025-11-08,6.6,4,N,,0
LD13871,Google Ads,Data Science Bootcamp,Kolkata,<15k,26,2026-04-07,2.1,5,N,,0
LD13872,Google Ads,Python for Data Analysis,Ahmedabad,15k-30k,68,2026-02-18,35.9,2,N,,0
LD13873,Referral,Full Stack Development,Pune,15k-30k,74,2026-04-10,25.9,3,N,,0
LD13874,Walk-in,Python for Data Analysis,Pune,<15k,77,2026-07-05,23.4,2,Y,2026-07-23,10976
LD13875,Organic Search,Data Science Bootcamp,Delhi NCR,50k+,54,2026-03-30,23.6,5,N,,0
LD13876,Organic Search,Power BI & Tableau,Hyderabad,50k+,15,2026-03-28,4.3,1,N,,0
LD13877,Referral,Business Analytics,Kolkata,<15k,24,2026-07-30,10.1,4,N,,0
LD13878,Google Ads,Data Science Bootcamp,Hyderabad,15k-30k,70,2026-03-08,3.4,2,N,,0
LD13879,Google Ads,Business Analytics,Kolkata,50k+,100,2026-05-30,2.5,4,N,,0
LD13880,Organic Search,Digital Marketing,Kolkata,15k-30k,66,2026-02-07,20.9,2,N,,0
LD13881,Instagram Ads,Full Stack Development,Delhi NCR,15k-30k,45,2025-12-30,48.6,3,N,,0
LD13882,Walk-in,Data Science Bootcamp,Chennai,30k-50k,37,2026-05-29,14.7,1,N,,0
LD13883,Instagram Ads,Power BI & Tableau,Bengaluru,<15k,43,2026-05-19,42.6,2,N,,0
LD13884,Instagram Ads,Data Science Bootcamp,Ahmedabad,30k-50k,48,2026-01-18,26.1,4,N,,0
LD13885,LinkedIn,Python for Data Analysis,Kolkata,50k+,26,2026-03-06,13.9,4,N,,0
LD13886,Google Ads,Digital Marketing,Pune,50k+,43,2026-03-19,19.1,5,N,,0
LD13887,Instagram Ads,Full Stack Development,Hyderabad,15k-30k,48,2026-02-16,5.4,3,N,,0
LD13888,LinkedIn,Business Analytics,Chennai,<15k,46,2026-03-17,7.1,4,N,,0
LD13889,Referral,Full Stack Development,Kolkata,50k+,65,2026-04-29,27.4,2,Y,2026-05-10,61074
LD13890,Organic Search,Digital Marketing,Pune,50k+,100,2026-06-19,0.3,1,Y,2026-06-22,60547
LD13891,Google Ads,Power BI & Tableau,Hyderabad,30k-50k,61,2026-06-08,6.0,4,N,,0
LD13892,Organic Search,Business Analytics,Ahmedabad,30k-50k,45,2026-04-16,8.4,2,N,,0
LD13893,Walk-in,Digital Marketing,Kolkata,<15k,63,2025-12-15,18.7,1,N,,0
LD13894,Organic Search,Digital Marketing,Kolkata,30k-50k,46,2026-03-20,85.9,1,N,,0
LD13895,Organic Search,Digital Marketing,Pune,15k-30k,83,2026-03-01,28.4,2,N,,0
LD13896,LinkedIn,Data Science Bootcamp,Kolkata,15k-30k,32,2025-12-18,4.5,0,N,,0
LD13897,Organic Search,Power BI & Tableau,Chennai,30k-50k,38,2026-07-16,7.7,3,N,,0
LD13898,Referral,Data Science Bootcamp,Delhi NCR,30k-50k,85,2026-04-29,7.7,1,N,,0
LD13899,Referral,Business Analytics,Delhi NCR,<15k,42,2026-07-22,29.0,2,N,,0
LD13900,Organic Search,Digital Marketing,Ahmedabad,50k+,20,2026-05-19,27.5,1,N,,0
LD13901,Instagram Ads,Business Analytics,Delhi NCR,15k-30k,67,2026-03-11,15.7,5,N,,0
LD13902,Google Ads,Digital Marketing,Mumbai,<15k,38,2026-02-05,10.9,2,N,,0
LD13903,Instagram Ads,Full Stack Development,Pune,30k-50k,62,2025-12-29,20.9,7,N,,0
LD13904,Instagram Ads,Data Science Bootcamp,Pune,15k-30k,69,2026-03-13,5.4,6,N,,0
LD13905,Walk-in,Data Science Bootcamp,Mumbai,<15k,67,2025-11-17,7.3,1,N,,0
LD13906,Referral,Data Science Bootcamp,Bengaluru,50k+,48,2026-02-08,46.0,4,N,,0
LD13907,Organic Search,Digital Marketing,Delhi NCR,15k-30k,88,2025-11-11,3.8,2,Y,2025-11-13,22058
LD13908,Walk-in,Power BI & Tableau,Ahmedabad,50k+,98,2025-12-26,37.7,4,N,,0
LD13909,Instagram Ads,Power BI & Tableau,Ahmedabad,15k-30k,54,2026-07-05,51.8,1,N,,0
LD13910,Instagram Ads,Digital Marketing,Hyderabad,<15k,71,2026-02-06,15.6,1,N,,0
LD13911,LinkedIn,Python for Data Analysis,Ahmedabad,50k+,86,2026-03-08,2.1,3,Y,2026-03-21,69696
LD13912,Instagram Ads,Digital Marketing,Pune,<15k,75,2026-03-04,16.6,1,N,,0
LD13913,Walk-in,Digital Marketing,Chennai,<15k,59,2025-11-12,14.6,2,N,,0
LD13914,Instagram Ads,Data Science Bootcamp,Hyderabad,15k-30k,47,2026-07-25,17.1,3,N,,0
LD13915,LinkedIn,Digital Marketing,Chennai,15k-30k,59,2026-01-27,6.9,2,N,,0
LD13916,LinkedIn,Digital Marketing,Hyderabad,50k+,77,2026-05-11,29.2,2,N,,0
LD13917,Organic Search,Full Stack Development,Bengaluru,30k-50k,48,2026-03-22,3.3,4,N,,0
LD13918,Google Ads,Python for Data Analysis,Chennai,<15k,74,2026-06-14,9.7,2,N,,0
LD13919,Walk-in,Business Analytics,Bengaluru,<15k,49,2026-06-15,49.0,3,N,,0
LD13920,Walk-in,Business Analytics,Kolkata,15k-30k,41,2026-01-10,10.3,4,N,,0
LD13921,Walk-in,Business Analytics,Delhi NCR,15k-30k,91,2026-03-28,17.7,3,N,,0
LD13922,Google Ads,Python for Data Analysis,Ahmedabad,15k-30k,68,2025-12-17,88.9,4,N,,0
LD13923,Referral,Business Analytics,Delhi NCR,50k+,68,2026-04-27,28.6,5,Y,2026-04-29,59931
LD13924,LinkedIn,Business Analytics,Hyderabad,15k-30k,45,2026-02-07,2.1,1,N,,0
LD13925,LinkedIn,Power BI & Tableau,Bengaluru,15k-30k,49,2026-04-27,9.8,2,N,,0
LD13926,Google Ads,Python for Data Analysis,Ahmedabad,<15k,34,2026-06-16,33.7,2,N,,0
LD13927,Instagram Ads,Power BI & Tableau,Pune,15k-30k,51,2026-03-21,7.8,3,N,,0
LD13928,Google Ads,Data Science Bootcamp,Delhi NCR,50k+,14,2026-02-10,8.5,1,N,,0
LD13929,Instagram Ads,Power BI & Tableau,Mumbai,50k+,47,2026-07-05,6.1,3,N,,0
LD13930,Referral,Full Stack Development,Ahmedabad,30k-50k,54,2026-03-20,21.7,5,Y,2026-03-23,36738
LD13931,Google Ads,Power BI & Tableau,Delhi NCR,15k-30k,61,2026-02-04,16.9,3,N,,0
LD13932,Instagram Ads,Business Analytics,Ahmedabad,30k-50k,50,2026-06-24,9.4,5,N,,0
LD13933,Walk-in,Python for Data Analysis,Chennai,50k+,53,2026-03-12,8.9,4,N,,0
LD13934,Referral,Power BI & Tableau,Delhi NCR,50k+,24,2026-03-11,3.9,1,N,,0
LD13935,Referral,Data Science Bootcamp,Hyderabad,15k-30k,67,2026-04-13,16.6,3,N,,0
LD13936,Google Ads,Digital Marketing,Ahmedabad,50k+,38,2026-03-17,7.1,4,N,,0
LD13937,Referral,Digital Marketing,Kolkata,15k-30k,59,2025-12-07,15.0,3,N,,0
LD13938,Instagram Ads,Data Science Bootcamp,Ahmedabad,15k-30k,73,2025-12-15,36.6,2,N,,0
LD13939,Referral,Digital Marketing,Chennai,<15k,100,2025-11-21,3.2,4,N,,0
LD13940,Walk-in,Full Stack Development,Pune,50k+,61,2026-04-24,13.2,1,N,,0
LD13941,Google Ads,Python for Data Analysis,Kolkata,50k+,94,2025-12-27,3.8,0,Y,2026-01-03,70875
LD13942,Walk-in,Full Stack Development,Bengaluru,15k-30k,81,2025-12-21,39.5,2,N,,0
LD13943,Referral,Digital Marketing,Mumbai,30k-50k,24,2026-02-06,34.2,3,N,,0
LD13944,Google Ads,Python for Data Analysis,Chennai,<15k,49,2026-05-14,13.7,2,N,,0
LD13945,Instagram Ads,Digital Marketing,Kolkata,30k-50k,63,2025-12-02,0.0,3,N,,0
LD13946,Google Ads,Python for Data Analysis,Kolkata,50k+,46,2026-01-01,19.8,2,N,,0
LD13947,Instagram Ads,Python for Data Analysis,Bengaluru,30k-50k,79,2026-06-09,8.9,4,N,,0
LD13948,Google Ads,Digital Marketing,Mumbai,50k+,67,2026-05-15,3.0,4,N,,0
LD13949,Google Ads,Digital Marketing,Delhi NCR,<15k,18,2026-03-11,52.0,5,N,,0
LD13950,Walk-in,Python for Data Analysis,Mumbai,50k+,40,2026-03-10,2.4,3,N,,0
LD13951,LinkedIn,Power BI & Tableau,Mumbai,15k-30k,58,2025-12-27,13.0,0,N,,0
LD13952,Instagram Ads,Full Stack Development,Chennai,<15k,36,2025-12-14,26.6,3,N,,0
LD13953,Organic Search,Business Analytics,Bengaluru,<15k,50,2026-06-15,29.5,6,N,,0
LD13954,Instagram Ads,Python for Data Analysis,Chennai,<15k,58,2025-11-06,12.4,2,N,,0
LD13955,LinkedIn,Digital Marketing,Bengaluru,<15k,100,2025-11-11,32.1,4,N,,0
LD13956,Instagram Ads,Power BI & Tableau,Chennai,15k-30k,53,2026-04-05,2.5,3,N,,0
LD13957,Instagram Ads,Power BI & Tableau,Pune,15k-30k,78,2025-12-13,60.2,0,N,,0
LD13958,Instagram Ads,Power BI & Tableau,Mumbai,50k+,31,2026-04-20,1.4,5,Y,2026-05-06,59833
LD13959,Walk-in,Digital Marketing,Chennai,15k-30k,65,2025-11-10,3.2,5,Y,2025-11-13,24195
LD13960,Google Ads,Digital Marketing,Mumbai,50k+,45,2026-04-05,9.9,4,N,,0
LD13961,Google Ads,Power BI & Tableau,Bengaluru,15k-30k,25,2025-11-15,21.7,0,N,,0
LD13962,Organic Search,Data Science Bootcamp,Hyderabad,<15k,30,2026-01-09,6.2,3,N,,0
LD13963,Instagram Ads,Power BI & Tableau,Ahmedabad,50k+,89,2025-12-19,17.4,4,Y,2025-12-30,71233
LD13964,Instagram Ads,Data Science Bootcamp,Delhi NCR,15k-30k,53,2026-07-19,31.1,2,N,,0
LD13965,Referral,Digital Marketing,Mumbai,<15k,32,2026-04-12,0.4,3,N,,0
LD13966,Instagram Ads,Full Stack Development,Bengaluru,15k-30k,45,2026-04-02,17.3,3,N,,0
LD13967,Google Ads,Digital Marketing,Kolkata,<15k,16,2025-11-05,31.0,5,N,,0
LD13968,Referral,Full Stack Development,Pune,50k+,72,2026-05-15,18.6,3,N,,0
LD13969,Google Ads,Full Stack Development,Hyderabad,30k-50k,55,2026-04-29,25.9,1,N,,0
LD13970,Google Ads,Data Science Bootcamp,Kolkata,<15k,100,2026-01-16,0.6,0,Y,2026-01-23,12872
LD13971,Instagram Ads,Data Science Bootcamp,Pune,<15k,60,2025-11-23,0.6,3,N,,0
LD13972,Walk-in,Data Science Bootcamp,Mumbai,50k+,56,2026-03-02,10.3,2,N,,0
LD13973,Google Ads,Power BI & Tableau,Chennai,30k-50k,41,2026-07-29,6.9,3,N,,0
LD13974,Instagram Ads,Python for Data Analysis,Delhi NCR,<15k,75,2026-06-24,28.2,2,N,,0
LD13975,Referral,Digital Marketing,Mumbai,50k+,90,2025-12-16,14.3,3,N,,0
LD13976,Instagram Ads,Data Science Bootcamp,Ahmedabad,30k-50k,23,2026-06-14,4.3,1,N,,0
LD13977,Instagram Ads,Python for Data Analysis,Kolkata,30k-50k,66,2026-04-13,7.3,3,N,,0
LD13978,Google Ads,Data Science Bootcamp,Kolkata,15k-30k,64,2026-06-04,31.2,2,Y,2026-06-13,23957
LD13979,Organic Search,Power BI & Tableau,Ahmedabad,30k-50k,64,2026-06-11,32.1,6,N,,0
LD13980,Google Ads,Digital Marketing,Kolkata,15k-30k,38,2025-12-19,31.9,2,N,,0
LD13981,Organic Search,Data Science Bootcamp,Kolkata,50k+,27,2026-04-29,12.2,6,N,,0
LD13982,LinkedIn,Digital Marketing,Ahmedabad,<15k,35,2026-01-11,8.3,5,N,,0
LD13983,Instagram Ads,Business Analytics,Kolkata,<15k,85,2026-05-16,6.2,2,N,,0
LD13984,Google Ads,Business Analytics,Chennai,50k+,38,2026-02-01,11.2,2,N,,0
LD13985,Instagram Ads,Python for Data Analysis,Delhi NCR,<15k,65,2026-03-03,8.5,5,N,,0
LD13986,Instagram Ads,Digital Marketing,Hyderabad,15k-30k,5,2026-04-10,2.4,0,N,,0
LD13987,Walk-in,Data Science Bootcamp,Mumbai,15k-30k,37,2026-01-01,2.2,1,N,,0
LD13988,Referral,Python for Data Analysis,Hyderabad,15k-30k,33,2026-02-13,20.6,2,N,,0
LD13989,Google Ads,Business Analytics,Ahmedabad,50k+,86,2025-11-29,8.5,8,N,,0
LD13990,Google Ads,Power BI & Tableau,Bengaluru,15k-30k,59,2025-12-25,29.1,3,N,,0
LD13991,Referral,Python for Data Analysis,Kolkata,30k-50k,55,2026-06-22,43.1,0,N,,0
LD13992,LinkedIn,Digital Marketing,Pune,30k-50k,81,2026-03-17,37.5,3,N,,0
LD13993,Organic Search,Data Science Bootcamp,Kolkata,30k-50k,23,2026-02-22,3.0,4,Y,2026-02-25,39036
LD13994,Instagram Ads,Data Science Bootcamp,Mumbai,30k-50k,40,2025-12-10,15.0,1,N,,0
LD13995,Organic Search,Power BI & Tableau,Ahmedabad,50k+,65,2025-11-26,32.4,5,N,,0
LD13996,Referral,Digital Marketing,Chennai,15k-30k,89,2026-03-09,88.9,3,N,,0
LD13997,Organic Search,Python for Data Analysis,Hyderabad,50k+,70,2026-04-16,4.3,2,N,,0
LD13998,Organic Search,Data Science Bootcamp,Hyderabad,50k+,55,2025-11-10,0.5,6,N,,0
LD13999,Instagram Ads,Python for Data Analysis,Bengaluru,15k-30k,77,2026-06-01,12.4,5,N,,0
LD14000,Instagram Ads,Business Analytics,Pune,<15k,70,2026-03-17,12.6,3,N,,0
LD14001,Instagram Ads,Business Analytics,Hyderabad,50k+,57,2025-12-02,50.5,6,N,,0
LD14002,LinkedIn,Data Science Bootcamp,Ahmedabad,50k+,68,2026-03-11,14.3,3,N,,0
LD14003,Walk-in,Business Analytics,Pune,50k+,32,2025-12-05,6.3,2,N,,0
LD14004,Referral,Full Stack Development,Kolkata,50k+,76,2026-04-13,9.7,3,N,,0
LD14005,Google Ads,Data Science Bootcamp,Hyderabad,30k-50k,46,2026-06-13,1.8,4,N,,0
LD14006,Referral,Python for Data Analysis,Delhi NCR,30k-50k,45,2026-07-02,17.8,0,N,,0
LD14007,LinkedIn,Power BI & Tableau,Chennai,30k-50k,47,2026-05-30,59.8,2,N,,0
LD14008,Google Ads,Power BI & Tableau,Pune,15k-30k,62,2026-04-26,16.2,2,N,,0
LD14009,LinkedIn,Digital Marketing,Chennai,15k-30k,53,2026-03-22,16.1,2,N,,0
LD14010,Google Ads,Power BI & Tableau,Ahmedabad,30k-50k,21,2026-02-09,2.4,3,N,,0
LD14011,Organic Search,Python for Data Analysis,Chennai,15k-30k,57,2025-11-11,4.7,1,N,,0
LD14012,Google Ads,Full Stack Development,Pune,15k-30k,42,2026-03-24,12.1,4,N,,0
LD14013,LinkedIn,Power BI & Tableau,Bengaluru,50k+,52,2026-01-01,1.7,1,N,,0
LD14014,Google Ads,Digital Marketing,Pune,50k+,69,2026-06-07,2.4,5,N,,0
LD14015,Organic Search,Business Analytics,Hyderabad,50k+,46,2026-06-03,5.8,0,N,,0
LD14016,Walk-in,Data Science Bootcamp,Mumbai,30k-50k,52,2026-02-12,23.9,2,N,,0
LD14017,Referral,Business Analytics,Ahmedabad,<15k,50,2026-04-09,20.6,2,N,,0
LD14018,Google Ads,Digital Marketing,Bengaluru,<15k,83,2026-05-21,4.4,3,N,,0
LD14019,Referral,Power BI & Tableau,Pune,50k+,28,2026-05-26,4.9,2,N,,0
LD14020,Google Ads,Data Science Bootcamp,Mumbai,30k-50k,55,2026-05-09,6.1,2,N,,0
LD14021,LinkedIn,Digital Marketing,Mumbai,<15k,32,2025-11-26,44.2,3,N,,0
LD14022,Google Ads,Digital Marketing,Kolkata,30k-50k,29,2025-12-06,9.5,2,N,,0
LD14023,Google Ads,Power BI & Tableau,Chennai,30k-50k,54,2026-03-10,1.1,2,Y,2026-03-15,43889
LD14024,Referral,Power BI & Tableau,Delhi NCR,50k+,56,2026-01-02,7.9,0,N,,0
LD14025,Instagram Ads,Power BI & Tableau,Hyderabad,15k-30k,65,2026-06-22,18.8,2,N,,0
LD14026,Instagram Ads,Power BI & Tableau,Hyderabad,15k-30k,84,2026-01-16,19.0,1,N,,0
LD14027,LinkedIn,Full Stack Development,Delhi NCR,15k-30k,78,2026-06-27,7.0,6,N,,0
LD14028,Instagram Ads,Business Analytics,Hyderabad,30k-50k,51,2026-02-19,38.1,3,N,,0
LD14029,Google Ads,Business Analytics,Chennai,50k+,84,2025-12-21,1.6,1,N,,0
LD14030,Instagram Ads,Power BI & Tableau,Ahmedabad,30k-50k,76,2026-05-12,1.9,3,N,,0
LD14031,Organic Search,Business Analytics,Bengaluru,15k-30k,36,2026-06-03,10.6,6,N,,0
LD14032,Referral,Business Analytics,Hyderabad,15k-30k,7,2026-04-06,3.4,3,N,,0
LD14033,Google Ads,Power BI & Tableau,Pune,15k-30k,58,2025-12-02,12.7,2,N,,0
LD14034,Google Ads,Business Analytics,Bengaluru,50k+,92,2025-11-01,11.1,1,N,,0
LD14035,Referral,Digital Marketing,Bengaluru,<15k,44,2026-04-27,24.6,3,N,,0
LD14036,LinkedIn,Business Analytics,Kolkata,50k+,50,2026-05-06,9.7,1,N,,0
LD14037,LinkedIn,Full Stack Development,Chennai,50k+,56,2026-01-25,5.6,2,Y,2026-01-26,59863
LD14038,Google Ads,Digital Marketing,Mumbai,<15k,48,2026-02-06,19.9,3,N,,0
LD14039,Instagram Ads,Power BI & Tableau,Kolkata,50k+,24,2025-12-12,1.4,4,N,,0
LD14040,Walk-in,Python for Data Analysis,Chennai,50k+,49,2026-04-26,30.4,0,N,,0
LD14041,Instagram Ads,Digital Marketing,Hyderabad,30k-50k,38,2026-01-08,0.7,1,N,,0
LD14042,Organic Search,Power BI & Tableau,Pune,15k-30k,22,2026-06-21,2.7,3,N,,0
LD14043,Google Ads,Full Stack Development,Pune,30k-50k,63,2026-02-23,8.2,3,N,,0
LD14044,Organic Search,Python for Data Analysis,Ahmedabad,50k+,49,2026-02-07,7.7,4,Y,2026-02-25,70054
LD14045,Referral,Full Stack Development,Hyderabad,30k-50k,80,2026-01-14,12.2,3,N,,0
LD14046,Organic Search,Power BI & Tableau,Chennai,50k+,97,2026-05-04,38.2,2,N,,0
LD14047,LinkedIn,Business Analytics,Chennai,<15k,78,2026-05-25,1.4,2,N,,0
LD14048,LinkedIn,Python for Data Analysis,Kolkata,30k-50k,78,2026-02-20,1.5,2,Y,2026-03-02,43155
LD14049,Organic Search,Business Analytics,Kolkata,15k-30k,57,2026-06-01,28.3,3,N,,0
LD14050,Instagram Ads,Digital Marketing,Bengaluru,15k-30k,23,2026-03-11,19.2,0,N,,0
LD14051,Organic Search,Business Analytics,Chennai,50k+,72,2026-02-09,2.9,4,Y,2026-02-14,63816
LD14052,Google Ads,Power BI & Tableau,Bengaluru,15k-30k,17,2026-03-31,2.0,3,N,,0
LD14053,Organic Search,Power BI & Tableau,Chennai,30k-50k,43,2026-01-08,2.2,3,Y,2026-01-14,41516
LD14054,Google Ads,Data Science Bootcamp,Delhi NCR,30k-50k,76,2026-01-22,33.9,4,N,,0
LD14055,LinkedIn,Power BI & Tableau,Delhi NCR,<15k,64,2026-02-02,23.7,5,N,,0
LD14056,Instagram Ads,Data Science Bootcamp,Ahmedabad,30k-50k,50,2026-05-11,11.8,2,N,,0
LD14057,Google Ads,Python for Data Analysis,Delhi NCR,<15k,58,2026-05-19,29.4,3,N,,0
LD14058,Organic Search,Digital Marketing,Bengaluru,<15k,55,2026-06-21,0.6,0,Y,2026-07-25,13150
LD14059,Google Ads,Full Stack Development,Ahmedabad,50k+,81,2026-04-28,6.2,1,N,,0
LD14060,Organic Search,Python for Data Analysis,Ahmedabad,15k-30k,40,2026-05-23,18.7,4,N,,0
LD14061,Walk-in,Full Stack Development,Bengaluru,<15k,63,2026-03-01,15.7,1,N,,0
LD14062,Walk-in,Digital Marketing,Pune,<15k,62,2026-05-09,16.0,2,N,,0
LD14063,Instagram Ads,Full Stack Development,Pune,15k-30k,27,2025-12-14,16.7,2,N,,0
LD14064,Instagram Ads,Data Science Bootcamp,Hyderabad,50k+,38,2025-12-28,2.5,7,N,,0
LD14065,Organic Search,Data Science Bootcamp,Bengaluru,50k+,55,2026-02-17,7.5,2,N,,0
LD14066,Walk-in,Digital Marketing,Delhi NCR,<15k,17,2026-01-31,16.2,5,N,,0
LD14067,Google Ads,Business Analytics,Chennai,<15k,49,2026-03-30,30.0,5,N,,0
LD14068,Google Ads,Full Stack Development,Pune,30k-50k,38,2026-05-09,3.7,0,N,,0
LD14069,Walk-in,Power BI & Tableau,Bengaluru,30k-50k,57,2026-05-11,45.3,4,N,,0
LD14070,Walk-in,Full Stack Development,Kolkata,50k+,77,2025-12-13,4.4,3,Y,2025-12-22,60772
LD14071,Instagram Ads,Full Stack Development,Hyderabad,<15k,27,2026-07-21,14.6,6,N,,0
LD14072,Google Ads,Business Analytics,Delhi NCR,15k-30k,39,2025-11-01,7.9,4,N,,0
LD14073,Instagram Ads,Data Science Bootcamp,Ahmedabad,15k-30k,49,2025-11-24,27.9,3,N,,0
LD14074,Referral,Data Science Bootcamp,Mumbai,30k-50k,54,2025-12-09,2.9,2,Y,2025-12-13,36282
LD14075,Instagram Ads,Full Stack Development,Pune,50k+,61,2026-07-10,7.0,3,N,,0
LD14076,Walk-in,Full Stack Development,Delhi NCR,<15k,37,2026-02-26,0.1,3,N,,0
LD14077,Google Ads,Digital Marketing,Hyderabad,30k-50k,47,2025-11-17,1.4,3,Y,2025-11-20,39742
LD14078,Organic Search,Digital Marketing,Hyderabad,50k+,76,2025-12-30,8.7,2,N,,0
LD14079,Google Ads,Power BI & Tableau,Hyderabad,50k+,44,2025-11-21,29.7,2,N,,0
LD14080,Instagram Ads,Data Science Bootcamp,Pune,<15k,60,2025-11-10,12.6,3,N,,0
LD14081,Referral,Full Stack Development,Pune,<15k,13,2026-02-12,12.3,4,N,,0
LD14082,LinkedIn,Digital Marketing,Pune,<15k,100,2026-07-26,10.8,2,N,,0
LD14083,Referral,Data Science Bootcamp,Chennai,15k-30k,49,2026-04-16,19.3,5,Y,2026-04-23,21192
LD14084,Organic Search,Python for Data Analysis,Mumbai,<15k,42,2026-03-22,0.8,2,N,,0
LD14085,Walk-in,Digital Marketing,Pune,15k-30k,100,2026-05-13,6.0,4,Y,2026-05-15,23247
LD14086,Instagram Ads,Digital Marketing,Kolkata,<15k,92,2026-04-12,12.1,2,N,,0
LD14087,Instagram Ads,Full Stack Development,Pune,30k-50k,32,2026-07-16,5.5,3,N,,0
LD14088,Walk-in,Digital Marketing,Chennai,15k-30k,84,2026-06-11,78.0,3,N,,0
LD14089,Google Ads,Python for Data Analysis,Mumbai,15k-30k,40,2026-04-23,6.3,6,N,,0
LD14090,Google Ads,Digital Marketing,Pune,15k-30k,39,2026-02-27,2.9,9,N,,0
LD14091,Google Ads,Digital Marketing,Ahmedabad,30k-50k,80,2025-12-25,49.3,5,N,,0
LD14092,LinkedIn,Digital Marketing,Ahmedabad,<15k,47,2026-04-28,5.3,3,N,,0
LD14093,Instagram Ads,Digital Marketing,Chennai,30k-50k,69,2026-06-07,8.1,6,Y,2026-06-10,37846
LD14094,Instagram Ads,Full Stack Development,Pune,50k+,14,2026-01-17,18.3,4,N,,0
LD14095,Instagram Ads,Data Science Bootcamp,Pune,50k+,67,2025-11-09,2.0,4,N,,0
LD14096,Walk-in,Power BI & Tableau,Kolkata,15k-30k,86,2026-04-12,16.6,1,N,,0
LD14097,Google Ads,Digital Marketing,Mumbai,30k-50k,0,2026-03-20,43.4,2,N,,0
LD14098,Google Ads,Digital Marketing,Hyderabad,30k-50k,54,2026-01-02,67.6,6,N,,0
LD14099,Instagram Ads,Power BI & Tableau,Delhi NCR,15k-30k,58,2025-12-16,17.6,4,N,,0
LD14100,Walk-in,Business Analytics,Delhi NCR,50k+,79,2025-11-09,6.0,2,Y,2025-11-21,61577
LD14101,Google Ads,Data Science Bootcamp,Pune,<15k,74,2026-01-04,17.9,6,N,,0
LD14102,Google Ads,Python for Data Analysis,Ahmedabad,15k-30k,31,2025-10-31,35.9,3,N,,0
LD14103,Organic Search,Power BI & Tableau,Chennai,30k-50k,89,2025-12-12,17.3,1,N,,0
LD14104,Google Ads,Power BI & Tableau,Bengaluru,50k+,51,2026-07-30,2.2,3,N,,0
LD14105,Organic Search,Digital Marketing,Chennai,<15k,78,2026-05-31,60.2,9,N,,0
LD14106,Google Ads,Data Science Bootcamp,Kolkata,15k-30k,68,2026-02-04,8.1,3,N,,0
LD14107,Google Ads,Python for Data Analysis,Chennai,30k-50k,27,2026-02-15,6.2,2,N,,0
LD14108,Google Ads,Full Stack Development,Pune,<15k,51,2026-04-08,7.6,3,N,,0
LD14109,LinkedIn,Digital Marketing,Pune,30k-50k,39,2026-03-21,16.9,0,N,,0
LD14110,Google Ads,Python for Data Analysis,Bengaluru,15k-30k,59,2026-05-20,32.7,4,N,,0
LD14111,Google Ads,Python for Data Analysis,Kolkata,50k+,92,2025-11-18,3.3,2,N,,0
LD14112,Organic Search,Full Stack Development,Ahmedabad,50k+,68,2025-11-24,2.2,3,Y,2025-12-14,71285
LD14113,LinkedIn,Business Analytics,Chennai,30k-50k,53,2026-01-16,1.4,3,Y,2026-01-25,42566
LD14114,Organic Search,Power BI & Tableau,Ahmedabad,30k-50k,26,2026-06-14,10.4,2,N,,0
LD14115,Instagram Ads,Full Stack Development,Delhi NCR,50k+,46,2026-07-07,1.8,4,N,,0
LD14116,Instagram Ads,Data Science Bootcamp,Hyderabad,15k-30k,32,2026-02-03,20.2,5,N,,0
LD14117,Organic Search,Python for Data Analysis,Delhi NCR,50k+,68,2026-07-20,5.1,4,Y,2026-07-21,62465
LD14118,Google Ads,Power BI & Tableau,Bengaluru,50k+,83,2026-01-14,5.8,4,N,,0
LD14119,Walk-in,Business Analytics,Delhi NCR,15k-30k,52,2026-04-14,3.9,3,N,,0
LD14120,LinkedIn,Power BI & Tableau,Pune,15k-30k,88,2025-12-23,13.4,1,N,,0
LD14121,LinkedIn,Business Analytics,Bengaluru,30k-50k,43,2026-07-11,2.4,5,N,,0
LD14122,Organic Search,Data Science Bootcamp,Pune,30k-50k,47,2026-04-05,3.3,2,N,,0
LD14123,Instagram Ads,Digital Marketing,Kolkata,50k+,67,2026-01-10,20.5,3,N,,0
LD14124,Referral,Business Analytics,Bengaluru,50k+,72,2026-02-19,1.8,5,N,,0
LD14125,Google Ads,Full Stack Development,Mumbai,15k-30k,30,2025-11-29,0.3,1,N,,0
LD14126,LinkedIn,Business Analytics,Delhi NCR,30k-50k,85,2025-11-19,24.7,4,N,,0
LD14127,Instagram Ads,Data Science Bootcamp,Mumbai,15k-30k,75,2026-01-19,34.5,7,N,,0
LD14128,Google Ads,Business Analytics,Hyderabad,50k+,62,2026-07-16,17.4,1,N,,0
LD14129,Instagram Ads,Full Stack Development,Pune,15k-30k,61,2026-06-07,7.1,4,N,,0
LD14130,Google Ads,Full Stack Development,Bengaluru,30k-50k,74,2026-07-19,28.1,3,N,,0
LD14131,Organic Search,Python for Data Analysis,Chennai,15k-30k,42,2026-06-27,18.8,2,N,,0
LD14132,Referral,Data Science Bootcamp,Kolkata,50k+,45,2026-06-09,15.9,5,Y,2026-06-17,64825
LD14133,Organic Search,Full Stack Development,Ahmedabad,15k-30k,42,2026-04-05,10.0,2,N,,0
LD14134,Google Ads,Full Stack Development,Ahmedabad,50k+,38,2026-05-08,12.5,7,N,,0
LD14135,Organic Search,Full Stack Development,Hyderabad,15k-30k,48,2026-07-21,17.5,3,N,,0
LD14136,Organic Search,Python for Data Analysis,Chennai,15k-30k,55,2026-04-02,3.2,2,Y,2026-04-14,22695
LD14137,Google Ads,Business Analytics,Chennai,50k+,56,2026-05-29,8.5,3,N,,0
LD14138,Instagram Ads,Digital Marketing,Kolkata,50k+,51,2026-05-25,2.9,4,N,,0
LD14139,Instagram Ads,Power BI & Tableau,Chennai,<15k,60,2026-07-20,113.3,4,N,,0
LD14140,Instagram Ads,Python for Data Analysis,Mumbai,<15k,24,2026-03-05,14.8,2,N,,0
LD14141,Referral,Power BI & Tableau,Mumbai,15k-30k,57,2026-03-05,34.0,4,Y,2026-03-15,22934
LD14142,Instagram Ads,Digital Marketing,Chennai,30k-50k,44,2026-04-09,42.7,4,N,,0
LD14143,Organic Search,Power BI & Tableau,Kolkata,<15k,30,2025-11-07,12.6,5,Y,2025-11-10,11438
LD14144,Organic Search,Data Science Bootcamp,Pune,15k-30k,61,2025-12-01,8.4,1,Y,2025-12-02,20765
LD14145,Google Ads,Python for Data Analysis,Bengaluru,15k-30k,74,2025-11-18,16.8,2,N,,0
LD14146,Instagram Ads,Business Analytics,Kolkata,30k-50k,68,2026-04-21,2.1,4,N,,0
LD14147,Referral,Data Science Bootcamp,Kolkata,30k-50k,52,2026-07-29,0.8,1,N,,0
LD14148,Instagram Ads,Full Stack Development,Kolkata,15k-30k,48,2026-05-03,11.5,0,N,,0
LD14149,Referral,Business Analytics,Delhi NCR,30k-50k,55,2026-01-01,3.9,4,N,,0
LD14150,Google Ads,Python for Data Analysis,Bengaluru,50k+,34,2026-01-25,32.7,2,Y,2026-01-27,70116
LD14151,Organic Search,Digital Marketing,Pune,50k+,0,2026-07-18,24.2,3,N,,0
LD14152,Google Ads,Business Analytics,Hyderabad,50k+,98,2026-03-21,34.7,2,N,,0
LD14153,Google Ads,Python for Data Analysis,Chennai,<15k,35,2025-11-02,0.0,6,N,,0
LD14154,LinkedIn,Full Stack Development,Kolkata,<15k,69,2026-06-15,9.7,1,N,,0
LD14155,Instagram Ads,Data Science Bootcamp,Chennai,15k-30k,49,2026-01-06,3.5,5,N,,0
LD14156,Referral,Business Analytics,Ahmedabad,50k+,30,2025-11-25,5.6,2,N,,0
LD14157,Instagram Ads,Data Science Bootcamp,Kolkata,50k+,72,2026-05-02,31.5,5,N,,0
LD14158,Google Ads,Python for Data Analysis,Delhi NCR,<15k,50,2026-06-12,58.2,2,N,,0
LD14159,LinkedIn,Python for Data Analysis,Hyderabad,30k-50k,90,2025-11-20,34.9,5,N,,0
LD14160,Organic Search,Power BI & Tableau,Chennai,50k+,68,2026-07-12,15.9,2,N,,0
LD14161,Referral,Python for Data Analysis,Chennai,30k-50k,66,2026-03-10,7.4,3,N,,0
LD14162,Referral,Data Science Bootcamp,Kolkata,15k-30k,63,2026-02-04,4.1,4,Y,2026-02-16,20937
LD14163,Instagram Ads,Power BI & Tableau,Hyderabad,50k+,67,2026-07-02,47.7,2,N,,0
LD14164,Instagram Ads,Business Analytics,Chennai,<15k,23,2026-01-12,36.8,1,N,,0
LD14165,Instagram Ads,Full Stack Development,Mumbai,30k-50k,70,2026-07-16,39.4,2,N,,0
LD14166,Google Ads,Power BI & Tableau,Kolkata,50k+,55,2026-05-05,2.1,2,N,,0
LD14167,Instagram Ads,Data Science Bootcamp,Delhi NCR,50k+,57,2026-07-06,2.7,2,N,,0
LD14168,Organic Search,Data Science Bootcamp,Ahmedabad,<15k,47,2026-03-16,12.7,6,N,,0
LD14169,Instagram Ads,Python for Data Analysis,Bengaluru,30k-50k,50,2025-12-24,15.0,4,N,,0
LD14170,Instagram Ads,Power BI & Tableau,Delhi NCR,30k-50k,69,2026-05-19,4.8,3,N,,0
LD14171,Instagram Ads,Python for Data Analysis,Delhi NCR,30k-50k,53,2026-06-26,3.5,3,N,,0
LD14172,Google Ads,Data Science Bootcamp,Pune,30k-50k,64,2025-12-26,9.2,3,N,,0
LD14173,Google Ads,Digital Marketing,Kolkata,30k-50k,65,2025-12-25,0.1,3,N,,0
LD14174,LinkedIn,Data Science Bootcamp,Chennai,50k+,51,2026-01-07,27.7,0,Y,2026-01-13,60185
LD14175,Google Ads,Digital Marketing,Hyderabad,<15k,42,2026-04-17,55.7,3,N,,0
LD14176,LinkedIn,Digital Marketing,Kolkata,<15k,39,2025-12-12,28.0,4,N,,0
LD14177,Instagram Ads,Business Analytics,Hyderabad,15k-30k,71,2025-11-29,8.9,3,Y,2025-12-08,22758
LD14178,Walk-in,Power BI & Tableau,Pune,<15k,55,2026-07-09,8.4,2,N,,0
LD14179,LinkedIn,Full Stack Development,Ahmedabad,15k-30k,47,2026-05-03,6.0,1,N,,0
LD14180,LinkedIn,Python for Data Analysis,Chennai,30k-50k,69,2026-04-30,0.0,3,Y,2026-05-18,36136
LD14181,Google Ads,Python for Data Analysis,Ahmedabad,15k-30k,70,2026-04-16,28.1,4,N,,0
LD14182,Instagram Ads,Data Science Bootcamp,Chennai,<15k,42,2026-05-27,7.4,6,N,,0
LD14183,Referral,Digital Marketing,Pune,<15k,50,2026-03-27,1.2,3,N,,0
LD14184,Google Ads,Power BI & Tableau,Kolkata,<15k,91,2025-11-11,13.4,0,N,,0
LD14185,LinkedIn,Power BI & Tableau,Chennai,<15k,17,2026-03-11,7.3,2,N,,0
LD14186,Organic Search,Full Stack Development,Kolkata,30k-50k,61,2026-04-18,19.5,4,N,,0
LD14187,Google Ads,Python for Data Analysis,Pune,<15k,64,2026-03-14,3.7,0,N,,0
LD14188,Google Ads,Full Stack Development,Hyderabad,30k-50k,45,2026-07-27,16.9,3,N,,0
LD14189,Google Ads,Python for Data Analysis,Mumbai,<15k,73,2026-07-02,10.2,4,N,,0
LD14190,Walk-in,Power BI & Tableau,Delhi NCR,30k-50k,60,2026-06-25,2.7,2,Y,2026-06-29,38301
LD14191,Instagram Ads,Power BI & Tableau,Bengaluru,15k-30k,59,2026-03-13,55.1,1,N,,0
LD14192,Instagram Ads,Digital Marketing,Mumbai,50k+,49,2026-07-26,4.5,4,N,,0
LD14193,Google Ads,Python for Data Analysis,Pune,30k-50k,47,2026-07-08,6.1,2,N,,0
LD14194,Google Ads,Digital Marketing,Kolkata,<15k,53,2026-01-15,5.1,5,N,,0
LD14195,LinkedIn,Business Analytics,Delhi NCR,30k-50k,47,2025-12-30,14.3,3,N,,0
LD14196,Instagram Ads,Data Science Bootcamp,Mumbai,50k+,68,2026-04-06,6.3,5,N,,0
LD14197,Organic Search,Data Science Bootcamp,Pune,50k+,40,2025-11-14,14.0,3,N,,0
LD14198,Organic Search,Digital Marketing,Ahmedabad,30k-50k,62,2026-06-06,6.4,0,N,,0
LD14199,Organic Search,Power BI & Tableau,Hyderabad,30k-50k,50,2026-03-10,59.6,1,N,,0
LD14200,Instagram Ads,Business Analytics,Bengaluru,15k-30k,61,2026-03-27,25.7,2,N,,0
LD14201,Instagram Ads,Full Stack Development,Mumbai,30k-50k,33,2026-03-17,6.2,2,N,,0
LD14202,Google Ads,Data Science Bootcamp,Ahmedabad,30k-50k,57,2026-02-15,6.8,1,N,,0
LD14203,LinkedIn,Power BI & Tableau,Chennai,50k+,61,2026-05-06,42.8,3,N,,0
LD14204,Instagram Ads,Power BI & Tableau,Ahmedabad,50k+,37,2025-12-17,2.0,3,Y,2025-12-23,69708
LD14205,Organic Search,Power BI & Tableau,Chennai,<15k,36,2026-07-24,30.7,4,N,,0
LD14206,Instagram Ads,Digital Marketing,Chennai,30k-50k,37,2026-05-09,47.9,2,Y,2026-05-18,40724
LD14207,LinkedIn,Python for Data Analysis,Ahmedabad,15k-30k,65,2026-03-05,0.8,3,N,,0
LD14208,Instagram Ads,Full Stack Development,Mumbai,50k+,86,2026-05-07,16.7,0,N,,0
LD14209,Referral,Power BI & Tableau,Kolkata,15k-30k,60,2025-11-03,23.7,3,N,,0
LD14210,Walk-in,Digital Marketing,Bengaluru,50k+,57,2025-12-27,38.1,4,Y,2025-12-29,68623
LD14211,Referral,Full Stack Development,Ahmedabad,<15k,49,2026-04-07,4.6,5,N,,0
LD14212,Google Ads,Power BI & Tableau,Hyderabad,30k-50k,68,2026-01-27,17.7,5,N,,0
LD14213,Walk-in,Business Analytics,Delhi NCR,30k-50k,98,2026-04-16,23.3,3,N,,0
LD14214,Instagram Ads,Digital Marketing,Ahmedabad,30k-50k,70,2026-01-09,12.9,1,N,,0
LD14215,Instagram Ads,Full Stack Development,Bengaluru,50k+,39,2026-03-29,24.9,3,N,,0
LD14216,LinkedIn,Business Analytics,Chennai,15k-30k,42,2026-01-03,8.1,2,N,,0
LD14217,Instagram Ads,Power BI & Tableau,Kolkata,50k+,70,2026-03-08,4.1,2,Y,2026-03-15,69365
LD14218,Google Ads,Data Science Bootcamp,Ahmedabad,30k-50k,54,2026-04-16,2.5,0,N,,0
LD14219,Referral,Business Analytics,Pune,50k+,39,2026-02-07,4.7,4,N,,0
LD14220,Instagram Ads,Python for Data Analysis,Hyderabad,<15k,61,2026-03-16,15.3,2,N,,0
LD14221,Instagram Ads,Python for Data Analysis,Mumbai,15k-30k,58,2025-12-27,0.8,4,N,,0
LD14222,Organic Search,Data Science Bootcamp,Pune,30k-50k,34,2026-05-10,8.4,1,N,,0
LD14223,Organic Search,Business Analytics,Kolkata,50k+,54,2026-02-09,0.6,4,N,,0
LD14224,Instagram Ads,Digital Marketing,Kolkata,15k-30k,58,2026-06-21,10.6,0,Y,2026-07-12,23366
LD14225,Referral,Power BI & Tableau,Chennai,30k-50k,72,2026-01-15,13.4,6,N,,0
LD14226,Walk-in,Digital Marketing,Chennai,<15k,51,2025-12-19,14.4,2,N,,0
LD14227,Instagram Ads,Power BI & Tableau,Mumbai,50k+,73,2025-12-05,16.8,2,N,,0
LD14228,LinkedIn,Python for Data Analysis,Ahmedabad,50k+,45,2026-04-06,34.6,3,N,,0
LD14229,Organic Search,Digital Marketing,Pune,50k+,38,2026-01-01,42.2,4,N,,0
LD14230,Instagram Ads,Business Analytics,Delhi NCR,50k+,32,2025-11-27,36.5,3,N,,0
LD14231,Walk-in,Data Science Bootcamp,Ahmedabad,30k-50k,58,2026-01-12,15.0,0,N,,0
LD14232,Google Ads,Full Stack Development,Hyderabad,15k-30k,94,2026-01-03,47.6,3,N,,0
LD14233,Referral,Python for Data Analysis,Kolkata,50k+,87,2026-02-25,6.6,0,N,,0
LD14234,Referral,Python for Data Analysis,Bengaluru,15k-30k,49,2026-02-11,23.1,4,N,,0
LD14235,Walk-in,Power BI & Tableau,Pune,15k-30k,52,2025-12-09,18.0,3,N,,0
LD14236,Referral,Power BI & Tableau,Kolkata,<15k,62,2026-07-19,4.5,3,N,,0
LD14237,Google Ads,Data Science Bootcamp,Mumbai,30k-50k,69,2025-12-10,5.1,2,N,,0
LD14238,Instagram Ads,Business Analytics,Hyderabad,50k+,74,2026-06-07,0.0,2,N,,0
LD14239,Walk-in,Digital Marketing,Kolkata,<15k,47,2025-12-18,21.1,2,N,,0
LD14240,Organic Search,Power BI & Tableau,Pune,15k-30k,17,2026-03-16,6.7,6,N,,0
LD14241,Organic Search,Python for Data Analysis,Mumbai,30k-50k,73,2026-07-29,9.7,3,N,,0
LD14242,Instagram Ads,Business Analytics,Mumbai,50k+,77,2026-06-19,52.8,1,N,,0
LD14243,Organic Search,Digital Marketing,Delhi NCR,15k-30k,35,2026-03-21,9.6,2,N,,0
LD14244,LinkedIn,Data Science Bootcamp,Mumbai,<15k,65,2026-05-15,6.6,1,N,,0
LD14245,Walk-in,Power BI & Tableau,Ahmedabad,50k+,100,2026-06-02,34.8,2,Y,2026-06-06,69295
LD14246,Google Ads,Business Analytics,Mumbai,50k+,62,2026-01-20,3.3,3,N,,0
LD14247,Google Ads,Business Analytics,Hyderabad,50k+,37,2026-04-02,12.5,3,N,,0
LD14248,LinkedIn,Power BI & Tableau,Pune,30k-50k,64,2026-04-04,0.7,2,N,,0
LD14249,Walk-in,Business Analytics,Hyderabad,50k+,72,2026-02-16,23.1,2,N,,0
LD14250,Organic Search,Data Science Bootcamp,Kolkata,<15k,59,2026-05-07,10.9,8,N,,0
LD14251,Referral,Power BI & Tableau,Kolkata,50k+,61,2025-11-16,11.2,1,Y,2025-11-18,63066
LD14252,Organic Search,Data Science Bootcamp,Delhi NCR,50k+,50,2026-06-10,14.8,4,N,,0
LD14253,Instagram Ads,Full Stack Development,Bengaluru,<15k,58,2026-03-10,8.7,2,N,,0
LD14254,Instagram Ads,Python for Data Analysis,Bengaluru,50k+,54,2026-04-20,12.7,4,N,,0
LD14255,LinkedIn,Digital Marketing,Bengaluru,50k+,86,2026-03-02,22.5,2,N,,0
LD14256,Instagram Ads,Digital Marketing,Ahmedabad,50k+,59,2026-01-30,12.9,4,N,,0
LD14257,Organic Search,Python for Data Analysis,Hyderabad,<15k,71,2026-02-06,14.4,2,N,,0
LD14258,Walk-in,Business Analytics,Hyderabad,30k-50k,58,2026-04-01,4.5,5,N,,0
LD14259,Organic Search,Full Stack Development,Chennai,15k-30k,67,2026-07-12,4.3,3,Y,2026-07-18,23447
LD14260,LinkedIn,Python for Data Analysis,Pune,30k-50k,63,2026-01-09,6.1,1,N,,0
LD14261,Google Ads,Business Analytics,Mumbai,50k+,57,2025-11-05,9.8,0,N,,0
LD14262,Referral,Digital Marketing,Chennai,<15k,47,2025-12-03,2.1,3,Y,2025-12-05,11946
LD14263,Walk-in,Full Stack Development,Ahmedabad,<15k,49,2026-06-24,7.2,3,N,,0
LD14264,Instagram Ads,Full Stack Development,Mumbai,50k+,36,2026-07-20,2.3,4,N,,0
LD14265,Google Ads,Digital Marketing,Delhi NCR,30k-50k,63,2025-12-24,4.8,4,N,,0
LD14266,Instagram Ads,Full Stack Development,Chennai,50k+,63,2026-04-06,82.9,4,N,,0
LD14267,Instagram Ads,Python for Data Analysis,Delhi NCR,30k-50k,30,2026-04-26,0.4,3,Y,2026-05-03,36976
LD14268,Instagram Ads,Power BI & Tableau,Pune,<15k,21,2025-12-17,22.7,2,N,,0
LD14269,Instagram Ads,Business Analytics,Bengaluru,30k-50k,63,2026-06-01,17.5,5,N,,0
LD14270,Organic Search,Business Analytics,Chennai,30k-50k,36,2026-02-04,5.3,4,Y,2026-02-05,39394
LD14271,Walk-in,Full Stack Development,Delhi NCR,30k-50k,33,2026-05-02,37.3,4,N,,0
LD14272,LinkedIn,Full Stack Development,Delhi NCR,15k-30k,65,2026-03-13,2.5,1,N,,0
LD14273,Instagram Ads,Python for Data Analysis,Delhi NCR,50k+,54,2026-05-20,12.6,2,N,,0
LD14274,Organic Search,Business Analytics,Pune,15k-30k,63,2026-06-30,12.1,3,Y,2026-07-01,21242
LD14275,Instagram Ads,Power BI & Tableau,Kolkata,30k-50k,53,2026-02-12,42.6,2,N,,0
LD14276,Instagram Ads,Digital Marketing,Bengaluru,15k-30k,82,2026-01-17,9.8,2,N,,0
LD14277,Instagram Ads,Business Analytics,Pune,30k-50k,69,2026-04-21,10.4,3,Y,2026-05-01,43990
LD14278,Referral,Power BI & Tableau,Delhi NCR,<15k,62,2025-12-09,9.6,4,N,,0
LD14279,Instagram Ads,Digital Marketing,Ahmedabad,50k+,30,2025-12-15,2.0,0,N,,0
LD14280,Organic Search,Power BI & Tableau,Chennai,15k-30k,48,2026-06-08,15.3,3,N,,0
LD14281,Instagram Ads,Full Stack Development,Chennai,15k-30k,0,2026-01-31,22.2,3,N,,0
LD14282,Instagram Ads,Power BI & Tableau,Kolkata,30k-50k,62,2026-04-21,3.6,1,N,,0
LD14283,Instagram Ads,Python for Data Analysis,Ahmedabad,15k-30k,75,2026-04-05,4.3,5,N,,0
LD14284,Referral,Business Analytics,Kolkata,50k+,34,2026-06-19,88.4,3,N,,0
LD14285,Organic Search,Data Science Bootcamp,Chennai,<15k,70,2025-11-19,1.1,3,N,,0
LD14286,Google Ads,Business Analytics,Mumbai,30k-50k,32,2025-12-14,14.8,2,N,,0
LD14287,Walk-in,Business Analytics,Delhi NCR,15k-30k,41,2026-01-01,30.2,2,N,,0
LD14288,Organic Search,Power BI & Tableau,Mumbai,<15k,44,2026-01-25,12.5,3,N,,0
LD14289,Walk-in,Digital Marketing,Ahmedabad,50k+,53,2026-01-18,8.8,3,Y,2026-01-25,60227
LD14290,Instagram Ads,Power BI & Tableau,Mumbai,<15k,64,2026-01-12,31.7,2,N,,0
LD14291,Google Ads,Full Stack Development,Chennai,15k-30k,69,2026-04-24,12.7,3,N,,0
LD14292,Instagram Ads,Full Stack Development,Kolkata,<15k,70,2026-01-13,20.8,5,N,,0
LD14293,Google Ads,Full Stack Development,Chennai,<15k,40,2026-03-01,4.6,4,N,,0
LD14294,Referral,Power BI & Tableau,Delhi NCR,<15k,44,2026-06-23,1.8,1,N,,0
LD14295,Walk-in,Power BI & Tableau,Bengaluru,<15k,16,2026-02-07,23.8,4,N,,0
LD14296,Google Ads,Python for Data Analysis,Mumbai,15k-30k,47,2026-04-09,54.6,5,N,,0
LD14297,Instagram Ads,Digital Marketing,Mumbai,15k-30k,23,2026-07-21,70.4,2,N,,0
LD14298,Google Ads,Business Analytics,Pune,50k+,46,2026-02-21,19.1,4,N,,0
LD14299,Google Ads,Data Science Bootcamp,Delhi NCR,30k-50k,69,2025-12-20,24.0,2,Y,2025-12-21,41732
LD14300,Google Ads,Data Science Bootcamp,Hyderabad,15k-30k,57,2025-11-06,19.3,5,N,,0
LD14301,Referral,Business Analytics,Bengaluru,30k-50k,36,2026-05-17,28.0,1,N,,0
LD14302,Organic Search,Business Analytics,Mumbai,15k-30k,45,2026-04-29,1.7,6,N,,0
LD14303,Organic Search,Power BI & Tableau,Ahmedabad,50k+,45,2026-07-14,30.5,2,N,,0
LD14304,LinkedIn,Data Science Bootcamp,Chennai,<15k,55,2026-05-10,24.9,3,N,,0
LD14305,Referral,Full Stack Development,Mumbai,<15k,38,2025-11-21,0.7,4,N,,0
LD14306,LinkedIn,Python for Data Analysis,Ahmedabad,<15k,51,2025-12-15,1.2,2,N,,0
LD14307,Organic Search,Data Science Bootcamp,Mumbai,50k+,48,2025-11-28,5.7,0,N,,0
LD14308,Google Ads,Data Science Bootcamp,Ahmedabad,15k-30k,81,2025-11-17,2.8,3,N,,0
LD14309,Organic Search,Digital Marketing,Kolkata,<15k,71,2026-06-27,6.0,2,N,,0
LD14310,Instagram Ads,Data Science Bootcamp,Mumbai,50k+,79,2026-03-29,0.8,2,N,,0
LD14311,Google Ads,Power BI & Tableau,Bengaluru,50k+,28,2025-11-07,28.1,2,N,,0
LD14312,Google Ads,Digital Marketing,Delhi NCR,50k+,52,2026-02-16,25.8,2,N,,0
LD14313,Referral,Python for Data Analysis,Chennai,15k-30k,38,2026-05-27,36.6,5,Y,2026-05-31,22519
LD14314,Organic Search,Power BI & Tableau,Delhi NCR,50k+,37,2025-11-22,29.9,2,N,,0
LD14315,LinkedIn,Full Stack Development,Delhi NCR,30k-50k,74,2026-01-10,5.6,1,Y,2026-01-13,41814
LD14316,Instagram Ads,Power BI & Tableau,Chennai,15k-30k,49,2025-12-12,4.0,4,N,,0
LD14317,LinkedIn,Digital Marketing,Ahmedabad,30k-50k,14,2026-04-27,5.3,2,N,,0
LD14318,Instagram Ads,Data Science Bootcamp,Ahmedabad,15k-30k,30,2026-06-29,40.8,1,N,,0
LD14319,Walk-in,Data Science Bootcamp,Ahmedabad,30k-50k,66,2026-01-23,1.6,5,Y,2026-02-01,37079
LD14320,Referral,Python for Data Analysis,Pune,15k-30k,64,2026-01-06,17.1,1,N,,0
LD14321,Google Ads,Data Science Bootcamp,Delhi NCR,50k+,39,2026-01-16,39.4,3,N,,0
LD14322,LinkedIn,Data Science Bootcamp,Chennai,50k+,33,2026-04-20,10.0,1,Y,2026-04-21,67586
LD14323,Google Ads,Full Stack Development,Mumbai,15k-30k,80,2025-12-05,3.9,2,N,,0
LD14324,Organic Search,Data Science Bootcamp,Mumbai,15k-30k,68,2026-06-16,4.0,4,Y,2026-06-17,22662
LD14325,Instagram Ads,Digital Marketing,Chennai,30k-50k,65,2025-11-07,4.3,2,Y,2025-11-11,41835
LD14326,Organic Search,Power BI & Tableau,Hyderabad,50k+,59,2026-04-30,4.6,7,N,,0
LD14327,Instagram Ads,Full Stack Development,Mumbai,30k-50k,15,2026-06-22,30.4,1,N,,0
LD14328,Walk-in,Power BI & Tableau,Chennai,15k-30k,58,2026-01-27,19.8,4,N,,0
LD14329,Referral,Business Analytics,Kolkata,15k-30k,52,2026-03-09,11.5,2,Y,2026-03-20,21176
LD14330,Instagram Ads,Business Analytics,Pune,15k-30k,45,2026-07-24,13.6,4,N,,0
LD14331,Google Ads,Digital Marketing,Kolkata,50k+,48,2026-03-27,4.7,2,N,,0
LD14332,LinkedIn,Full Stack Development,Mumbai,30k-50k,24,2026-01-13,40.0,3,N,,0
LD14333,Instagram Ads,Digital Marketing,Delhi NCR,50k+,83,2026-03-01,15.2,1,N,,0
LD14334,Referral,Digital Marketing,Delhi NCR,15k-30k,75,2026-07-22,5.2,6,N,,0
LD14335,Google Ads,Digital Marketing,Chennai,30k-50k,33,2026-05-09,20.3,4,N,,0
LD14336,Instagram Ads,Python for Data Analysis,Kolkata,30k-50k,36,2025-12-18,62.6,4,N,,0
LD14337,Walk-in,Power BI & Tableau,Kolkata,50k+,68,2026-04-12,12.3,1,N,,0
LD14338,Referral,Data Science Bootcamp,Bengaluru,50k+,48,2026-04-21,41.5,4,N,,0
LD14339,Walk-in,Python for Data Analysis,Pune,30k-50k,36,2026-04-22,2.1,1,Y,2026-04-28,40666
LD14340,Organic Search,Python for Data Analysis,Bengaluru,30k-50k,22,2026-04-02,67.1,2,N,,0
LD14341,Organic Search,Full Stack Development,Mumbai,15k-30k,80,2026-03-22,3.2,4,N,,0
LD14342,Organic Search,Full Stack Development,Delhi NCR,30k-50k,67,2026-04-23,15.5,4,N,,0
LD14343,Walk-in,Digital Marketing,Chennai,<15k,67,2026-01-23,75.6,1,N,,0
LD14344,Walk-in,Python for Data Analysis,Chennai,50k+,51,2026-02-02,1.6,4,Y,2026-02-06,67875
LD14345,Google Ads,Power BI & Tableau,Mumbai,15k-30k,53,2026-03-27,38.1,1,N,,0
LD14346,Referral,Power BI & Tableau,Delhi NCR,50k+,52,2026-06-07,24.6,1,N,,0
LD14347,Referral,Data Science Bootcamp,Mumbai,<15k,43,2026-02-28,13.1,3,N,,0
LD14348,Referral,Business Analytics,Ahmedabad,30k-50k,18,2026-02-07,38.8,5,N,,0
LD14349,Instagram Ads,Full Stack Development,Bengaluru,50k+,53,2026-01-09,8.2,2,N,,0
LD14350,Google Ads,Full Stack Development,Ahmedabad,50k+,29,2026-01-21,26.3,3,N,,0
LD14351,LinkedIn,Business Analytics,Kolkata,30k-50k,41,2025-10-31,50.0,3,N,,0
LD14352,Instagram Ads,Data Science Bootcamp,Bengaluru,<15k,48,2026-06-10,1.0,8,N,,0
LD14353,Referral,Full Stack Development,Delhi NCR,30k-50k,73,2026-06-19,15.6,4,N,,0
LD14354,Organic Search,Power BI & Tableau,Ahmedabad,30k-50k,35,2026-02-01,12.0,2,N,,0
LD14355,Google Ads,Digital Marketing,Ahmedabad,<15k,57,2026-03-08,7.2,4,N,,0
LD14356,Google Ads,Business Analytics,Chennai,<15k,36,2025-11-02,16.2,5,Y,2025-11-19,13016
LD14357,Instagram Ads,Full Stack Development,Pune,50k+,45,2026-07-09,0.1,3,N,,0
LD14358,Instagram Ads,Business Analytics,Mumbai,30k-50k,47,2026-07-16,1.8,5,N,,0
LD14359,LinkedIn,Power BI & Tableau,Ahmedabad,<15k,100,2026-03-10,23.2,5,N,,0
LD14360,Organic Search,Business Analytics,Delhi NCR,30k-50k,79,2025-11-02,2.8,5,N,,0
LD14361,LinkedIn,Power BI & Tableau,Bengaluru,30k-50k,82,2026-02-25,15.8,4,Y,2026-02-26,36755
LD14362,Instagram Ads,Business Analytics,Chennai,<15k,70,2026-01-18,10.0,2,N,,0
LD14363,Walk-in,Digital Marketing,Mumbai,50k+,55,2026-01-02,7.7,2,N,,0
LD14364,LinkedIn,Business Analytics,Ahmedabad,30k-50k,90,2025-11-01,5.2,4,N,,0
LD14365,Walk-in,Business Analytics,Chennai,50k+,69,2026-02-10,0.3,3,Y,2026-02-12,63804
LD14366,Google Ads,Digital Marketing,Delhi NCR,15k-30k,30,2026-02-20,7.7,1,N,,0
LD14367,Google Ads,Digital Marketing,Pune,<15k,48,2026-04-02,15.9,1,N,,0
LD14368,LinkedIn,Data Science Bootcamp,Kolkata,50k+,70,2026-02-15,22.1,4,N,,0
LD14369,LinkedIn,Python for Data Analysis,Bengaluru,50k+,22,2025-12-14,9.5,3,N,,0
LD14370,Organic Search,Power BI & Tableau,Chennai,<15k,59,2026-05-20,37.7,3,N,,0
LD14371,LinkedIn,Data Science Bootcamp,Bengaluru,50k+,64,2026-02-14,19.6,4,N,,0
LD14372,Instagram Ads,Power BI & Tableau,Ahmedabad,30k-50k,43,2026-02-11,44.6,3,N,,0
LD14373,Referral,Digital Marketing,Hyderabad,30k-50k,36,2026-01-10,16.2,8,N,,0
LD14374,Google Ads,Full Stack Development,Hyderabad,<15k,100,2026-02-23,32.7,2,N,,0
LD14375,Organic Search,Power BI & Tableau,Pune,<15k,46,2026-01-04,2.2,2,N,,0
LD14376,Walk-in,Power BI & Tableau,Ahmedabad,<15k,74,2026-05-27,0.5,5,N,,0
LD14377,Walk-in,Power BI & Tableau,Hyderabad,15k-30k,64,2026-07-06,39.9,2,N,,0
LD14378,Referral,Full Stack Development,Delhi NCR,50k+,32,2026-06-08,19.6,2,N,,0
LD14379,Google Ads,Python for Data Analysis,Pune,50k+,22,2026-05-05,15.7,2,N,,0
LD14380,Organic Search,Full Stack Development,Hyderabad,30k-50k,28,2026-01-16,43.1,4,N,,0
LD14381,Instagram Ads,Business Analytics,Ahmedabad,30k-50k,61,2026-05-21,3.5,8,N,,0
LD14382,Google Ads,Power BI & Tableau,Bengaluru,50k+,42,2026-06-08,24.0,3,N,,0
LD14383,Organic Search,Python for Data Analysis,Bengaluru,30k-50k,66,2026-02-20,5.7,0,N,,0
LD14384,Organic Search,Power BI & Tableau,Bengaluru,50k+,59,2026-06-21,67.4,7,N,,0
LD14385,Google Ads,Data Science Bootcamp,Chennai,15k-30k,53,2025-12-19,0.1,4,Y,2025-12-27,23741
LD14386,Google Ads,Python for Data Analysis,Delhi NCR,15k-30k,69,2026-01-18,21.2,4,N,,0
LD14387,Google Ads,Business Analytics,Ahmedabad,30k-50k,59,2026-04-22,0.1,4,N,,0
LD14388,Instagram Ads,Full Stack Development,Chennai,15k-30k,52,2026-04-17,14.6,1,N,,0
LD14389,LinkedIn,Full Stack Development,Mumbai,15k-30k,23,2026-01-13,12.7,2,Y,2026-01-15,22562
LD14390,Instagram Ads,Business Analytics,Delhi NCR,15k-30k,77,2026-04-19,16.1,3,N,,0
LD14391,Google Ads,Business Analytics,Bengaluru,<15k,9,2025-12-21,64.2,4,N,,0
LD14392,LinkedIn,Power BI & Tableau,Pune,<15k,58,2025-11-05,3.7,1,N,,0
LD14393,Referral,Power BI & Tableau,Hyderabad,30k-50k,23,2025-11-13,4.6,0,N,,0
LD14394,Google Ads,Digital Marketing,Mumbai,30k-50k,62,2026-03-26,1.7,4,N,,0
LD14395,Instagram Ads,Full Stack Development,Mumbai,15k-30k,42,2025-12-20,4.0,3,N,,0
LD14396,Instagram Ads,Digital Marketing,Kolkata,15k-30k,76,2025-11-27,24.6,6,N,,0
LD14397,LinkedIn,Digital Marketing,Mumbai,15k-30k,46,2026-01-12,14.3,3,N,,0
LD14398,LinkedIn,Digital Marketing,Pune,<15k,57,2026-05-14,6.3,8,N,,0
LD14399,Organic Search,Python for Data Analysis,Kolkata,<15k,57,2026-05-17,25.0,4,N,,0
LD14400,Instagram Ads,Data Science Bootcamp,Mumbai,50k+,56,2026-01-02,14.8,2,N,,0
LD14401,Referral,Python for Data Analysis,Ahmedabad,<15k,72,2025-12-11,11.6,2,N,,0
LD14402,Instagram Ads,Python for Data Analysis,Mumbai,50k+,38,2026-03-14,7.6,5,Y,2026-03-21,65128
LD14403,Organic Search,Business Analytics,Hyderabad,50k+,44,2026-02-01,4.9,3,N,,0
LD14404,Instagram Ads,Data Science Bootcamp,Hyderabad,15k-30k,57,2026-01-24,3.5,1,N,,0
LD14405,LinkedIn,Business Analytics,Hyderabad,15k-30k,70,2026-06-06,4.6,2,N,,0
LD14406,Google Ads,Python for Data Analysis,Chennai,30k-50k,23,2026-07-30,13.4,1,N,,0
LD14407,Google Ads,Python for Data Analysis,Mumbai,15k-30k,21,2026-03-06,5.9,6,Y,2026-03-10,22511
LD14408,Instagram Ads,Data Science Bootcamp,Ahmedabad,30k-50k,40,2026-06-04,6.5,10,N,,0
LD14409,LinkedIn,Digital Marketing,Ahmedabad,<15k,78,2026-01-29,27.0,2,N,,0
LD14410,Google Ads,Data Science Bootcamp,Kolkata,<15k,49,2026-06-18,20.9,1,N,,0
LD14411,Organic Search,Python for Data Analysis,Hyderabad,50k+,56,2026-07-17,40.1,3,N,,0
LD14412,Referral,Digital Marketing,Delhi NCR,30k-50k,17,2025-11-15,20.7,2,N,,0
LD14413,Instagram Ads,Data Science Bootcamp,Delhi NCR,50k+,55,2026-05-30,32.1,2,N,,0
LD14414,LinkedIn,Business Analytics,Kolkata,<15k,75,2025-11-19,1.8,3,N,,0
LD14415,Organic Search,Python for Data Analysis,Delhi NCR,<15k,31,2026-03-08,15.8,5,N,,0
LD14416,Instagram Ads,Full Stack Development,Bengaluru,30k-50k,46,2025-12-22,24.1,2,N,,0
LD14417,Google Ads,Business Analytics,Pune,15k-30k,54,2026-06-17,10.3,2,N,,0
LD14418,Google Ads,Power BI & Tableau,Pune,<15k,97,2026-06-11,12.7,3,N,,0
LD14419,Instagram Ads,Power BI & Tableau,Pune,15k-30k,42,2026-06-14,0.5,3,N,,0
LD14420,Walk-in,Full Stack Development,Bengaluru,50k+,75,2025-12-03,29.2,4,Y,2025-12-11,67048
LD14421,Organic Search,Data Science Bootcamp,Delhi NCR,15k-30k,56,2026-05-28,2.1,3,N,,0
LD14422,Walk-in,Digital Marketing,Pune,50k+,65,2026-01-06,47.7,3,N,,0
LD14423,Google Ads,Python for Data Analysis,Pune,15k-30k,68,2026-05-29,15.7,6,N,,0
LD14424,Instagram Ads,Power BI & Tableau,Pune,15k-30k,42,2026-02-28,69.3,0,N,,0
LD14425,Organic Search,Digital Marketing,Pune,<15k,59,2026-05-20,28.1,6,Y,2026-05-29,11268
LD14426,Google Ads,Data Science Bootcamp,Mumbai,50k+,15,2025-11-09,4.2,0,N,,0
LD14427,Google Ads,Digital Marketing,Chennai,50k+,61,2026-03-05,10.0,2,Y,2026-03-10,71355
LD14428,Referral,Digital Marketing,Bengaluru,30k-50k,65,2026-05-29,2.5,4,Y,2026-06-01,43968
LD14429,Referral,Data Science Bootcamp,Bengaluru,30k-50k,42,2026-03-22,38.1,4,N,,0
LD14430,Google Ads,Python for Data Analysis,Pune,<15k,70,2026-07-26,0.6,2,N,,0
LD14431,Google Ads,Python for Data Analysis,Kolkata,<15k,62,2026-03-09,7.6,2,N,,0
LD14432,Organic Search,Power BI & Tableau,Pune,15k-30k,48,2026-05-05,9.8,3,Y,2026-05-08,21593
LD14433,Google Ads,Data Science Bootcamp,Chennai,<15k,51,2026-01-24,8.1,5,N,,0
LD14434,Instagram Ads,Business Analytics,Kolkata,<15k,92,2026-01-27,0.8,2,N,,0
LD14435,Organic Search,Data Science Bootcamp,Ahmedabad,<15k,10,2026-04-20,16.7,5,N,,0
LD14436,Google Ads,Python for Data Analysis,Ahmedabad,50k+,55,2025-11-11,66.7,2,N,,0
LD14437,Google Ads,Business Analytics,Delhi NCR,<15k,50,2026-07-13,2.0,6,Y,2026-07-18,12054
LD14438,Referral,Python for Data Analysis,Delhi NCR,50k+,34,2026-03-22,1.9,3,N,,0
LD14439,Organic Search,Business Analytics,Chennai,30k-50k,68,2026-01-08,1.3,3,Y,2026-01-14,36264
LD14440,Walk-in,Power BI & Tableau,Ahmedabad,<15k,48,2026-04-23,31.4,1,N,,0
LD14441,Referral,Python for Data Analysis,Pune,15k-30k,80,2025-12-24,6.0,5,Y,2026-01-03,23949
LD14442,Google Ads,Business Analytics,Pune,15k-30k,54,2026-06-30,8.2,2,Y,2026-07-10,23448
LD14443,LinkedIn,Business Analytics,Hyderabad,<15k,40,2026-06-23,14.2,5,N,,0
LD14444,Google Ads,Full Stack Development,Delhi NCR,50k+,1,2025-12-29,5.9,2,N,,0
LD14445,Google Ads,Power BI & Tableau,Mumbai,<15k,43,2025-11-30,0.2,2,Y,2025-12-07,12096
LD14446,Instagram Ads,Business Analytics,Pune,30k-50k,58,2026-04-21,4.6,4,N,,0
LD14447,Walk-in,Full Stack Development,Chennai,30k-50k,44,2026-01-27,0.9,3,N,,0
LD14448,Referral,Full Stack Development,Delhi NCR,50k+,100,2025-12-15,9.1,1,N,,0
LD14449,Instagram Ads,Business Analytics,Kolkata,30k-50k,83,2026-01-14,10.3,4,N,,0
LD14450,Referral,Digital Marketing,Bengaluru,15k-30k,52,2025-12-02,6.9,2,N,,0
LD14451,LinkedIn,Full Stack Development,Bengaluru,50k+,47,2026-06-03,4.5,2,N,,0
LD14452,Instagram Ads,Business Analytics,Bengaluru,15k-30k,75,2025-11-02,0.8,1,N,,0
LD14453,Referral,Business Analytics,Mumbai,<15k,65,2025-11-11,0.8,1,Y,2025-11-27,13001
LD14454,Google Ads,Business Analytics,Chennai,50k+,79,2026-06-01,17.2,4,N,,0
LD14455,Organic Search,Data Science Bootcamp,Ahmedabad,50k+,28,2026-03-09,27.6,6,N,,0
LD14456,Instagram Ads,Digital Marketing,Kolkata,15k-30k,89,2026-04-11,46.5,0,N,,0
LD14457,Google Ads,Python for Data Analysis,Ahmedabad,15k-30k,60,2026-02-09,5.5,1,N,,0
LD14458,Instagram Ads,Power BI & Tableau,Ahmedabad,30k-50k,48,2025-11-24,19.8,4,N,,0
LD14459,Instagram Ads,Data Science Bootcamp,Chennai,30k-50k,82,2025-12-13,9.5,5,Y,2025-12-22,42258
LD14460,Google Ads,Digital Marketing,Delhi NCR,15k-30k,23,2025-11-24,3.5,0,N,,0
LD14461,Instagram Ads,Digital Marketing,Ahmedabad,50k+,99,2026-04-17,11.2,2,N,,0
LD14462,Instagram Ads,Full Stack Development,Chennai,<15k,40,2026-07-12,30.3,3,N,,0
LD14463,LinkedIn,Power BI & Tableau,Hyderabad,30k-50k,52,2026-07-30,40.1,1,N,,0
LD14464,Instagram Ads,Digital Marketing,Bengaluru,50k+,42,2026-04-19,13.1,6,Y,2026-04-28,62152
LD14465,Instagram Ads,Power BI & Tableau,Hyderabad,15k-30k,56,2025-11-16,0.4,4,Y,2025-11-17,23546
LD14466,Google Ads,Business Analytics,Hyderabad,50k+,38,2026-04-24,20.4,3,N,,0
LD14467,Referral,Data Science Bootcamp,Pune,30k-50k,91,2026-05-10,4.7,1,N,,0
LD14468,LinkedIn,Digital Marketing,Ahmedabad,30k-50k,52,2026-06-04,18.0,7,N,,0
LD14469,Referral,Python for Data Analysis,Pune,<15k,27,2025-12-04,10.6,4,N,,0
LD14470,Instagram Ads,Python for Data Analysis,Pune,15k-30k,80,2026-01-02,0.1,3,N,,0
LD14471,Google Ads,Full Stack Development,Bengaluru,15k-30k,66,2026-07-25,10.8,3,N,,0
LD14472,LinkedIn,Business Analytics,Pune,30k-50k,80,2026-06-03,16.3,0,Y,2026-06-13,39572
LD14473,Google Ads,Power BI & Tableau,Chennai,<15k,58,2026-05-25,2.8,4,N,,0
LD14474,Instagram Ads,Power BI & Tableau,Pune,15k-30k,67,2026-06-07,10.8,4,N,,0
LD14475,Instagram Ads,Digital Marketing,Hyderabad,15k-30k,59,2026-02-27,23.4,6,Y,2026-03-16,21954
LD14476,Instagram Ads,Full Stack Development,Mumbai,15k-30k,37,2025-12-22,9.0,4,N,,0
LD14477,Organic Search,Full Stack Development,Kolkata,15k-30k,37,2026-05-07,4.5,2,N,,0
LD14478,Referral,Business Analytics,Bengaluru,30k-50k,59,2026-02-05,42.2,2,N,,0
LD14479,Instagram Ads,Python for Data Analysis,Kolkata,30k-50k,64,2025-12-06,23.5,3,N,,0
LD14480,Walk-in,Power BI & Tableau,Ahmedabad,50k+,60,2026-07-03,2.7,3,Y,2026-07-07,68290
LD14481,Organic Search,Python for Data Analysis,Pune,30k-50k,54,2026-03-12,62.3,2,N,,0
LD14482,Google Ads,Full Stack Development,Bengaluru,30k-50k,60,2026-02-27,34.5,4,N,,0
LD14483,Google Ads,Data Science Bootcamp,Delhi NCR,30k-50k,76,2026-01-19,34.0,5,N,,0
LD14484,Instagram Ads,Business Analytics,Bengaluru,<15k,49,2026-05-09,15.3,2,Y,2026-05-10,11320
LD14485,Referral,Python for Data Analysis,Pune,15k-30k,41,2025-12-21,12.7,1,N,,0
LD14486,Organic Search,Python for Data Analysis,Mumbai,15k-30k,43,2025-12-20,27.0,6,N,,0
LD14487,Walk-in,Python for Data Analysis,Kolkata,15k-30k,56,2026-02-02,34.1,5,N,,0
LD14488,Organic Search,Python for Data Analysis,Mumbai,15k-30k,49,2026-05-18,44.1,4,N,,0
LD14489,Instagram Ads,Digital Marketing,Mumbai,<15k,63,2026-01-14,7.4,3,N,,0
LD14490,Instagram Ads,Digital Marketing,Kolkata,15k-30k,75,2026-06-14,38.8,1,N,,0
LD14491,Instagram Ads,Data Science Bootcamp,Mumbai,15k-30k,46,2026-07-07,32.1,5,N,,0
LD14492,Google Ads,Python for Data Analysis,Delhi NCR,15k-30k,75,2026-03-31,12.4,5,Y,2026-04-15,20047
LD14493,Instagram Ads,Digital Marketing,Hyderabad,<15k,5,2025-11-18,1.2,2,N,,0
LD14494,LinkedIn,Power BI & Tableau,Hyderabad,30k-50k,62,2025-12-12,20.8,3,N,,0
LD14495,LinkedIn,Full Stack Development,Mumbai,50k+,39,2026-01-19,66.8,7,N,,0
LD14496,Referral,Full Stack Development,Delhi NCR,50k+,54,2026-01-10,5.1,4,Y,2026-01-11,66205
LD14497,Referral,Data Science Bootcamp,Pune,50k+,52,2026-02-08,8.0,1,Y,2026-02-10,59741
LD14498,Instagram Ads,Data Science Bootcamp,Delhi NCR,30k-50k,60,2025-10-31,9.7,4,N,,0
LD14499,Instagram Ads,Data Science Bootcamp,Delhi NCR,50k+,87,2026-04-23,3.5,3,Y,2026-05-03,64595
LD14500,Organic Search,Data Science Bootcamp,Kolkata,50k+,85,2026-02-11,31.6,2,Y,2026-02-12,71027
LD14501,Google Ads,Power BI & Tableau,Ahmedabad,15k-30k,43,2025-12-20,0.2,0,Y,2025-12-28,23790
LD14502,Google Ads,Digital Marketing,Hyderabad,15k-30k,51,2025-11-05,32.6,0,N,,0
LD14503,Instagram Ads,Data Science Bootcamp,Mumbai,30k-50k,54,2026-06-21,32.8,6,N,,0
LD14504,Instagram Ads,Full Stack Development,Kolkata,50k+,51,2026-05-30,17.5,2,N,,0
LD14505,LinkedIn,Python for Data Analysis,Hyderabad,<15k,44,2026-01-04,9.5,1,N,,0
LD14506,Referral,Digital Marketing,Delhi NCR,30k-50k,76,2026-05-15,18.7,6,N,,0
LD14507,Instagram Ads,Full Stack Development,Kolkata,30k-50k,54,2026-04-28,5.7,1,N,,0
LD14508,Instagram Ads,Full Stack Development,Chennai,30k-50k,56,2026-03-27,4.1,4,N,,0
LD14509,Referral,Data Science Bootcamp,Hyderabad,<15k,59,2026-02-13,7.0,4,N,,0
LD14510,Walk-in,Full Stack Development,Mumbai,50k+,83,2026-03-23,16.8,6,N,,0
LD14511,Referral,Power BI & Tableau,Mumbai,50k+,71,2026-03-15,15.3,1,N,,0
LD14512,Walk-in,Power BI & Tableau,Delhi NCR,50k+,73,2026-03-30,6.6,4,N,,0
LD14513,Walk-in,Data Science Bootcamp,Kolkata,50k+,49,2026-04-16,31.3,6,N,,0
LD14514,Referral,Power BI & Tableau,Bengaluru,50k+,97,2026-01-27,16.9,2,N,,0
LD14515,Google Ads,Power BI & Tableau,Hyderabad,<15k,57,2026-04-23,7.6,3,N,,0
LD14516,LinkedIn,Power BI & Tableau,Hyderabad,<15k,39,2025-11-30,15.5,1,N,,0
LD14517,Google Ads,Business Analytics,Kolkata,30k-50k,60,2026-03-22,13.0,4,Y,2026-03-30,37482
LD14518,Instagram Ads,Python for Data Analysis,Chennai,<15k,25,2025-11-18,31.4,1,N,,0
LD14519,Organic Search,Full Stack Development,Ahmedabad,50k+,43,2026-06-16,20.7,3,N,,0
LD14520,Instagram Ads,Power BI & Tableau,Kolkata,<15k,49,2025-12-05,10.6,2,N,,0
LD14521,Google Ads,Full Stack Development,Bengaluru,50k+,59,2026-06-26,84.3,4,N,,0
LD14522,Instagram Ads,Business Analytics,Bengaluru,15k-30k,42,2025-12-25,6.4,2,N,,0
LD14523,Referral,Full Stack Development,Hyderabad,30k-50k,64,2026-03-12,13.3,4,Y,2026-03-15,37532
LD14524,Instagram Ads,Digital Marketing,Bengaluru,50k+,52,2025-11-26,5.7,0,N,,0
LD14525,Google Ads,Full Stack Development,Delhi NCR,50k+,70,2026-04-04,0.4,6,N,,0
LD14526,Google Ads,Digital Marketing,Chennai,30k-50k,33,2026-06-16,11.6,1,Y,2026-06-22,41002
LD14527,LinkedIn,Business Analytics,Ahmedabad,30k-50k,53,2026-04-28,14.1,1,N,,0
LD14528,Instagram Ads,Data Science Bootcamp,Ahmedabad,30k-50k,75,2026-03-23,12.1,1,N,,0
LD14529,Referral,Full Stack Development,Pune,30k-50k,63,2026-05-10,7.3,2,Y,2026-05-15,36321
LD14530,Google Ads,Business Analytics,Kolkata,30k-50k,63,2026-01-08,23.6,1,N,,0
LD14531,Referral,Digital Marketing,Ahmedabad,15k-30k,53,2026-02-08,20.3,5,N,,0
LD14532,Organic Search,Data Science Bootcamp,Chennai,30k-50k,65,2026-04-14,22.8,3,N,,0
LD14533,Organic Search,Power BI & Tableau,Chennai,15k-30k,34,2025-11-19,29.1,1,N,,0
LD14534,Organic Search,Digital Marketing,Hyderabad,<15k,84,2026-07-11,2.8,4,N,,0
LD14535,Organic Search,Full Stack Development,Chennai,50k+,58,2025-12-26,0.3,7,N,,0
LD14536,Instagram Ads,Power BI & Tableau,Pune,50k+,37,2026-03-14,9.8,3,N,,0
LD14537,Instagram Ads,Python for Data Analysis,Delhi NCR,15k-30k,56,2026-06-30,19.2,4,N,,0
LD14538,Referral,Full Stack Development,Chennai,50k+,23,2025-11-21,45.7,3,N,,0
LD14539,Google Ads,Digital Marketing,Chennai,50k+,95,2026-06-06,10.8,2,N,,0
LD14540,Referral,Business Analytics,Chennai,15k-30k,35,2025-11-16,2.3,3,Y,2025-11-24,22211
LD14541,Instagram Ads,Data Science Bootcamp,Mumbai,<15k,71,2026-04-01,14.3,4,N,,0
LD14542,Walk-in,Power BI & Tableau,Delhi NCR,30k-50k,5,2026-07-14,6.2,2,N,,0
LD14543,Referral,Power BI & Tableau,Kolkata,15k-30k,64,2026-02-21,67.0,5,N,,0
LD14544,Organic Search,Power BI & Tableau,Mumbai,<15k,63,2026-02-08,10.5,3,N,,0
LD14545,LinkedIn,Data Science Bootcamp,Kolkata,<15k,92,2026-05-12,20.5,4,N,,0
LD14546,Google Ads,Digital Marketing,Chennai,15k-30k,56,2026-06-12,9.8,4,N,,0
LD14547,Google Ads,Power BI & Tableau,Kolkata,30k-50k,45,2026-01-11,15.1,4,N,,0
LD14548,Referral,Business Analytics,Hyderabad,50k+,37,2025-11-11,12.3,7,N,,0
LD14549,LinkedIn,Full Stack Development,Hyderabad,30k-50k,100,2025-11-19,16.5,3,N,,0
LD14550,Organic Search,Digital Marketing,Ahmedabad,15k-30k,19,2026-01-21,12.7,4,N,,0
LD14551,Organic Search,Data Science Bootcamp,Pune,15k-30k,88,2026-07-15,8.7,1,N,,0
LD14552,Referral,Full Stack Development,Bengaluru,30k-50k,83,2026-07-20,3.3,3,Y,2026-07-27,42706
LD14553,Google Ads,Python for Data Analysis,Mumbai,15k-30k,19,2025-11-26,7.0,3,N,,0
LD14554,Instagram Ads,Business Analytics,Ahmedabad,15k-30k,65,2026-05-16,7.8,0,N,,0
LD14555,Instagram Ads,Full Stack Development,Pune,15k-30k,53,2026-03-25,8.5,4,N,,0
LD14556,Instagram Ads,Data Science Bootcamp,Mumbai,30k-50k,55,2025-12-21,1.9,2,N,,0
LD14557,LinkedIn,Data Science Bootcamp,Ahmedabad,50k+,62,2026-03-23,64.1,0,N,,0
LD14558,Referral,Python for Data Analysis,Kolkata,15k-30k,63,2026-01-06,27.9,1,Y,2026-01-24,20069
LD14559,Instagram Ads,Business Analytics,Kolkata,50k+,55,2026-04-19,48.0,3,N,,0
LD14560,LinkedIn,Full Stack Development,Chennai,30k-50k,46,2025-12-18,6.7,3,Y,2025-12-28,39664
LD14561,Instagram Ads,Digital Marketing,Chennai,50k+,77,2026-05-23,28.1,6,N,,0
LD14562,Instagram Ads,Digital Marketing,Chennai,15k-30k,86,2026-02-21,7.4,4,N,,0
LD14563,Google Ads,Power BI & Tableau,Hyderabad,30k-50k,31,2025-11-28,8.5,2,N,,0
LD14564,Google Ads,Full Stack Development,Chennai,15k-30k,14,2026-04-23,28.6,2,N,,0
LD14565,Walk-in,Full Stack Development,Pune,15k-30k,22,2026-02-05,39.2,1,N,,0
LD14566,Organic Search,Data Science Bootcamp,Chennai,50k+,53,2026-03-05,27.3,4,Y,2026-03-11,62193
LD14567,Google Ads,Data Science Bootcamp,Chennai,15k-30k,60,2026-04-30,1.6,5,N,,0
LD14568,Google Ads,Full Stack Development,Ahmedabad,15k-30k,74,2026-06-29,12.5,4,N,,0
LD14569,Instagram Ads,Digital Marketing,Ahmedabad,<15k,82,2025-12-15,34.3,5,N,,0
LD14570,Walk-in,Power BI & Tableau,Ahmedabad,50k+,43,2025-12-19,12.9,1,N,,0
LD14571,Google Ads,Power BI & Tableau,Hyderabad,50k+,63,2026-02-17,66.8,0,N,,0
LD14572,Instagram Ads,Business Analytics,Ahmedabad,<15k,51,2026-01-31,23.6,5,N,,0
LD14573,LinkedIn,Power BI & Tableau,Chennai,<15k,54,2025-12-13,2.6,2,N,,0
LD14574,Referral,Python for Data Analysis,Hyderabad,15k-30k,71,2026-07-30,4.6,1,N,,0
LD14575,Referral,Full Stack Development,Hyderabad,30k-50k,87,2026-02-28,47.9,6,N,,0
LD14576,Walk-in,Full Stack Development,Delhi NCR,30k-50k,78,2026-02-04,6.2,2,N,,0
LD14577,Google Ads,Full Stack Development,Ahmedabad,<15k,51,2026-01-25,9.5,2,N,,0
LD14578,Referral,Python for Data Analysis,Kolkata,15k-30k,86,2026-07-28,21.4,3,N,,0
LD14579,Walk-in,Business Analytics,Delhi NCR,50k+,34,2026-01-27,11.4,3,N,,0
LD14580,Instagram Ads,Power BI & Tableau,Chennai,30k-50k,57,2026-02-09,12.8,2,N,,0
LD14581,Organic Search,Business Analytics,Pune,50k+,38,2026-05-27,116.7,1,N,,0
LD14582,Referral,Power BI & Tableau,Bengaluru,30k-50k,52,2026-02-25,16.1,0,N,,0
LD14583,Referral,Power BI & Tableau,Chennai,<15k,47,2026-05-17,5.6,2,N,,0
LD14584,Google Ads,Power BI & Tableau,Hyderabad,<15k,67,2026-04-15,18.2,3,N,,0
LD14585,Google Ads,Power BI & Tableau,Kolkata,<15k,73,2026-04-02,20.1,3,N,,0
LD14586,Instagram Ads,Full Stack Development,Mumbai,15k-30k,48,2025-12-28,12.8,3,N,,0
LD14587,Organic Search,Business Analytics,Pune,15k-30k,35,2026-05-28,23.6,2,N,,0
LD14588,Organic Search,Data Science Bootcamp,Hyderabad,50k+,48,2026-07-10,3.2,2,N,,0
LD14589,Organic Search,Digital Marketing,Hyderabad,<15k,35,2026-01-08,0.4,2,N,,0
LD14590,Google Ads,Python for Data Analysis,Kolkata,50k+,70,2026-07-20,17.0,1,N,,0
LD14591,Instagram Ads,Python for Data Analysis,Pune,50k+,56,2026-03-02,1.7,5,N,,0
LD14592,Instagram Ads,Digital Marketing,Hyderabad,15k-30k,71,2026-02-16,36.9,0,N,,0
LD14593,Google Ads,Digital Marketing,Pune,30k-50k,78,2026-05-17,16.7,2,N,,0
LD14594,Instagram Ads,Full Stack Development,Delhi NCR,50k+,48,2026-07-26,12.4,2,N,,0
LD14595,Instagram Ads,Python for Data Analysis,Pune,<15k,85,2026-04-11,9.5,6,N,,0
LD14596,Instagram Ads,Digital Marketing,Mumbai,50k+,65,2026-03-21,60.2,1,N,,0
LD14597,Referral,Business Analytics,Hyderabad,30k-50k,62,2026-07-29,3.3,0,N,,0
LD14598,Google Ads,Digital Marketing,Hyderabad,50k+,51,2026-01-21,32.5,4,Y,2026-01-23,62278
LD14599,Walk-in,Power BI & Tableau,Bengaluru,30k-50k,45,2026-01-20,60.7,3,N,,0
LD14600,Instagram Ads,Power BI & Tableau,Bengaluru,<15k,52,2025-12-30,29.1,3,N,,0
LD14601,Google Ads,Full Stack Development,Hyderabad,30k-50k,35,2026-06-21,28.7,2,N,,0
LD14602,Referral,Business Analytics,Bengaluru,<15k,39,2025-11-05,23.0,1,N,,0
LD14603,Instagram Ads,Data Science Bootcamp,Kolkata,30k-50k,86,2026-06-12,5.1,3,N,,0
LD14604,Instagram Ads,Digital Marketing,Chennai,<15k,69,2026-05-07,20.5,1,N,,0
LD14605,Google Ads,Data Science Bootcamp,Mumbai,15k-30k,31,2026-01-14,25.2,1,N,,0
LD14606,Organic Search,Full Stack Development,Pune,50k+,100,2026-03-31,15.0,3,Y,2026-04-02,58834
LD14607,Google Ads,Power BI & Tableau,Chennai,15k-30k,31,2026-03-31,7.1,6,Y,2026-04-06,20229
LD14608,Organic Search,Data Science Bootcamp,Chennai,15k-30k,47,2026-07-10,45.8,3,N,,0
LD14609,LinkedIn,Power BI & Tableau,Ahmedabad,15k-30k,43,2025-12-12,2.0,0,N,,0
LD14610,Google Ads,Full Stack Development,Pune,15k-30k,52,2025-11-10,49.7,4,Y,2025-11-15,21950
LD14611,Organic Search,Python for Data Analysis,Bengaluru,<15k,58,2026-02-05,36.1,3,N,,0
LD14612,Organic Search,Power BI & Tableau,Delhi NCR,<15k,88,2025-12-07,4.3,2,N,,0
LD14613,Instagram Ads,Digital Marketing,Chennai,<15k,21,2026-02-08,68.9,2,N,,0
LD14614,Google Ads,Full Stack Development,Pune,15k-30k,38,2026-04-07,16.5,5,N,,0
LD14615,Walk-in,Data Science Bootcamp,Mumbai,50k+,44,2026-01-02,22.4,5,N,,0
LD14616,Instagram Ads,Power BI & Tableau,Chennai,15k-30k,32,2026-06-09,18.5,2,N,,0
LD14617,Instagram Ads,Python for Data Analysis,Ahmedabad,50k+,15,2025-11-25,8.3,7,N,,0
LD14618,Google Ads,Data Science Bootcamp,Chennai,<15k,34,2026-02-17,7.6,3,N,,0
LD14619,LinkedIn,Business Analytics,Pune,30k-50k,85,2026-07-08,27.9,5,N,,0
LD14620,Referral,Business Analytics,Mumbai,50k+,31,2026-05-19,8.7,5,N,,0
LD14621,Instagram Ads,Python for Data Analysis,Chennai,<15k,26,2026-05-16,20.2,3,N,,0
LD14622,Organic Search,Data Science Bootcamp,Hyderabad,50k+,72,2026-06-04,22.1,5,Y,2026-06-07,60193
LD14623,Google Ads,Power BI & Tableau,Chennai,<15k,60,2025-12-17,16.9,0,N,,0
LD14624,Google Ads,Power BI & Tableau,Mumbai,50k+,74,2026-06-13,11.3,1,Y,2026-06-17,60114
LD14625,Instagram Ads,Digital Marketing,Pune,30k-50k,50,2026-05-07,35.3,2,N,,0
LD14626,Google Ads,Python for Data Analysis,Delhi NCR,15k-30k,55,2026-04-06,6.9,0,N,,0
LD14627,Referral,Full Stack Development,Kolkata,50k+,59,2026-07-05,15.3,5,Y,2026-07-11,67387
LD14628,Instagram Ads,Python for Data Analysis,Hyderabad,50k+,59,2026-04-11,47.8,3,N,,0
LD14629,Instagram Ads,Python for Data Analysis,Ahmedabad,<15k,30,2026-01-21,12.2,3,N,,0
LD14630,Organic Search,Data Science Bootcamp,Ahmedabad,30k-50k,92,2026-05-18,29.7,0,N,,0
LD14631,Instagram Ads,Power BI & Tableau,Delhi NCR,50k+,44,2026-04-06,15.9,2,Y,2026-04-14,70872
LD14632,Organic Search,Python for Data Analysis,Bengaluru,30k-50k,54,2025-11-21,11.4,1,Y,2025-12-18,39189
LD14633,LinkedIn,Power BI & Tableau,Mumbai,<15k,39,2025-11-15,22.0,5,N,,0
LD14634,Instagram Ads,Data Science Bootcamp,Pune,30k-50k,41,2026-05-29,44.2,0,N,,0
LD14635,Referral,Full Stack Development,Bengaluru,30k-50k,63,2026-02-02,15.5,4,N,,0
LD14636,Organic Search,Power BI & Tableau,Bengaluru,<15k,37,2026-06-11,3.8,9,N,,0
LD14637,Referral,Digital Marketing,Mumbai,50k+,20,2026-02-21,2.1,4,N,,0
LD14638,Referral,Digital Marketing,Kolkata,<15k,36,2026-06-24,19.5,0,N,,0
LD14639,Instagram Ads,Full Stack Development,Chennai,15k-30k,56,2026-06-25,36.0,3,N,,0
LD14640,Instagram Ads,Full Stack Development,Mumbai,<15k,55,2025-12-31,13.2,6,N,,0
LD14641,Referral,Data Science Bootcamp,Pune,50k+,70,2026-04-27,7.9,3,N,,0
LD14642,LinkedIn,Business Analytics,Hyderabad,30k-50k,80,2026-04-13,22.0,3,N,,0
LD14643,Instagram Ads,Full Stack Development,Ahmedabad,15k-30k,91,2025-11-03,3.7,1,N,,0
LD14644,LinkedIn,Business Analytics,Bengaluru,<15k,58,2026-05-31,33.5,4,N,,0
LD14645,LinkedIn,Python for Data Analysis,Hyderabad,15k-30k,72,2026-02-12,15.7,4,N,,0
LD14646,Walk-in,Digital Marketing,Mumbai,<15k,23,2026-01-22,57.3,4,N,,0
LD14647,Organic Search,Full Stack Development,Pune,30k-50k,68,2025-11-11,5.1,4,N,,0
LD14648,Instagram Ads,Python for Data Analysis,Chennai,15k-30k,45,2026-03-27,47.4,1,N,,0
LD14649,Instagram Ads,Python for Data Analysis,Pune,<15k,41,2025-12-10,8.8,4,N,,0
LD14650,Organic Search,Business Analytics,Delhi NCR,15k-30k,91,2026-03-17,0.5,2,N,,0
LD14651,Google Ads,Python for Data Analysis,Mumbai,30k-50k,27,2025-12-30,16.2,5,N,,0
LD14652,Instagram Ads,Full Stack Development,Kolkata,30k-50k,54,2025-11-13,21.9,2,N,,0
LD14653,LinkedIn,Full Stack Development,Kolkata,<15k,52,2026-05-18,5.1,6,N,,0
LD14654,Referral,Python for Data Analysis,Delhi NCR,50k+,53,2026-02-15,10.7,3,Y,2026-02-24,70038
LD14655,Organic Search,Business Analytics,Delhi NCR,50k+,0,2026-03-01,12.1,1,N,,0
LD14656,Referral,Power BI & Tableau,Kolkata,<15k,79,2026-04-11,23.5,3,Y,2026-04-22,12464
LD14657,Organic Search,Data Science Bootcamp,Pune,50k+,48,2026-03-17,3.0,3,Y,2026-03-22,70846
LD14658,Google Ads,Full Stack Development,Hyderabad,15k-30k,43,2025-12-30,17.0,4,N,,0
LD14659,Organic Search,Full Stack Development,Hyderabad,<15k,50,2026-01-18,0.0,2,Y,2026-01-22,12221
LD14660,LinkedIn,Business Analytics,Hyderabad,50k+,60,2026-02-15,60.9,3,N,,0
LD14661,Referral,Business Analytics,Pune,30k-50k,63,2025-12-06,33.7,1,N,,0
LD14662,Instagram Ads,Full Stack Development,Kolkata,30k-50k,53,2025-11-22,37.4,3,N,,0
LD14663,Organic Search,Digital Marketing,Delhi NCR,30k-50k,64,2026-04-05,15.3,1,N,,0
LD14664,Instagram Ads,Power BI & Tableau,Hyderabad,30k-50k,74,2025-11-13,0.1,1,N,,0
LD14665,LinkedIn,Data Science Bootcamp,Mumbai,50k+,63,2026-02-16,6.0,3,Y,2026-02-20,65865
LD14666,Instagram Ads,Data Science Bootcamp,Mumbai,50k+,35,2025-11-23,3.0,3,N,,0
LD14667,Google Ads,Business Analytics,Ahmedabad,<15k,76,2026-03-16,6.3,4,N,,0
LD14668,Instagram Ads,Python for Data Analysis,Hyderabad,<15k,94,2026-05-30,4.0,2,N,,0
LD14669,LinkedIn,Business Analytics,Kolkata,<15k,54,2025-12-05,18.7,4,N,,0
LD14670,Instagram Ads,Business Analytics,Hyderabad,<15k,33,2025-12-06,11.9,8,N,,0
LD14671,LinkedIn,Business Analytics,Chennai,50k+,49,2026-04-01,1.0,2,Y,2026-05-07,62548
LD14672,LinkedIn,Python for Data Analysis,Ahmedabad,15k-30k,65,2026-03-13,10.9,3,N,,0
LD14673,Instagram Ads,Power BI & Tableau,Mumbai,<15k,39,2026-04-27,5.8,4,N,,0
LD14674,Instagram Ads,Business Analytics,Bengaluru,30k-50k,26,2025-12-23,23.8,3,N,,0
LD14675,Google Ads,Power BI & Tableau,Pune,<15k,62,2026-04-17,9.6,4,N,,0
LD14676,Instagram Ads,Digital Marketing,Pune,30k-50k,46,2026-05-19,9.3,1,N,,0
LD14677,LinkedIn,Digital Marketing,Mumbai,50k+,73,2026-01-06,2.0,1,N,,0
LD14678,Instagram Ads,Full Stack Development,Kolkata,<15k,63,2025-11-19,21.6,1,N,,0
LD14679,Google Ads,Python for Data Analysis,Delhi NCR,15k-30k,62,2026-05-31,6.8,1,N,,0
LD14680,Organic Search,Power BI & Tableau,Mumbai,<15k,84,2026-01-27,10.9,4,N,,0
LD14681,Google Ads,Business Analytics,Chennai,15k-30k,41,2026-07-10,25.5,3,N,,0
LD14682,Instagram Ads,Full Stack Development,Bengaluru,50k+,68,2025-11-24,2.2,0,N,,0
LD14683,Referral,Python for Data Analysis,Mumbai,<15k,45,2026-05-02,8.1,4,N,,0
LD14684,Instagram Ads,Power BI & Tableau,Pune,30k-50k,48,2026-02-23,10.8,2,N,,0
LD14685,Instagram Ads,Business Analytics,Bengaluru,30k-50k,76,2026-02-03,31.6,3,N,,0
LD14686,Instagram Ads,Data Science Bootcamp,Kolkata,<15k,53,2026-01-26,7.2,4,N,,0
LD14687,Instagram Ads,Power BI & Tableau,Pune,<15k,48,2026-04-11,7.4,4,N,,0
LD14688,Instagram Ads,Full Stack Development,Chennai,30k-50k,58,2025-11-06,13.9,4,N,,0
LD14689,LinkedIn,Data Science Bootcamp,Hyderabad,15k-30k,75,2026-01-22,1.3,3,N,,0
LD14690,Instagram Ads,Full Stack Development,Bengaluru,15k-30k,44,2026-07-27,15.2,2,Y,2026-08-07,20127
LD14691,Google Ads,Python for Data Analysis,Bengaluru,<15k,57,2026-04-17,57.1,4,N,,0
LD14692,Instagram Ads,Python for Data Analysis,Mumbai,<15k,58,2026-07-28,10.3,2,N,,0
LD14693,Instagram Ads,Full Stack Development,Hyderabad,<15k,15,2026-02-28,4.1,2,N,,0
LD14694,Referral,Data Science Bootcamp,Kolkata,50k+,56,2025-12-09,27.9,3,N,,0
LD14695,Instagram Ads,Digital Marketing,Ahmedabad,50k+,20,2025-11-12,30.5,4,N,,0
LD14696,LinkedIn,Full Stack Development,Ahmedabad,15k-30k,57,2026-06-11,8.6,2,N,,0
LD14697,Referral,Power BI & Tableau,Chennai,30k-50k,76,2025-12-24,10.0,6,Y,2026-01-01,36863
LD14698,Walk-in,Full Stack Development,Ahmedabad,50k+,64,2026-02-10,1.1,3,N,,0
LD14699,Google Ads,Business Analytics,Chennai,50k+,69,2026-05-25,6.7,1,N,,0
LD14700,Referral,Business Analytics,Delhi NCR,15k-30k,66,2026-06-20,7.3,10,N,,0
LD14701,Google Ads,Full Stack Development,Kolkata,15k-30k,90,2025-11-30,10.4,5,N,,0
LD14702,Google Ads,Digital Marketing,Chennai,15k-30k,49,2025-11-14,4.5,1,N,,0
LD14703,Google Ads,Full Stack Development,Kolkata,<15k,28,2026-07-17,0.8,7,N,,0
LD14704,Walk-in,Digital Marketing,Bengaluru,15k-30k,41,2026-07-10,8.0,1,N,,0
LD14705,Instagram Ads,Python for Data Analysis,Mumbai,50k+,51,2026-06-25,27.3,2,N,,0
LD14706,Walk-in,Python for Data Analysis,Chennai,15k-30k,39,2026-06-11,3.2,4,N,,0
LD14707,LinkedIn,Business Analytics,Kolkata,50k+,62,2025-11-03,23.9,4,N,,0
LD14708,Walk-in,Python for Data Analysis,Ahmedabad,50k+,79,2026-05-08,0.9,5,Y,2026-05-09,61398
LD14709,Organic Search,Python for Data Analysis,Ahmedabad,50k+,0,2025-11-30,46.9,3,N,,0
LD14710,Google Ads,Digital Marketing,Chennai,30k-50k,63,2026-03-02,5.8,4,Y,2026-03-03,43319
LD14711,Instagram Ads,Full Stack Development,Pune,50k+,38,2025-11-06,11.9,3,N,,0
LD14712,Referral,Full Stack Development,Mumbai,15k-30k,37,2025-12-27,0.3,3,N,,0
LD14713,Instagram Ads,Business Analytics,Mumbai,15k-30k,46,2026-03-26,29.9,3,N,,0
LD14714,Instagram Ads,Full Stack Development,Ahmedabad,30k-50k,37,2025-12-25,27.9,4,N,,0
LD14715,LinkedIn,Power BI & Tableau,Chennai,50k+,9,2026-03-22,84.2,4,N,,0
LD14716,Instagram Ads,Full Stack Development,Mumbai,30k-50k,77,2026-01-09,12.4,2,N,,0
LD14717,LinkedIn,Python for Data Analysis,Ahmedabad,15k-30k,62,2026-03-11,10.0,1,Y,2026-03-15,20164
LD14718,Instagram Ads,Data Science Bootcamp,Delhi NCR,50k+,36,2026-05-18,58.2,7,N,,0
LD14719,LinkedIn,Power BI & Tableau,Bengaluru,50k+,39,2025-12-08,37.5,5,N,,0
LD14720,LinkedIn,Business Analytics,Chennai,15k-30k,37,2026-05-09,2.2,2,N,,0
LD14721,Referral,Power BI & Tableau,Kolkata,15k-30k,59,2025-11-05,26.9,3,N,,0
LD14722,Instagram Ads,Power BI & Tableau,Pune,50k+,59,2026-04-08,1.3,2,N,,0
LD14723,Referral,Python for Data Analysis,Mumbai,<15k,50,2026-04-30,37.7,2,N,,0
LD14724,Instagram Ads,Python for Data Analysis,Delhi NCR,15k-30k,36,2025-11-11,15.1,6,N,,0
LD14725,Referral,Full Stack Development,Kolkata,15k-30k,40,2025-12-16,4.0,1,Y,2025-12-18,22787
LD14726,Referral,Power BI & Tableau,Pune,15k-30k,71,2026-01-16,21.0,6,N,,0
LD14727,Referral,Python for Data Analysis,Ahmedabad,30k-50k,51,2026-06-03,6.6,3,Y,2026-06-04,43764
LD14728,LinkedIn,Business Analytics,Ahmedabad,15k-30k,74,2026-04-17,17.2,5,N,,0
LD14729,Walk-in,Digital Marketing,Hyderabad,<15k,41,2025-11-14,28.0,3,N,,0
LD14730,Google Ads,Data Science Bootcamp,Bengaluru,<15k,55,2026-04-27,47.2,2,N,,0
LD14731,Organic Search,Data Science Bootcamp,Chennai,<15k,34,2025-11-02,5.2,1,N,,0
LD14732,Organic Search,Data Science Bootcamp,Chennai,30k-50k,40,2026-02-14,11.8,4,Y,2026-02-17,43774
LD14733,Walk-in,Business Analytics,Mumbai,15k-30k,100,2026-01-13,25.7,3,N,,0
LD14734,Instagram Ads,Digital Marketing,Chennai,<15k,55,2026-06-20,5.8,3,N,,0
LD14735,LinkedIn,Power BI & Tableau,Ahmedabad,30k-50k,24,2026-04-29,12.7,5,N,,0
LD14736,Instagram Ads,Python for Data Analysis,Pune,30k-50k,70,2026-06-23,5.0,5,N,,0
LD14737,LinkedIn,Digital Marketing,Hyderabad,30k-50k,83,2025-11-05,0.8,9,N,,0
LD14738,Instagram Ads,Power BI & Tableau,Pune,15k-30k,61,2026-06-24,15.6,4,N,,0
LD14739,Instagram Ads,Business Analytics,Hyderabad,50k+,95,2026-04-26,2.3,0,Y,2026-05-03,66270
LD14740,Instagram Ads,Power BI & Tableau,Pune,50k+,62,2026-01-02,9.3,1,N,,0
LD14741,Walk-in,Power BI & Tableau,Delhi NCR,50k+,42,2026-02-11,23.8,5,N,,0
LD14742,Google Ads,Full Stack Development,Hyderabad,15k-30k,58,2026-07-24,8.3,2,N,,0
LD14743,Google Ads,Full Stack Development,Ahmedabad,15k-30k,70,2025-11-27,26.0,1,N,,0
LD14744,Google Ads,Data Science Bootcamp,Pune,<15k,37,2026-01-25,30.8,9,N,,0
LD14745,LinkedIn,Python for Data Analysis,Kolkata,50k+,36,2026-06-24,37.8,3,N,,0
LD14746,LinkedIn,Python for Data Analysis,Bengaluru,15k-30k,100,2026-03-25,28.8,1,N,,0
LD14747,Instagram Ads,Power BI & Tableau,Ahmedabad,30k-50k,67,2025-12-20,4.8,2,N,,0
LD14748,Walk-in,Power BI & Tableau,Ahmedabad,15k-30k,57,2026-03-16,25.2,4,N,,0
LD14749,LinkedIn,Data Science Bootcamp,Chennai,50k+,50,2026-03-05,8.0,2,N,,0
LD14750,Google Ads,Digital Marketing,Chennai,<15k,84,2026-07-10,9.8,6,N,,0
LD14751,Instagram Ads,Data Science Bootcamp,Pune,15k-30k,29,2025-11-05,9.1,4,N,,0
LD14752,Google Ads,Power BI & Tableau,Kolkata,30k-50k,46,2026-01-06,16.8,1,Y,2026-01-09,37521
LD14753,Referral,Business Analytics,Mumbai,<15k,54,2026-03-24,10.9,3,N,,0
LD14754,Google Ads,Full Stack Development,Delhi NCR,30k-50k,29,2026-01-30,13.6,1,N,,0
LD14755,Walk-in,Full Stack Development,Chennai,<15k,26,2026-02-15,2.7,4,Y,2026-02-22,11805
LD14756,Instagram Ads,Power BI & Tableau,Bengaluru,50k+,96,2025-12-12,16.3,0,N,,0
LD14757,Organic Search,Power BI & Tableau,Pune,50k+,26,2026-02-02,0.7,3,N,,0
LD14758,Google Ads,Digital Marketing,Mumbai,30k-50k,98,2026-02-04,2.9,2,N,,0
LD14759,Organic Search,Power BI & Tableau,Bengaluru,30k-50k,41,2026-04-19,0.9,2,Y,2026-04-25,39824
LD14760,Google Ads,Python for Data Analysis,Pune,30k-50k,27,2026-01-03,13.1,2,N,,0
LD14761,Google Ads,Data Science Bootcamp,Delhi NCR,15k-30k,25,2026-07-25,3.9,0,N,,0
LD14762,Google Ads,Digital Marketing,Kolkata,50k+,47,2026-03-16,13.9,2,Y,2026-03-18,64024
LD14763,Instagram Ads,Digital Marketing,Delhi NCR,<15k,74,2026-06-09,7.1,5,N,,0
LD14764,Instagram Ads,Full Stack Development,Hyderabad,50k+,44,2026-04-19,20.3,1,N,,0
LD14765,LinkedIn,Digital Marketing,Pune,<15k,56,2026-06-27,13.0,3,N,,0
LD14766,Referral,Power BI & Tableau,Bengaluru,<15k,55,2026-07-01,2.2,2,N,,0
LD14767,Organic Search,Digital Marketing,Mumbai,50k+,38,2026-06-10,9.8,2,N,,0
LD14768,Google Ads,Python for Data Analysis,Kolkata,50k+,25,2025-11-08,13.4,3,N,,0
LD14769,LinkedIn,Data Science Bootcamp,Kolkata,30k-50k,41,2026-03-31,19.4,4,N,,0
LD14770,Google Ads,Digital Marketing,Kolkata,30k-50k,44,2026-01-15,16.5,2,N,,0
LD14771,Instagram Ads,Python for Data Analysis,Pune,30k-50k,49,2025-12-11,18.3,3,N,,0
LD14772,LinkedIn,Digital Marketing,Mumbai,30k-50k,64,2026-07-02,14.5,6,N,,0
LD14773,Google Ads,Python for Data Analysis,Delhi NCR,30k-50k,46,2026-04-28,6.8,2,N,,0
LD14774,Referral,Data Science Bootcamp,Hyderabad,50k+,44,2025-11-23,8.8,1,N,,0
LD14775,Referral,Full Stack Development,Hyderabad,30k-50k,99,2026-02-12,66.1,2,N,,0
LD14776,Google Ads,Data Science Bootcamp,Hyderabad,15k-30k,100,2026-07-20,18.0,0,N,,0
LD14777,Organic Search,Business Analytics,Pune,<15k,36,2026-04-16,7.9,1,N,,0
LD14778,Walk-in,Digital Marketing,Pune,<15k,33,2026-04-19,3.7,2,N,,0
LD14779,Google Ads,Power BI & Tableau,Hyderabad,15k-30k,37,2026-01-01,7.1,6,N,,0
LD14780,Referral,Data Science Bootcamp,Bengaluru,<15k,80,2026-01-04,31.8,3,N,,0
LD14781,Instagram Ads,Full Stack Development,Hyderabad,30k-50k,88,2025-12-11,15.6,4,N,,0
LD14782,Referral,Business Analytics,Chennai,50k+,39,2026-07-22,16.2,2,Y,2026-07-28,65956
LD14783,Instagram Ads,Full Stack Development,Hyderabad,<15k,63,2026-07-06,25.4,3,N,,0
LD14784,Google Ads,Data Science Bootcamp,Mumbai,15k-30k,85,2026-01-28,2.9,1,N,,0
LD14785,LinkedIn,Full Stack Development,Pune,<15k,52,2026-03-28,28.6,0,N,,0
LD14786,Organic Search,Data Science Bootcamp,Bengaluru,<15k,75,2025-12-26,7.0,1,N,,0
LD14787,Instagram Ads,Python for Data Analysis,Mumbai,15k-30k,54,2025-12-07,27.7,2,N,,0
LD14788,Organic Search,Data Science Bootcamp,Kolkata,<15k,81,2026-03-27,1.2,3,N,,0
LD14789,Google Ads,Digital Marketing,Ahmedabad,15k-30k,91,2026-06-06,86.8,3,N,,0
LD14790,Referral,Business Analytics,Pune,50k+,13,2026-06-23,0.6,2,Y,2026-07-04,66087
LD14791,Organic Search,Python for Data Analysis,Bengaluru,30k-50k,16,2026-01-23,19.1,1,N,,0
LD14792,LinkedIn,Python for Data Analysis,Bengaluru,15k-30k,56,2026-05-11,24.8,3,N,,0
LD14793,Google Ads,Data Science Bootcamp,Mumbai,15k-30k,74,2026-03-22,4.4,4,Y,2026-04-09,21627
LD14794,Instagram Ads,Digital Marketing,Mumbai,15k-30k,54,2025-12-06,20.7,1,N,,0
LD14795,Organic Search,Full Stack Development,Hyderabad,<15k,85,2026-07-29,7.0,2,N,,0
LD14796,Google Ads,Business Analytics,Chennai,15k-30k,54,2026-07-24,2.3,3,N,,0
LD14797,Walk-in,Business Analytics,Kolkata,15k-30k,7,2025-12-09,62.6,3,N,,0
LD14798,LinkedIn,Full Stack Development,Kolkata,30k-50k,43,2026-07-12,20.2,3,N,,0
LD14799,LinkedIn,Power BI & Tableau,Mumbai,30k-50k,45,2026-07-08,3.7,3,N,,0
LD14800,Organic Search,Python for Data Analysis,Chennai,30k-50k,55,2026-01-25,14.6,3,N,,0
LD14801,LinkedIn,Full Stack Development,Bengaluru,15k-30k,78,2026-04-01,12.8,6,N,,0
LD14802,Instagram Ads,Full Stack Development,Delhi NCR,30k-50k,35,2026-07-16,21.9,2,N,,0
LD14803,Organic Search,Business Analytics,Bengaluru,<15k,57,2025-12-02,100.3,3,N,,0
LD14804,Instagram Ads,Data Science Bootcamp,Chennai,50k+,39,2026-01-25,6.6,3,N,,0
LD14805,Organic Search,Full Stack Development,Kolkata,<15k,27,2026-06-28,14.4,1,N,,0
LD14806,LinkedIn,Data Science Bootcamp,Bengaluru,50k+,52,2026-05-17,43.6,3,N,,0
LD14807,Instagram Ads,Full Stack Development,Chennai,<15k,47,2026-05-27,0.3,2,N,,0
LD14808,Instagram Ads,Power BI & Tableau,Hyderabad,30k-50k,79,2026-06-28,12.9,6,N,,0
LD14809,Instagram Ads,Power BI & Tableau,Chennai,30k-50k,56,2026-02-21,1.0,4,N,,0
LD14810,Organic Search,Python for Data Analysis,Ahmedabad,30k-50k,72,2026-02-20,21.0,5,N,,0
LD14811,Instagram Ads,Digital Marketing,Delhi NCR,50k+,43,2026-02-28,13.7,3,N,,0
LD14812,Walk-in,Python for Data Analysis,Mumbai,30k-50k,18,2026-07-12,1.3,2,N,,0
LD14813,Referral,Business Analytics,Bengaluru,15k-30k,94,2026-07-02,25.2,4,N,,0
LD14814,Instagram Ads,Full Stack Development,Kolkata,30k-50k,41,2026-07-12,16.0,6,N,,0
LD14815,LinkedIn,Python for Data Analysis,Chennai,50k+,25,2026-01-13,2.1,2,N,,0
LD14816,Google Ads,Python for Data Analysis,Ahmedabad,50k+,30,2026-05-31,56.5,5,N,,0
LD14817,Instagram Ads,Python for Data Analysis,Pune,15k-30k,41,2025-11-29,2.0,2,Y,2025-12-06,22402
LD14818,Instagram Ads,Full Stack Development,Kolkata,50k+,58,2025-12-20,11.1,3,N,,0
LD14819,Organic Search,Data Science Bootcamp,Chennai,15k-30k,47,2026-05-27,46.0,6,N,,0
LD14820,Walk-in,Python for Data Analysis,Kolkata,15k-30k,33,2026-04-16,5.6,2,N,,0
LD14821,Google Ads,Digital Marketing,Kolkata,<15k,17,2026-01-11,16.3,2,N,,0
LD14822,Google Ads,Full Stack Development,Pune,15k-30k,85,2026-04-03,10.6,2,N,,0
LD14823,Instagram Ads,Power BI & Tableau,Mumbai,15k-30k,0,2026-01-02,20.8,3,N,,0
LD14824,Instagram Ads,Data Science Bootcamp,Kolkata,<15k,60,2026-01-02,19.1,3,N,,0
LD14825,Instagram Ads,Python for Data Analysis,Delhi NCR,15k-30k,59,2026-05-06,14.9,2,N,,0
LD14826,Referral,Digital Marketing,Bengaluru,15k-30k,71,2026-02-06,21.5,5,N,,0
LD14827,Instagram Ads,Python for Data Analysis,Pune,50k+,42,2026-05-06,22.8,4,N,,0
LD14828,Referral,Digital Marketing,Mumbai,30k-50k,70,2026-03-10,4.9,1,Y,2026-03-13,43978
LD14829,Google Ads,Business Analytics,Ahmedabad,50k+,75,2026-03-17,35.9,3,Y,2026-03-22,59163
LD14830,Google Ads,Python for Data Analysis,Pune,50k+,55,2026-04-14,17.8,2,N,,0
LD14831,Walk-in,Python for Data Analysis,Chennai,<15k,40,2026-05-13,7.9,2,N,,0
LD14832,Google Ads,Data Science Bootcamp,Chennai,<15k,71,2026-02-10,17.0,1,N,,0
LD14833,Organic Search,Full Stack Development,Delhi NCR,50k+,34,2026-06-20,28.8,3,Y,2026-06-23,59633
LD14834,Walk-in,Business Analytics,Ahmedabad,15k-30k,48,2026-03-14,25.8,0,N,,0
LD14835,Organic Search,Business Analytics,Ahmedabad,50k+,44,2025-12-07,9.2,5,N,,0
LD14836,Google Ads,Data Science Bootcamp,Pune,30k-50k,52,2025-12-22,25.7,2,N,,0
LD14837,LinkedIn,Digital Marketing,Kolkata,30k-50k,58,2025-11-08,26.1,4,N,,0
LD14838,Instagram Ads,Power BI & Tableau,Pune,<15k,54,2026-05-27,52.0,7,N,,0
LD14839,LinkedIn,Power BI & Tableau,Chennai,30k-50k,45,2025-11-04,7.8,3,Y,2025-11-06,40615
LD14840,Google Ads,Full Stack Development,Pune,30k-50k,62,2026-01-12,8.3,7,Y,2026-01-14,43432
LD14841,Referral,Digital Marketing,Hyderabad,50k+,59,2026-02-20,10.0,6,N,,0
LD14842,Instagram Ads,Data Science Bootcamp,Chennai,50k+,61,2026-05-21,0.7,2,N,,0
LD14843,Organic Search,Python for Data Analysis,Mumbai,15k-30k,36,2026-07-27,6.3,3,Y,2026-07-31,21390
LD14844,Organic Search,Digital Marketing,Chennai,15k-30k,58,2026-05-25,18.0,5,N,,0
LD14845,Referral,Full Stack Development,Delhi NCR,50k+,81,2025-11-18,43.3,3,Y,2025-11-23,70496
LD14846,Walk-in,Power BI & Tableau,Chennai,30k-50k,63,2026-07-11,3.8,3,N,,0
LD14847,Organic Search,Full Stack Development,Pune,15k-30k,60,2026-07-27,9.2,2,N,,0
LD14848,Organic Search,Digital Marketing,Mumbai,15k-30k,63,2026-06-24,69.7,3,N,,0
LD14849,Google Ads,Business Analytics,Ahmedabad,50k+,53,2026-03-13,6.2,2,N,,0
LD14850,Instagram Ads,Data Science Bootcamp,Hyderabad,30k-50k,57,2026-01-27,5.1,2,Y,2026-01-30,42226
LD14851,Google Ads,Python for Data Analysis,Chennai,15k-30k,47,2026-03-04,6.2,3,N,,0
LD14852,Instagram Ads,Data Science Bootcamp,Ahmedabad,50k+,46,2026-01-06,11.7,1,N,,0
LD14853,Organic Search,Power BI & Tableau,Hyderabad,30k-50k,55,2026-02-18,3.0,1,N,,0
LD14854,Instagram Ads,Python for Data Analysis,Mumbai,50k+,39,2025-11-11,2.0,3,N,,0
LD14855,Organic Search,Digital Marketing,Chennai,15k-30k,61,2026-05-19,109.5,4,N,,0
LD14856,Google Ads,Data Science Bootcamp,Mumbai,50k+,49,2026-02-11,16.3,1,Y,2026-02-12,66222
LD14857,Instagram Ads,Business Analytics,Chennai,<15k,62,2026-01-24,2.8,4,N,,0
LD14858,Referral,Digital Marketing,Pune,50k+,26,2026-04-15,14.6,2,N,,0
LD14859,Google Ads,Digital Marketing,Ahmedabad,30k-50k,38,2026-05-21,1.7,2,Y,2026-06-01,42295
LD14860,LinkedIn,Digital Marketing,Mumbai,15k-30k,26,2026-04-11,15.8,3,N,,0
LD14861,Walk-in,Power BI & Tableau,Delhi NCR,<15k,60,2026-03-23,42.4,5,N,,0
LD14862,LinkedIn,Full Stack Development,Mumbai,<15k,78,2026-06-27,9.0,3,N,,0
LD14863,Referral,Power BI & Tableau,Mumbai,30k-50k,67,2026-06-02,12.2,5,Y,2026-06-27,37525
LD14864,LinkedIn,Python for Data Analysis,Bengaluru,50k+,40,2026-03-22,13.1,1,N,,0
LD14865,Instagram Ads,Digital Marketing,Mumbai,30k-50k,73,2026-03-03,13.4,4,Y,2026-03-10,36104
LD14866,Instagram Ads,Business Analytics,Bengaluru,30k-50k,46,2026-06-13,16.1,3,N,,0
LD14867,Organic Search,Data Science Bootcamp,Hyderabad,50k+,76,2025-11-11,13.9,0,Y,2025-11-21,65287
LD14868,Instagram Ads,Digital Marketing,Pune,50k+,85,2026-07-29,14.8,4,N,,0
LD14869,LinkedIn,Python for Data Analysis,Pune,50k+,38,2026-03-21,3.5,1,N,,0
LD14870,Instagram Ads,Power BI & Tableau,Chennai,50k+,66,2026-02-16,5.4,4,N,,0
LD14871,Instagram Ads,Data Science Bootcamp,Ahmedabad,30k-50k,58,2026-05-19,28.7,2,Y,2026-06-04,38792
LD14872,Google Ads,Digital Marketing,Ahmedabad,15k-30k,75,2026-04-01,18.6,2,N,,0
LD14873,Referral,Digital Marketing,Pune,15k-30k,48,2026-03-20,35.4,2,N,,0
LD14874,LinkedIn,Digital Marketing,Hyderabad,<15k,69,2026-04-21,29.9,6,N,,0
LD14875,Google Ads,Data Science Bootcamp,Ahmedabad,30k-50k,22,2025-11-13,10.2,2,N,,0
LD14876,Walk-in,Digital Marketing,Chennai,15k-30k,36,2026-01-18,22.1,2,N,,0
LD14877,Google Ads,Full Stack Development,Bengaluru,50k+,48,2026-02-16,4.3,0,N,,0
LD14878,LinkedIn,Full Stack Development,Chennai,50k+,21,2026-01-22,9.6,6,N,,0
LD14879,Google Ads,Python for Data Analysis,Chennai,15k-30k,57,2026-06-13,27.7,4,N,,0
LD14880,Google Ads,Power BI & Tableau,Delhi NCR,<15k,34,2026-03-05,3.7,5,N,,0
LD14881,Instagram Ads,Digital Marketing,Bengaluru,<15k,5,2026-02-23,7.9,2,N,,0
LD14882,Referral,Full Stack Development,Ahmedabad,15k-30k,57,2026-04-16,3.6,3,N,,0
LD14883,Organic Search,Data Science Bootcamp,Pune,<15k,64,2025-11-14,12.7,4,N,,0
LD14884,Google Ads,Business Analytics,Pune,<15k,33,2026-03-21,21.6,4,N,,0
LD14885,Google Ads,Full Stack Development,Hyderabad,15k-30k,37,2025-12-08,29.4,4,N,,0
LD14886,Google Ads,Digital Marketing,Chennai,30k-50k,62,2026-06-14,17.9,4,Y,2026-06-27,43079
LD14887,Instagram Ads,Data Science Bootcamp,Chennai,50k+,66,2026-03-03,6.7,3,N,,0
LD14888,Google Ads,Data Science Bootcamp,Kolkata,50k+,39,2026-05-16,2.6,2,N,,0
LD14889,LinkedIn,Power BI & Tableau,Kolkata,<15k,38,2025-11-30,67.1,3,N,,0
LD14890,Organic Search,Full Stack Development,Pune,50k+,38,2026-05-31,2.6,3,Y,2026-06-05,66335
LD14891,Walk-in,Power BI & Tableau,Mumbai,<15k,64,2026-07-14,3.3,2,N,,0
LD14892,Google Ads,Python for Data Analysis,Hyderabad,15k-30k,46,2026-05-09,9.4,2,Y,2026-05-15,21681
LD14893,Instagram Ads,Digital Marketing,Mumbai,15k-30k,47,2025-12-06,28.3,2,N,,0
LD14894,Instagram Ads,Data Science Bootcamp,Bengaluru,<15k,40,2026-02-20,24.0,1,N,,0
LD14895,Walk-in,Full Stack Development,Ahmedabad,15k-30k,59,2026-03-03,17.3,2,N,,0
LD14896,Instagram Ads,Data Science Bootcamp,Mumbai,<15k,53,2025-12-18,8.6,0,N,,0
LD14897,Google Ads,Business Analytics,Pune,15k-30k,57,2026-04-10,7.0,0,N,,0
LD14898,Google Ads,Power BI & Tableau,Chennai,30k-50k,34,2026-05-13,23.7,1,N,,0
LD14899,Google Ads,Python for Data Analysis,Bengaluru,50k+,29,2025-12-25,10.2,2,N,,0
LD14900,Referral,Power BI & Tableau,Ahmedabad,30k-50k,78,2026-03-04,9.5,4,Y,2026-03-26,39914
LD14901,Instagram Ads,Data Science Bootcamp,Hyderabad,50k+,51,2026-01-07,15.2,4,Y,2026-01-28,70669
LD14902,Organic Search,Data Science Bootcamp,Bengaluru,15k-30k,52,2026-05-07,18.5,1,Y,2026-05-10,23462
LD14903,Google Ads,Business Analytics,Ahmedabad,15k-30k,24,2026-07-05,12.6,3,N,,0
LD14904,Google Ads,Data Science Bootcamp,Hyderabad,30k-50k,76,2026-06-05,7.5,1,N,,0
LD14905,Walk-in,Power BI & Tableau,Pune,30k-50k,65,2026-05-15,11.7,3,N,,0
LD14906,Organic Search,Python for Data Analysis,Pune,15k-30k,64,2025-12-03,15.7,8,N,,0
LD14907,Organic Search,Power BI & Tableau,Delhi NCR,<15k,83,2025-12-01,45.4,4,N,,0
LD14908,LinkedIn,Digital Marketing,Kolkata,30k-50k,62,2026-03-02,41.6,1,N,,0
LD14909,Walk-in,Business Analytics,Delhi NCR,15k-30k,34,2026-02-07,6.6,0,N,,0
LD14910,Instagram Ads,Digital Marketing,Chennai,15k-30k,24,2026-03-23,4.3,3,N,,0
LD14911,Instagram Ads,Digital Marketing,Hyderabad,50k+,39,2026-02-12,6.1,3,N,,0
LD14912,Google Ads,Full Stack Development,Ahmedabad,30k-50k,54,2026-06-03,9.5,0,N,,0
LD14913,LinkedIn,Data Science Bootcamp,Kolkata,50k+,77,2026-03-19,18.0,4,N,,0
LD14914,LinkedIn,Business Analytics,Hyderabad,15k-30k,87,2026-07-17,6.3,2,N,,0
LD14915,LinkedIn,Data Science Bootcamp,Hyderabad,50k+,0,2026-02-11,6.8,4,N,,0
LD14916,LinkedIn,Full Stack Development,Mumbai,15k-30k,58,2026-02-11,0.1,2,N,,0
LD14917,LinkedIn,Power BI & Tableau,Mumbai,30k-50k,42,2026-05-28,5.3,1,N,,0
LD14918,Organic Search,Power BI & Tableau,Chennai,30k-50k,38,2026-07-07,0.0,2,Y,2026-07-08,42078
LD14919,Google Ads,Python for Data Analysis,Mumbai,<15k,70,2026-04-03,16.5,1,Y,2026-04-07,12137
LD14920,Referral,Power BI & Tableau,Mumbai,30k-50k,66,2026-04-29,15.5,6,N,,0
LD14921,Organic Search,Power BI & Tableau,Delhi NCR,<15k,52,2025-12-10,15.8,5,N,,0
LD14922,LinkedIn,Data Science Bootcamp,Pune,15k-30k,31,2026-06-25,6.2,6,N,,0
LD14923,Instagram Ads,Digital Marketing,Ahmedabad,15k-30k,53,2025-12-18,3.6,3,N,,0
LD14924,Google Ads,Full Stack Development,Chennai,50k+,59,2026-05-13,30.5,3,Y,2026-05-24,61346
LD14925,LinkedIn,Python for Data Analysis,Pune,50k+,80,2026-02-22,2.5,6,N,,0
LD14926,LinkedIn,Python for Data Analysis,Delhi NCR,50k+,94,2026-01-23,4.8,4,Y,2026-01-26,64690
LD14927,LinkedIn,Full Stack Development,Hyderabad,15k-30k,59,2026-05-28,7.2,2,Y,2026-05-29,21480
LD14928,Instagram Ads,Power BI & Tableau,Bengaluru,<15k,100,2026-03-01,11.7,4,N,,0
LD14929,Google Ads,Data Science Bootcamp,Bengaluru,<15k,58,2026-04-20,46.4,3,N,,0
LD14930,Organic Search,Digital Marketing,Delhi NCR,<15k,31,2025-12-02,2.6,3,N,,0
LD14931,Walk-in,Python for Data Analysis,Pune,50k+,43,2025-12-05,36.9,3,Y,2025-12-07,65007
LD14932,Walk-in,Data Science Bootcamp,Chennai,<15k,26,2025-12-25,15.5,2,N,,0
LD14933,LinkedIn,Business Analytics,Kolkata,15k-30k,81,2026-04-18,9.2,2,N,,0
LD14934,Instagram Ads,Full Stack Development,Hyderabad,30k-50k,38,2026-01-08,4.9,3,N,,0
LD14935,Google Ads,Digital Marketing,Bengaluru,50k+,52,2026-03-05,46.7,10,N,,0
LD14936,Instagram Ads,Digital Marketing,Hyderabad,<15k,67,2026-06-21,23.8,5,N,,0
LD14937,Referral,Digital Marketing,Delhi NCR,15k-30k,80,2026-03-28,14.9,1,N,,0
LD14938,Instagram Ads,Python for Data Analysis,Hyderabad,15k-30k,36,2025-11-01,25.7,2,N,,0
LD14939,Instagram Ads,Full Stack Development,Ahmedabad,<15k,53,2026-06-28,24.4,1,N,,0
LD14940,Instagram Ads,Business Analytics,Hyderabad,<15k,50,2026-01-03,21.9,2,N,,0
LD14941,Google Ads,Data Science Bootcamp,Ahmedabad,15k-30k,54,2026-04-09,2.1,3,N,,0
LD14942,Google Ads,Power BI & Tableau,Delhi NCR,30k-50k,58,2026-03-09,7.7,3,N,,0
LD14943,Instagram Ads,Data Science Bootcamp,Hyderabad,50k+,72,2026-02-19,26.5,1,N,,0
LD14944,Instagram Ads,Full Stack Development,Mumbai,15k-30k,77,2025-11-21,20.5,4,Y,2025-12-09,22649
LD14945,Google Ads,Data Science Bootcamp,Kolkata,50k+,30,2026-04-12,25.8,1,N,,0
LD14946,Instagram Ads,Data Science Bootcamp,Ahmedabad,<15k,69,2026-01-05,11.6,1,N,,0
LD14947,Google Ads,Python for Data Analysis,Kolkata,50k+,47,2026-03-29,20.9,3,Y,2026-04-06,60487
LD14948,Walk-in,Business Analytics,Bengaluru,<15k,65,2026-04-18,36.7,5,N,,0
LD14949,LinkedIn,Full Stack Development,Delhi NCR,<15k,47,2026-04-01,55.2,3,N,,0
LD14950,Organic Search,Full Stack Development,Ahmedabad,30k-50k,44,2026-06-13,6.8,5,N,,0
LD14951,Organic Search,Business Analytics,Bengaluru,30k-50k,69,2025-11-13,14.1,2,N,,0
LD14952,Instagram Ads,Full Stack Development,Mumbai,30k-50k,40,2025-12-10,6.1,3,N,,0
LD14953,Google Ads,Business Analytics,Bengaluru,50k+,52,2026-04-27,15.0,4,Y,2026-05-10,67614
LD14954,Instagram Ads,Full Stack Development,Kolkata,<15k,65,2025-11-10,10.6,3,N,,0
LD14955,Referral,Power BI & Tableau,Mumbai,50k+,62,2026-06-21,15.4,6,N,,0
LD14956,Instagram Ads,Full Stack Development,Delhi NCR,<15k,52,2026-05-01,38.9,3,N,,0
LD14957,Google Ads,Digital Marketing,Chennai,<15k,70,2026-06-16,44.0,2,N,,0
LD14958,Organic Search,Python for Data Analysis,Pune,50k+,60,2026-01-20,29.0,1,N,,0
LD14959,Organic Search,Digital Marketing,Pune,30k-50k,59,2026-07-09,14.6,3,N,,0
LD14960,Referral,Digital Marketing,Kolkata,30k-50k,46,2025-11-13,16.1,2,N,,0
LD14961,Referral,Business Analytics,Chennai,50k+,47,2026-02-21,14.9,3,Y,2026-03-22,64913
LD14962,Instagram Ads,Python for Data Analysis,Delhi NCR,30k-50k,85,2025-12-18,20.0,3,N,,0
LD14963,Instagram Ads,Business Analytics,Kolkata,50k+,46,2026-05-02,8.8,4,N,,0
LD14964,Organic Search,Digital Marketing,Hyderabad,50k+,42,2026-04-15,30.9,5,N,,0
LD14965,Instagram Ads,Power BI & Tableau,Pune,30k-50k,74,2026-05-07,12.6,6,N,,0
LD14966,Instagram Ads,Digital Marketing,Ahmedabad,30k-50k,54,2026-04-11,4.0,2,N,,0
LD14967,Google Ads,Python for Data Analysis,Bengaluru,15k-30k,59,2026-06-02,1.7,7,N,,0
LD14968,LinkedIn,Digital Marketing,Chennai,15k-30k,43,2025-12-18,19.8,3,N,,0
LD14969,Instagram Ads,Power BI & Tableau,Pune,15k-30k,94,2026-03-04,69.5,2,N,,0
LD14970,Google Ads,Business Analytics,Hyderabad,50k+,34,2026-04-07,6.5,3,Y,2026-04-11,70037
LD14971,LinkedIn,Python for Data Analysis,Bengaluru,<15k,34,2026-07-12,14.8,3,N,,0
LD14972,Referral,Power BI & Tableau,Bengaluru,<15k,40,2025-11-25,16.4,3,N,,0
LD14973,Google Ads,Digital Marketing,Mumbai,15k-30k,74,2026-01-20,9.0,5,N,,0
LD14974,Google Ads,Full Stack Development,Ahmedabad,30k-50k,31,2026-02-08,40.9,2,N,,0
LD14975,Google Ads,Data Science Bootcamp,Chennai,30k-50k,36,2026-02-11,19.4,4,N,,0
LD14976,Google Ads,Power BI & Tableau,Kolkata,50k+,33,2025-11-18,10.0,1,Y,2025-11-19,64759
LD14977,Google Ads,Business Analytics,Kolkata,30k-50k,27,2026-02-24,49.3,2,N,,0
LD14978,Instagram Ads,Full Stack Development,Mumbai,<15k,68,2026-03-30,54.8,0,N,,0
LD14979,Google Ads,Full Stack Development,Pune,50k+,83,2026-01-18,25.4,6,N,,0
LD14980,LinkedIn,Full Stack Development,Bengaluru,15k-30k,49,2025-12-06,32.3,2,Y,2026-01-04,20839
LD14981,Google Ads,Power BI & Tableau,Ahmedabad,<15k,46,2026-05-08,5.8,0,N,,0
LD14982,Walk-in,Business Analytics,Delhi NCR,<15k,49,2026-01-13,21.6,5,N,,0
LD14983,Instagram Ads,Business Analytics,Delhi NCR,50k+,48,2026-03-23,9.1,3,Y,2026-03-27,65212
LD14984,Instagram Ads,Business Analytics,Mumbai,<15k,83,2026-03-23,2.9,4,N,,0
LD14985,Google Ads,Data Science Bootcamp,Bengaluru,<15k,73,2026-05-08,0.9,1,N,,0
LD14986,Walk-in,Digital Marketing,Mumbai,<15k,54,2026-04-16,76.5,0,N,,0
LD14987,Instagram Ads,Business Analytics,Hyderabad,<15k,52,2025-11-29,36.1,3,N,,0
LD14988,Instagram Ads,Digital Marketing,Hyderabad,50k+,57,2026-05-18,81.0,5,N,,0
LD14989,Instagram Ads,Python for Data Analysis,Kolkata,30k-50k,48,2026-04-20,9.1,6,N,,0
LD14990,Walk-in,Data Science Bootcamp,Chennai,30k-50k,22,2026-07-27,42.8,4,N,,0
LD14991,Referral,Python for Data Analysis,Mumbai,30k-50k,47,2026-03-12,1.3,0,Y,2026-03-22,41727
LD14992,Walk-in,Digital Marketing,Ahmedabad,50k+,41,2026-05-07,6.7,5,N,,0
LD14993,Organic Search,Full Stack Development,Ahmedabad,<15k,44,2026-07-12,108.1,7,N,,0
LD14994,Google Ads,Data Science Bootcamp,Chennai,50k+,69,2026-07-27,7.6,6,N,,0
LD14995,Referral,Digital Marketing,Delhi NCR,<15k,48,2026-01-17,49.5,3,N,,0
LD14996,Referral,Full Stack Development,Kolkata,50k+,28,2026-04-15,8.5,6,N,,0
LD14997,Google Ads,Power BI & Tableau,Kolkata,<15k,60,2026-01-25,14.3,6,N,,0
LD14998,Google Ads,Full Stack Development,Ahmedabad,30k-50k,54,2026-03-23,0.0,5,N,,0
LD14999,Google Ads,Data Science Bootcamp,Bengaluru,50k+,84,2026-07-29,7.8,2,N,,0
LD15000,Walk-in,Python for Data Analysis,Ahmedabad,<15k,76,2026-02-04,16.6,3,N,,0
LD15001,Instagram Ads,Digital Marketing,Hyderabad,<15k,46,2025-12-05,18.4,2,N,,0
LD15002,LinkedIn,Business Analytics,Ahmedabad,<15k,41,2026-04-02,1.2,4,N,,0
LD15003,Google Ads,Python for Data Analysis,Mumbai,30k-50k,50,2026-03-21,2.6,3,N,,0
LD15004,Google Ads,Power BI & Tableau,Bengaluru,50k+,26,2026-04-21,4.0,4,N,,0
LD15005,Instagram Ads,Digital Marketing,Ahmedabad,30k-50k,39,2026-03-14,2.6,2,N,,0
LD15006,Instagram Ads,Business Analytics,Hyderabad,50k+,34,2025-12-19,21.0,1,Y,2025-12-24,69445
LD15007,Instagram Ads,Data Science Bootcamp,Bengaluru,15k-30k,83,2026-04-15,14.1,4,N,,0
LD15008,LinkedIn,Power BI & Tableau,Hyderabad,50k+,32,2026-05-12,3.5,4,Y,2026-05-26,69720
LD15009,Google Ads,Power BI & Tableau,Ahmedabad,15k-30k,41,2026-07-25,17.7,2,N,,0
LD15010,Instagram Ads,Digital Marketing,Bengaluru,50k+,50,2025-10-31,1.6,5,N,,0
LD15011,Google Ads,Digital Marketing,Ahmedabad,<15k,55,2025-11-06,10.5,2,N,,0
LD15012,Google Ads,Business Analytics,Delhi NCR,50k+,38,2026-04-19,67.0,5,N,,0
LD15013,Instagram Ads,Business Analytics,Delhi NCR,<15k,32,2025-12-02,4.5,2,N,,0
LD15014,Organic Search,Power BI & Tableau,Kolkata,30k-50k,64,2026-06-19,7.8,5,N,,0
LD15015,Referral,Data Science Bootcamp,Hyderabad,15k-30k,44,2026-06-06,7.4,4,N,,0
LD15016,LinkedIn,Business Analytics,Ahmedabad,50k+,100,2026-07-30,19.2,6,Y,2026-09-05,71128
LD15017,Organic Search,Business Analytics,Kolkata,<15k,53,2026-02-21,11.9,3,N,,0
LD15018,Organic Search,Full Stack Development,Kolkata,15k-30k,44,2026-01-30,13.1,4,N,,0
LD15019,Organic Search,Data Science Bootcamp,Pune,30k-50k,68,2026-04-01,9.6,3,N,,0
LD15020,Organic Search,Business Analytics,Ahmedabad,30k-50k,80,2026-04-23,1.1,2,N,,0
LD15021,Organic Search,Business Analytics,Hyderabad,50k+,74,2025-11-03,15.5,2,N,,0
LD15022,Instagram Ads,Data Science Bootcamp,Pune,15k-30k,76,2025-12-24,28.8,1,N,,0
LD15023,Organic Search,Business Analytics,Ahmedabad,<15k,42,2026-01-15,15.8,5,N,,0
LD15024,Organic Search,Python for Data Analysis,Kolkata,30k-50k,38,2026-06-03,2.7,3,N,,0
LD15025,Google Ads,Data Science Bootcamp,Hyderabad,30k-50k,54,2026-01-23,10.1,5,N,,0
LD15026,Organic Search,Python for Data Analysis,Bengaluru,50k+,58,2026-03-18,15.0,3,Y,2026-03-27,58562
LD15027,LinkedIn,Digital Marketing,Kolkata,50k+,59,2026-01-27,18.1,2,N,,0
LD15028,Instagram Ads,Data Science Bootcamp,Hyderabad,<15k,63,2025-11-01,7.1,4,N,,0
LD15029,Google Ads,Digital Marketing,Ahmedabad,30k-50k,16,2026-05-06,22.3,1,N,,0
LD15030,Referral,Python for Data Analysis,Pune,15k-30k,75,2026-02-01,8.3,1,N,,0
LD15031,Instagram Ads,Data Science Bootcamp,Pune,<15k,86,2026-05-16,39.7,4,N,,0
LD15032,Google Ads,Data Science Bootcamp,Mumbai,15k-30k,74,2026-04-17,0.1,3,Y,2026-04-20,23432
LD15033,Google Ads,Python for Data Analysis,Delhi NCR,30k-50k,43,2025-11-07,9.7,3,N,,0
LD15034,Instagram Ads,Python for Data Analysis,Pune,<15k,44,2025-12-17,6.0,6,N,,0
LD15035,Instagram Ads,Power BI & Tableau,Hyderabad,50k+,70,2026-01-29,25.0,3,N,,0
LD15036,Google Ads,Power BI & Tableau,Mumbai,<15k,77,2026-01-31,2.8,4,N,,0
LD15037,Google Ads,Business Analytics,Delhi NCR,15k-30k,40,2026-05-02,15.0,3,N,,0
LD15038,Organic Search,Business Analytics,Bengaluru,50k+,78,2026-07-08,2.8,4,Y,2026-07-15,58806
LD15039,LinkedIn,Digital Marketing,Bengaluru,<15k,18,2026-06-05,7.8,4,N,,0
LD15040,Google Ads,Data Science Bootcamp,Bengaluru,30k-50k,80,2026-04-25,9.5,1,Y,2026-04-27,38013
LD15041,LinkedIn,Digital Marketing,Chennai,15k-30k,91,2026-03-11,17.0,5,N,,0
LD15042,Organic Search,Business Analytics,Mumbai,50k+,87,2026-04-20,56.8,2,Y,2026-04-21,59473
LD15043,Google Ads,Business Analytics,Ahmedabad,50k+,65,2026-07-01,1.0,3,N,,0
LD15044,LinkedIn,Python for Data Analysis,Hyderabad,15k-30k,66,2026-03-26,3.7,3,Y,2026-04-09,22470
LD15045,Instagram Ads,Business Analytics,Hyderabad,50k+,53,2026-01-30,12.3,1,N,,0
LD15046,Walk-in,Business Analytics,Pune,15k-30k,72,2026-06-02,9.2,3,Y,2026-06-10,23268
LD15047,Referral,Data Science Bootcamp,Hyderabad,50k+,58,2026-02-21,36.7,2,Y,2026-02-24,60179
LD15048,Organic Search,Power BI & Tableau,Mumbai,15k-30k,49,2026-05-21,12.6,4,N,,0
LD15049,Walk-in,Full Stack Development,Chennai,50k+,32,2026-06-15,1.0,2,Y,2026-07-04,68331
LD15050,Walk-in,Business Analytics,Kolkata,30k-50k,66,2026-01-20,31.9,1,N,,0
LD15051,Google Ads,Data Science Bootcamp,Bengaluru,50k+,63,2026-05-16,10.0,2,N,,0
LD15052,LinkedIn,Digital Marketing,Bengaluru,50k+,30,2026-01-25,14.7,0,N,,0
LD15053,LinkedIn,Business Analytics,Kolkata,30k-50k,78,2026-03-26,12.5,2,N,,0
LD15054,LinkedIn,Python for Data Analysis,Pune,15k-30k,60,2025-12-26,14.5,2,N,,0
LD15055,Referral,Python for Data Analysis,Pune,50k+,28,2026-05-06,54.7,2,N,,0
LD15056,Referral,Business Analytics,Ahmedabad,30k-50k,38,2026-06-06,10.3,2,N,,0
LD15057,Instagram Ads,Data Science Bootcamp,Bengaluru,50k+,32,2026-06-30,29.9,4,N,,0
LD15058,Instagram Ads,Python for Data Analysis,Hyderabad,<15k,40,2026-02-04,6.3,2,N,,0
LD15059,Organic Search,Full Stack Development,Bengaluru,15k-30k,65,2026-07-22,45.1,5,N,,0
LD15060,Organic Search,Digital Marketing,Kolkata,30k-50k,74,2026-01-15,12.8,1,N,,0
LD15061,Organic Search,Digital Marketing,Chennai,50k+,34,2025-11-08,13.6,2,N,,0
LD15062,Organic Search,Digital Marketing,Delhi NCR,30k-50k,49,2026-07-26,3.0,3,Y,2026-08-02,42705
LD15063,LinkedIn,Python for Data Analysis,Kolkata,50k+,61,2026-04-20,21.0,1,N,,0
LD15064,Google Ads,Full Stack Development,Ahmedabad,15k-30k,93,2026-06-17,52.3,3,N,,0
LD15065,Instagram Ads,Digital Marketing,Ahmedabad,<15k,40,2026-04-04,13.0,2,N,,0
LD15066,Google Ads,Digital Marketing,Delhi NCR,<15k,52,2026-02-14,76.8,1,N,,0
LD15067,Organic Search,Full Stack Development,Delhi NCR,30k-50k,65,2026-04-11,11.5,2,Y,2026-04-15,41980
LD15068,Instagram Ads,Digital Marketing,Chennai,15k-30k,46,2026-06-24,37.9,2,N,,0
LD15069,Organic Search,Digital Marketing,Mumbai,15k-30k,46,2026-05-24,38.5,3,N,,0
LD15070,Instagram Ads,Digital Marketing,Mumbai,30k-50k,78,2026-05-11,7.7,6,N,,0
LD15071,Google Ads,Digital Marketing,Delhi NCR,50k+,22,2026-01-24,3.9,3,Y,2026-01-30,63618
LD15072,Google Ads,Digital Marketing,Mumbai,50k+,90,2025-11-08,17.9,4,N,,0
LD15073,Instagram Ads,Power BI & Tableau,Delhi NCR,15k-30k,44,2026-02-20,8.5,7,N,,0
LD15074,Organic Search,Business Analytics,Chennai,30k-50k,60,2026-03-15,14.7,2,Y,2026-03-20,40186
LD15075,LinkedIn,Business Analytics,Pune,50k+,56,2026-01-03,22.7,2,N,,0
LD15076,Organic Search,Data Science Bootcamp,Mumbai,30k-50k,38,2026-03-03,2.6,1,N,,0
LD15077,LinkedIn,Business Analytics,Pune,30k-50k,59,2026-07-17,32.7,3,Y,2026-07-20,36763
LD15078,Referral,Full Stack Development,Chennai,50k+,46,2025-12-29,18.7,6,N,,0
LD15079,Referral,Business Analytics,Ahmedabad,50k+,55,2026-01-21,21.8,2,N,,0
LD15080,Instagram Ads,Full Stack Development,Ahmedabad,30k-50k,45,2025-11-30,13.0,1,N,,0
LD15081,Instagram Ads,Power BI & Tableau,Pune,30k-50k,57,2026-06-02,28.5,5,N,,0
LD15082,LinkedIn,Digital Marketing,Delhi NCR,<15k,44,2026-05-31,7.7,3,N,,0
LD15083,Referral,Data Science Bootcamp,Kolkata,50k+,57,2026-07-07,33.1,2,N,,0
LD15084,Instagram Ads,Data Science Bootcamp,Mumbai,<15k,83,2026-03-01,24.4,1,N,,0
LD15085,Instagram Ads,Digital Marketing,Ahmedabad,50k+,54,2025-11-06,19.5,1,N,,0
LD15086,Google Ads,Power BI & Tableau,Kolkata,30k-50k,14,2026-03-11,12.3,2,N,,0
LD15087,Instagram Ads,Business Analytics,Bengaluru,30k-50k,41,2026-03-16,23.0,4,N,,0
LD15088,LinkedIn,Python for Data Analysis,Hyderabad,50k+,53,2025-12-21,9.1,4,Y,2026-01-14,69386
LD15089,Organic Search,Python for Data Analysis,Kolkata,50k+,85,2026-07-10,6.5,4,Y,2026-07-14,60937
LD15090,Organic Search,Digital Marketing,Pune,<15k,69,2026-05-18,35.9,6,N,,0
LD15091,LinkedIn,Business Analytics,Chennai,<15k,45,2026-03-22,38.5,4,N,,0
LD15092,Walk-in,Data Science Bootcamp,Hyderabad,<15k,99,2026-05-30,1.0,3,N,,0
LD15093,Instagram Ads,Digital Marketing,Delhi NCR,<15k,54,2025-12-09,77.0,3,N,,0
LD15094,Google Ads,Business Analytics,Kolkata,<15k,31,2026-06-26,9.3,2,N,,0
LD15095,Instagram Ads,Business Analytics,Bengaluru,<15k,36,2026-06-12,1.6,2,N,,0
LD15096,Instagram Ads,Data Science Bootcamp,Chennai,<15k,21,2026-07-14,8.9,4,N,,0
LD15097,Organic Search,Power BI & Tableau,Delhi NCR,30k-50k,49,2026-05-03,3.1,4,N,,0
LD15098,Instagram Ads,Python for Data Analysis,Mumbai,15k-30k,61,2025-12-06,0.3,2,N,,0
LD15099,Instagram Ads,Business Analytics,Chennai,30k-50k,56,2026-05-16,13.7,3,N,,0
LD15100,Google Ads,Business Analytics,Bengaluru,15k-30k,53,2026-03-05,3.3,2,N,,0
LD15101,LinkedIn,Power BI & Tableau,Mumbai,30k-50k,50,2026-05-13,10.1,2,N,,0
LD15102,Instagram Ads,Business Analytics,Mumbai,50k+,83,2026-03-22,27.6,3,N,,0
LD15103,Referral,Power BI & Tableau,Pune,<15k,62,2025-11-01,4.7,1,N,,0
LD15104,Instagram Ads,Data Science Bootcamp,Ahmedabad,30k-50k,64,2026-07-12,55.8,3,N,,0
LD15105,Instagram Ads,Data Science Bootcamp,Mumbai,<15k,45,2026-05-06,1.9,2,N,,0
LD15106,Organic Search,Python for Data Analysis,Mumbai,15k-30k,24,2026-04-11,1.5,4,N,,0
LD15107,Instagram Ads,Python for Data Analysis,Pune,15k-30k,55,2025-11-23,8.7,4,N,,0
LD15108,Google Ads,Business Analytics,Hyderabad,30k-50k,71,2026-03-07,17.1,3,N,,0
LD15109,Walk-in,Data Science Bootcamp,Delhi NCR,15k-30k,32,2025-11-12,5.2,1,Y,2025-11-13,22331
LD15110,Google Ads,Python for Data Analysis,Ahmedabad,50k+,25,2026-03-22,0.3,4,N,,0
LD15111,LinkedIn,Business Analytics,Hyderabad,15k-30k,50,2026-04-28,3.6,3,Y,2026-05-04,20715
LD15112,Instagram Ads,Data Science Bootcamp,Ahmedabad,50k+,73,2026-01-24,3.2,1,N,,0
LD15113,Instagram Ads,Python for Data Analysis,Kolkata,15k-30k,100,2026-04-06,14.5,1,N,,0
LD15114,Organic Search,Power BI & Tableau,Bengaluru,50k+,28,2026-01-24,8.3,4,N,,0
LD15115,Organic Search,Power BI & Tableau,Mumbai,30k-50k,93,2026-07-01,64.6,2,N,,0
LD15116,Google Ads,Full Stack Development,Kolkata,50k+,61,2026-01-26,7.4,0,N,,0
LD15117,Instagram Ads,Power BI & Tableau,Chennai,30k-50k,54,2025-12-22,11.0,4,N,,0
LD15118,Google Ads,Data Science Bootcamp,Kolkata,50k+,62,2026-01-14,0.3,2,Y,2026-01-22,69475
LD15119,Referral,Python for Data Analysis,Chennai,15k-30k,70,2026-01-26,6.3,1,N,,0
LD15120,Instagram Ads,Business Analytics,Kolkata,<15k,82,2026-02-28,4.2,6,N,,0
LD15121,Walk-in,Business Analytics,Mumbai,50k+,67,2025-12-02,7.4,5,N,,0
LD15122,Instagram Ads,Business Analytics,Chennai,30k-50k,54,2025-12-10,6.1,2,N,,0
LD15123,Walk-in,Python for Data Analysis,Mumbai,30k-50k,76,2026-01-13,54.5,4,N,,0
LD15124,Organic Search,Full Stack Development,Mumbai,30k-50k,48,2025-11-04,24.6,4,N,,0
LD15125,Instagram Ads,Python for Data Analysis,Bengaluru,50k+,83,2026-04-19,1.9,1,N,,0
LD15126,Walk-in,Full Stack Development,Hyderabad,15k-30k,81,2026-03-20,31.3,2,N,,0
LD15127,LinkedIn,Python for Data Analysis,Kolkata,<15k,42,2025-12-26,3.0,3,N,,0
LD15128,Walk-in,Power BI & Tableau,Chennai,30k-50k,48,2026-02-03,41.6,6,Y,2026-02-08,36438
LD15129,Walk-in,Python for Data Analysis,Ahmedabad,<15k,69,2026-01-25,8.0,3,N,,0
LD15130,Walk-in,Python for Data Analysis,Kolkata,50k+,32,2025-12-08,2.6,1,N,,0
LD15131,LinkedIn,Data Science Bootcamp,Delhi NCR,50k+,12,2026-05-11,4.0,3,N,,0
LD15132,Instagram Ads,Digital Marketing,Delhi NCR,15k-30k,55,2026-01-16,18.5,6,N,,0
LD15133,LinkedIn,Digital Marketing,Ahmedabad,30k-50k,45,2026-01-05,6.3,4,N,,0
LD15134,Instagram Ads,Business Analytics,Mumbai,15k-30k,15,2025-11-19,15.6,1,N,,0
LD15135,Referral,Power BI & Tableau,Bengaluru,15k-30k,15,2026-04-16,1.8,2,N,,0
LD15136,Organic Search,Python for Data Analysis,Bengaluru,30k-50k,41,2026-01-31,88.9,5,N,,0
LD15137,Instagram Ads,Business Analytics,Pune,<15k,67,2026-03-01,27.6,3,Y,2026-03-06,10803
LD15138,Referral,Data Science Bootcamp,Delhi NCR,<15k,35,2025-12-05,11.2,3,N,,0
LD15139,Organic Search,Data Science Bootcamp,Ahmedabad,30k-50k,46,2026-03-08,16.2,4,N,,0
LD15140,Google Ads,Business Analytics,Pune,30k-50k,54,2026-05-03,5.2,4,N,,0
LD15141,Google Ads,Python for Data Analysis,Pune,30k-50k,49,2025-11-28,11.3,3,Y,2025-12-04,38482
LD15142,Walk-in,Business Analytics,Delhi NCR,50k+,15,2025-11-14,17.9,1,Y,2025-11-15,67340
LD15143,LinkedIn,Business Analytics,Mumbai,<15k,86,2026-02-24,3.1,3,N,,0
LD15144,Instagram Ads,Data Science Bootcamp,Pune,<15k,66,2025-12-18,114.7,3,N,,0
LD15145,Organic Search,Digital Marketing,Kolkata,50k+,62,2026-04-11,4.6,0,N,,0
LD15146,Google Ads,Business Analytics,Bengaluru,15k-30k,35,2026-04-10,16.5,1,N,,0
LD15147,Google Ads,Business Analytics,Hyderabad,<15k,53,2026-06-16,7.7,3,N,,0
LD15148,Walk-in,Data Science Bootcamp,Pune,30k-50k,39,2026-05-09,24.1,3,N,,0
LD15149,Google Ads,Power BI & Tableau,Ahmedabad,<15k,60,2026-04-17,18.1,0,N,,0
LD15150,Instagram Ads,Power BI & Tableau,Pune,30k-50k,33,2026-01-24,5.0,1,N,,0
LD15151,Referral,Business Analytics,Mumbai,15k-30k,63,2026-06-11,6.6,1,N,,0
LD15152,Walk-in,Data Science Bootcamp,Pune,30k-50k,68,2026-05-13,21.8,4,N,,0
LD15153,Organic Search,Digital Marketing,Bengaluru,<15k,36,2026-05-02,17.3,5,N,,0
LD15154,Referral,Python for Data Analysis,Pune,15k-30k,85,2026-03-25,5.2,2,N,,0
LD15155,Instagram Ads,Data Science Bootcamp,Pune,50k+,100,2026-07-23,26.1,0,N,,0
LD15156,Organic Search,Business Analytics,Chennai,15k-30k,67,2026-05-25,9.7,1,N,,0
LD15157,Google Ads,Power BI & Tableau,Ahmedabad,30k-50k,25,2026-03-07,4.8,1,N,,0
LD15158,Google Ads,Business Analytics,Pune,50k+,0,2025-12-05,45.4,2,N,,0
LD15159,Referral,Full Stack Development,Mumbai,<15k,31,2026-06-09,15.8,3,N,,0
LD15160,Google Ads,Business Analytics,Hyderabad,<15k,31,2026-07-09,27.0,2,N,,0
LD15161,Instagram Ads,Python for Data Analysis,Bengaluru,15k-30k,40,2026-03-07,4.4,0,Y,2026-03-11,23783
LD15162,Referral,Digital Marketing,Ahmedabad,50k+,86,2026-03-04,77.8,3,N,,0
LD15163,Walk-in,Full Stack Development,Kolkata,50k+,40,2026-05-05,31.4,1,N,,0
LD15164,Instagram Ads,Power BI & Tableau,Chennai,50k+,50,2026-05-12,8.9,2,N,,0
LD15165,Google Ads,Power BI & Tableau,Delhi NCR,50k+,28,2026-03-07,8.1,3,N,,0
LD15166,Google Ads,Power BI & Tableau,Pune,50k+,52,2026-01-02,2.4,5,N,,0
LD15167,Referral,Power BI & Tableau,Pune,50k+,56,2025-12-31,0.8,3,N,,0
LD15168,Google Ads,Data Science Bootcamp,Hyderabad,15k-30k,80,2026-06-23,33.3,4,N,,0
LD15169,Google Ads,Power BI & Tableau,Delhi NCR,30k-50k,40,2026-04-17,10.5,6,N,,0
LD15170,Instagram Ads,Data Science Bootcamp,Kolkata,50k+,100,2026-07-07,2.1,3,N,,0
LD15171,Organic Search,Python for Data Analysis,Chennai,30k-50k,77,2026-02-15,45.2,2,N,,0
LD15172,LinkedIn,Data Science Bootcamp,Ahmedabad,30k-50k,66,2026-05-09,4.5,4,N,,0
LD15173,Google Ads,Business Analytics,Mumbai,<15k,26,2026-04-30,11.7,5,N,,0
LD15174,Organic Search,Python for Data Analysis,Ahmedabad,15k-30k,71,2026-06-03,6.0,3,N,,0
LD15175,LinkedIn,Power BI & Tableau,Delhi NCR,15k-30k,51,2026-06-28,6.3,2,N,,0
LD15176,LinkedIn,Python for Data Analysis,Pune,15k-30k,46,2026-03-03,24.1,4,N,,0
LD15177,Google Ads,Data Science Bootcamp,Ahmedabad,15k-30k,22,2025-11-08,49.6,5,N,,0
LD15178,Google Ads,Digital Marketing,Kolkata,50k+,86,2026-03-09,6.7,2,N,,0
LD15179,Referral,Python for Data Analysis,Chennai,50k+,30,2026-02-03,25.3,0,N,,0
LD15180,Referral,Business Analytics,Pune,50k+,100,2026-03-05,2.7,2,N,,0
LD15181,Instagram Ads,Python for Data Analysis,Mumbai,<15k,45,2025-12-16,0.6,0,N,,0
LD15182,LinkedIn,Business Analytics,Delhi NCR,<15k,93,2026-05-28,4.1,3,N,,0
LD15183,Instagram Ads,Digital Marketing,Chennai,<15k,27,2026-04-14,13.3,4,N,,0
LD15184,Instagram Ads,Python for Data Analysis,Kolkata,50k+,87,2025-12-04,4.9,4,N,,0
LD15185,Google Ads,Data Science Bootcamp,Chennai,30k-50k,52,2025-11-28,25.8,3,N,,0
LD15186,Instagram Ads,Power BI & Tableau,Bengaluru,50k+,95,2026-06-11,6.4,6,N,,0
LD15187,LinkedIn,Python for Data Analysis,Chennai,<15k,51,2026-06-05,17.4,4,N,,0
LD15188,Organic Search,Digital Marketing,Delhi NCR,15k-30k,32,2026-01-27,65.7,0,N,,0
LD15189,Instagram Ads,Power BI & Tableau,Bengaluru,15k-30k,54,2026-04-26,0.7,2,N,,0
LD15190,Organic Search,Data Science Bootcamp,Delhi NCR,15k-30k,32,2026-06-04,33.2,4,N,,0
LD15191,Google Ads,Data Science Bootcamp,Mumbai,<15k,61,2026-03-25,0.3,4,N,,0
LD15192,Organic Search,Full Stack Development,Bengaluru,30k-50k,53,2026-02-17,3.6,3,N,,0
LD15193,Google Ads,Python for Data Analysis,Chennai,50k+,77,2026-02-20,14.8,0,N,,0
LD15194,Organic Search,Power BI & Tableau,Chennai,50k+,40,2026-04-18,21.6,1,N,,0
LD15195,Referral,Power BI & Tableau,Delhi NCR,30k-50k,0,2026-03-29,50.9,2,N,,0
LD15196,Google Ads,Digital Marketing,Hyderabad,<15k,48,2026-07-23,6.9,1,N,,0
LD15197,Google Ads,Python for Data Analysis,Kolkata,50k+,77,2026-02-12,14.6,1,N,,0
LD15198,Referral,Power BI & Tableau,Hyderabad,<15k,54,2026-02-01,12.0,1,Y,2026-02-03,12702
LD15199,Instagram Ads,Business Analytics,Chennai,50k+,68,2026-06-10,53.3,3,Y,2026-06-13,59169
LD15200,Referral,Full Stack Development,Delhi NCR,50k+,57,2026-04-10,2.2,3,Y,2026-04-12,62141
LD15201,Organic Search,Business Analytics,Mumbai,15k-30k,63,2026-06-02,34.2,1,N,,0
LD15202,Referral,Data Science Bootcamp,Delhi NCR,50k+,74,2026-02-26,37.1,1,N,,0
LD15203,Organic Search,Python for Data Analysis,Bengaluru,15k-30k,54,2026-06-02,3.5,3,N,,0
LD15204,Walk-in,Data Science Bootcamp,Bengaluru,30k-50k,61,2026-03-28,35.9,2,N,,0
LD15205,LinkedIn,Business Analytics,Kolkata,15k-30k,45,2026-01-03,6.7,4,N,,0
LD15206,Google Ads,Power BI & Tableau,Kolkata,15k-30k,63,2026-04-29,0.7,2,N,,0
LD15207,Google Ads,Business Analytics,Delhi NCR,50k+,79,2025-11-21,21.2,2,N,,0
LD15208,Instagram Ads,Business Analytics,Hyderabad,<15k,26,2026-07-12,19.6,1,N,,0
LD15209,Google Ads,Business Analytics,Delhi NCR,<15k,37,2026-04-05,19.5,4,N,,0
LD15210,Organic Search,Full Stack Development,Hyderabad,50k+,48,2026-03-12,19.6,2,N,,0
LD15211,Instagram Ads,Business Analytics,Pune,50k+,55,2026-04-10,2.3,5,N,,0
LD15212,Google Ads,Full Stack Development,Hyderabad,50k+,26,2026-03-06,1.0,2,Y,2026-03-09,61112
LD15213,Instagram Ads,Data Science Bootcamp,Chennai,50k+,69,2026-03-31,3.0,1,N,,0
LD15214,Instagram Ads,Power BI & Tableau,Ahmedabad,30k-50k,70,2026-06-12,37.9,2,N,,0
LD15215,Google Ads,Digital Marketing,Chennai,30k-50k,59,2025-12-18,12.4,4,N,,0
LD15216,LinkedIn,Power BI & Tableau,Delhi NCR,15k-30k,88,2026-07-18,39.9,3,N,,0
LD15217,Instagram Ads,Power BI & Tableau,Mumbai,15k-30k,83,2025-11-19,11.5,5,N,,0
LD15218,Referral,Data Science Bootcamp,Ahmedabad,50k+,38,2025-11-29,2.4,2,Y,2025-12-04,67418
LD15219,Instagram Ads,Digital Marketing,Delhi NCR,30k-50k,62,2026-06-10,37.1,0,N,,0
LD15220,Walk-in,Python for Data Analysis,Bengaluru,50k+,46,2026-05-29,2.2,1,Y,2026-05-31,59324
LD15221,LinkedIn,Power BI & Tableau,Delhi NCR,30k-50k,44,2026-02-11,2.4,4,N,,0
LD15222,Google Ads,Data Science Bootcamp,Mumbai,15k-30k,48,2026-03-14,32.0,2,N,,0
LD15223,Referral,Business Analytics,Ahmedabad,15k-30k,45,2026-04-29,1.5,3,N,,0
LD15224,Instagram Ads,Business Analytics,Chennai,<15k,100,2025-11-24,9.4,5,N,,0
LD15225,Google Ads,Python for Data Analysis,Kolkata,50k+,28,2026-06-11,17.8,4,N,,0
LD15226,Referral,Power BI & Tableau,Delhi NCR,30k-50k,41,2026-06-30,4.4,3,N,,0
LD15227,Google Ads,Data Science Bootcamp,Pune,15k-30k,70,2026-07-04,34.3,2,N,,0
LD15228,Instagram Ads,Power BI & Tableau,Hyderabad,50k+,61,2026-04-22,11.0,4,N,,0
LD15229,Instagram Ads,Digital Marketing,Kolkata,<15k,43,2025-10-31,6.8,4,N,,0
LD15230,Google Ads,Python for Data Analysis,Pune,50k+,67,2025-12-10,8.7,5,N,,0
LD15231,Instagram Ads,Python for Data Analysis,Bengaluru,50k+,49,2025-12-10,37.4,2,N,,0
LD15232,Google Ads,Digital Marketing,Hyderabad,30k-50k,27,2026-03-25,44.6,1,N,,0
LD15233,Organic Search,Digital Marketing,Ahmedabad,15k-30k,96,2026-02-14,16.1,3,Y,2026-02-21,23606
LD15234,Organic Search,Python for Data Analysis,Mumbai,50k+,60,2026-04-06,19.6,2,Y,2026-04-08,70371
LD15235,Instagram Ads,Python for Data Analysis,Mumbai,50k+,13,2025-12-23,19.5,5,N,,0
LD15236,Walk-in,Digital Marketing,Pune,15k-30k,53,2026-05-05,26.9,4,N,,0
LD15237,LinkedIn,Digital Marketing,Chennai,15k-30k,85,2026-01-25,61.6,4,N,,0
LD15238,Referral,Power BI & Tableau,Hyderabad,50k+,73,2026-04-04,6.8,4,N,,0
LD15239,Google Ads,Data Science Bootcamp,Hyderabad,<15k,59,2026-07-07,3.6,1,N,,0
LD15240,Referral,Full Stack Development,Pune,<15k,32,2026-01-22,42.1,2,N,,0
LD15241,Walk-in,Power BI & Tableau,Ahmedabad,50k+,53,2026-07-15,9.2,4,N,,0
LD15242,LinkedIn,Data Science Bootcamp,Bengaluru,15k-30k,34,2026-02-26,8.7,2,N,,0
LD15243,Google Ads,Data Science Bootcamp,Pune,50k+,65,2026-07-26,2.8,3,N,,0
LD15244,LinkedIn,Data Science Bootcamp,Delhi NCR,15k-30k,63,2026-02-01,70.7,6,N,,0
LD15245,Google Ads,Digital Marketing,Hyderabad,30k-50k,75,2025-11-24,3.2,3,N,,0
LD15246,Referral,Data Science Bootcamp,Delhi NCR,15k-30k,60,2025-11-02,29.9,4,N,,0
LD15247,Instagram Ads,Digital Marketing,Bengaluru,<15k,40,2026-07-27,12.7,3,N,,0
LD15248,Instagram Ads,Power BI & Tableau,Bengaluru,<15k,43,2026-02-18,26.7,1,N,,0
LD15249,LinkedIn,Power BI & Tableau,Mumbai,<15k,19,2025-12-04,16.6,3,N,,0
LD15250,Google Ads,Business Analytics,Ahmedabad,50k+,64,2026-01-19,25.1,3,N,,0
LD15251,Referral,Data Science Bootcamp,Delhi NCR,30k-50k,67,2026-02-08,1.2,3,Y,2026-02-16,37519
LD15252,Instagram Ads,Power BI & Tableau,Delhi NCR,<15k,65,2026-03-29,47.9,1,N,,0
LD15253,Google Ads,Business Analytics,Ahmedabad,<15k,87,2025-11-14,45.4,3,N,,0
LD15254,LinkedIn,Power BI & Tableau,Pune,30k-50k,95,2026-05-11,1.0,4,N,,0
LD15255,Referral,Full Stack Development,Ahmedabad,<15k,41,2026-06-12,1.7,4,N,,0
LD15256,Referral,Power BI & Tableau,Delhi NCR,15k-30k,54,2026-02-06,8.3,7,N,,0
LD15257,LinkedIn,Data Science Bootcamp,Chennai,50k+,96,2026-06-23,21.9,2,Y,2026-06-25,63217
LD15258,Instagram Ads,Full Stack Development,Ahmedabad,15k-30k,50,2026-06-24,17.4,3,N,,0
LD15259,Organic Search,Python for Data Analysis,Delhi NCR,30k-50k,64,2026-01-03,17.7,3,N,,0
LD15260,Instagram Ads,Digital Marketing,Kolkata,50k+,0,2026-05-10,0.6,3,N,,0
LD15261,Instagram Ads,Business Analytics,Chennai,30k-50k,53,2026-02-15,3.6,5,N,,0
LD15262,Referral,Business Analytics,Ahmedabad,15k-30k,71,2026-01-25,4.8,3,N,,0
LD15263,Google Ads,Business Analytics,Bengaluru,15k-30k,37,2026-02-12,64.4,2,N,,0
LD15264,LinkedIn,Data Science Bootcamp,Hyderabad,<15k,8,2026-02-12,1.7,3,N,,0
LD15265,Google Ads,Business Analytics,Ahmedabad,<15k,41,2026-03-28,2.3,0,N,,0
LD15266,Referral,Business Analytics,Hyderabad,15k-30k,77,2026-04-29,10.3,4,N,,0
LD15267,Referral,Digital Marketing,Chennai,30k-50k,20,2026-03-09,26.1,7,N,,0
LD15268,Instagram Ads,Power BI & Tableau,Ahmedabad,15k-30k,54,2025-12-21,3.2,2,N,,0
LD15269,Organic Search,Python for Data Analysis,Hyderabad,50k+,64,2026-02-12,6.3,3,N,,0
LD15270,Instagram Ads,Full Stack Development,Mumbai,30k-50k,37,2026-07-10,1.4,2,N,,0
LD15271,LinkedIn,Python for Data Analysis,Chennai,<15k,61,2026-06-17,7.6,2,N,,0
LD15272,Walk-in,Business Analytics,Mumbai,50k+,92,2025-12-12,3.0,4,N,,0
LD15273,LinkedIn,Digital Marketing,Bengaluru,<15k,94,2026-07-30,14.9,3,N,,0
LD15274,Walk-in,Data Science Bootcamp,Kolkata,30k-50k,68,2026-05-01,6.4,3,Y,2026-05-04,42719
LD15275,LinkedIn,Business Analytics,Ahmedabad,50k+,44,2025-12-06,6.0,1,N,,0
LD15276,Google Ads,Full Stack Development,Chennai,50k+,41,2025-11-19,6.9,5,N,,0
LD15277,Instagram Ads,Python for Data Analysis,Chennai,15k-30k,69,2025-11-04,7.6,4,N,,0
LD15278,Organic Search,Full Stack Development,Chennai,50k+,32,2026-05-15,67.9,3,N,,0
LD15279,Walk-in,Power BI & Tableau,Bengaluru,15k-30k,70,2026-03-12,2.4,3,N,,0
LD15280,LinkedIn,Business Analytics,Kolkata,30k-50k,45,2026-02-27,93.3,5,N,,0
LD15281,Organic Search,Data Science Bootcamp,Chennai,50k+,16,2026-07-28,25.8,2,N,,0
LD15282,Instagram Ads,Business Analytics,Pune,<15k,50,2025-11-23,30.2,2,N,,0
LD15283,Referral,Business Analytics,Delhi NCR,50k+,54,2026-04-24,28.2,1,Y,2026-05-01,61525
LD15284,Organic Search,Business Analytics,Kolkata,15k-30k,35,2026-02-21,18.6,4,N,,0
LD15285,Referral,Data Science Bootcamp,Chennai,<15k,50,2026-03-04,17.9,4,N,,0
LD15286,Instagram Ads,Full Stack Development,Chennai,30k-50k,25,2026-06-03,4.3,1,N,,0
LD15287,Instagram Ads,Digital Marketing,Hyderabad,<15k,60,2026-04-14,9.7,0,N,,0
LD15288,Instagram Ads,Python for Data Analysis,Mumbai,15k-30k,60,2026-02-24,2.1,4,Y,2026-03-07,21013
LD15289,Google Ads,Business Analytics,Delhi NCR,30k-50k,89,2025-12-19,47.6,1,N,,0
LD15290,LinkedIn,Power BI & Tableau,Mumbai,50k+,63,2026-03-19,26.7,3,N,,0
LD15291,Instagram Ads,Python for Data Analysis,Ahmedabad,<15k,50,2026-03-30,2.3,6,N,,0
LD15292,Instagram Ads,Full Stack Development,Ahmedabad,30k-50k,76,2026-03-02,0.6,2,Y,2026-03-04,43015
LD15293,Walk-in,Data Science Bootcamp,Chennai,30k-50k,67,2026-02-04,59.9,5,N,,0
LD15294,Google Ads,Data Science Bootcamp,Hyderabad,50k+,45,2025-12-20,0.5,3,N,,0
LD15295,Referral,Python for Data Analysis,Ahmedabad,50k+,13,2026-04-14,61.1,1,N,,0
LD15296,Referral,Power BI & Tableau,Chennai,15k-30k,50,2026-04-06,4.0,3,Y,2026-04-15,22858
LD15297,Referral,Power BI & Tableau,Ahmedabad,15k-30k,70,2026-06-19,64.3,4,N,,0
LD15298,Google Ads,Digital Marketing,Bengaluru,30k-50k,84,2026-01-03,9.1,2,Y,2026-01-11,41793
LD15299,Organic Search,Business Analytics,Kolkata,30k-50k,57,2026-03-16,8.5,4,N,,0
LD15300,Instagram Ads,Digital Marketing,Mumbai,<15k,77,2026-02-20,49.5,5,N,,0
LD15301,Google Ads,Data Science Bootcamp,Ahmedabad,15k-30k,69,2026-03-29,6.2,4,N,,0
LD15302,Google Ads,Business Analytics,Bengaluru,50k+,41,2026-02-08,8.9,3,N,,0
LD15303,LinkedIn,Python for Data Analysis,Hyderabad,<15k,73,2026-07-25,1.1,6,N,,0
LD15304,Google Ads,Digital Marketing,Bengaluru,50k+,100,2026-04-04,46.8,3,N,,0
LD15305,Walk-in,Power BI & Tableau,Bengaluru,30k-50k,38,2026-05-11,14.8,2,N,,0
LD15306,Instagram Ads,Python for Data Analysis,Delhi NCR,15k-30k,65,2025-11-30,32.2,3,N,,0
LD15307,Instagram Ads,Data Science Bootcamp,Kolkata,15k-30k,36,2026-03-11,11.5,3,N,,0
LD15308,Instagram Ads,Power BI & Tableau,Pune,30k-50k,100,2026-05-07,4.7,4,N,,0
LD15309,Referral,Power BI & Tableau,Bengaluru,15k-30k,55,2025-12-08,11.4,1,Y,2025-12-14,21358
LD15310,LinkedIn,Full Stack Development,Hyderabad,50k+,39,2026-05-18,53.8,7,N,,0
LD15311,Walk-in,Digital Marketing,Ahmedabad,15k-30k,40,2026-07-26,14.0,4,N,,0
LD15312,Google Ads,Data Science Bootcamp,Pune,<15k,72,2026-07-26,6.7,3,N,,0
LD15313,LinkedIn,Full Stack Development,Pune,30k-50k,48,2026-05-31,41.2,2,N,,0
LD15314,Organic Search,Full Stack Development,Delhi NCR,30k-50k,68,2026-03-06,4.2,3,N,,0
LD15315,Instagram Ads,Python for Data Analysis,Kolkata,15k-30k,65,2025-11-21,10.6,1,N,,0
LD15316,Organic Search,Business Analytics,Chennai,15k-30k,57,2026-06-30,23.4,4,N,,0
LD15317,Walk-in,Data Science Bootcamp,Delhi NCR,30k-50k,74,2025-11-24,15.7,4,N,,0
LD15318,Referral,Power BI & Tableau,Hyderabad,<15k,78,2026-03-08,36.9,0,N,,0
LD15319,Google Ads,Business Analytics,Bengaluru,<15k,37,2026-05-21,17.4,3,N,,0
LD15320,Referral,Business Analytics,Delhi NCR,<15k,56,2026-07-20,5.5,3,N,,0
LD15321,Walk-in,Business Analytics,Ahmedabad,<15k,63,2025-11-21,3.2,0,N,,0
LD15322,LinkedIn,Digital Marketing,Ahmedabad,<15k,27,2026-04-21,9.5,3,N,,0
LD15323,Organic Search,Power BI & Tableau,Ahmedabad,<15k,73,2026-06-05,18.9,1,Y,2026-06-10,11190
LD15324,Referral,Full Stack Development,Hyderabad,30k-50k,65,2026-01-24,27.7,2,N,,0
LD15325,Google Ads,Digital Marketing,Chennai,<15k,23,2025-11-14,0.4,3,N,,0
LD15326,Referral,Business Analytics,Mumbai,50k+,46,2026-02-01,28.2,1,N,,0
LD15327,Walk-in,Power BI & Tableau,Bengaluru,30k-50k,29,2026-05-31,9.4,2,N,,0
LD15328,Instagram Ads,Power BI & Tableau,Hyderabad,<15k,74,2026-03-08,31.1,1,N,,0
LD15329,Instagram Ads,Business Analytics,Chennai,15k-30k,14,2026-03-19,41.3,5,N,,0
LD15330,Instagram Ads,Business Analytics,Ahmedabad,15k-30k,84,2026-03-08,64.1,1,N,,0
LD15331,Instagram Ads,Full Stack Development,Bengaluru,30k-50k,38,2026-05-19,2.0,1,N,,0
LD15332,Google Ads,Digital Marketing,Kolkata,50k+,36,2026-02-22,11.6,2,N,,0
LD15333,Referral,Data Science Bootcamp,Mumbai,50k+,64,2026-07-20,1.1,4,Y,2026-07-21,68795
LD15334,Instagram Ads,Business Analytics,Ahmedabad,15k-30k,35,2026-06-05,45.2,4,N,,0
LD15335,Google Ads,Power BI & Tableau,Mumbai,<15k,76,2026-01-17,4.5,1,N,,0
LD15336,Google Ads,Full Stack Development,Ahmedabad,50k+,37,2025-11-09,42.4,3,N,,0
LD15337,Instagram Ads,Python for Data Analysis,Chennai,30k-50k,59,2026-07-09,46.8,5,N,,0
LD15338,Organic Search,Business Analytics,Bengaluru,<15k,49,2026-05-23,13.5,4,N,,0
LD15339,Walk-in,Python for Data Analysis,Bengaluru,15k-30k,86,2026-05-17,30.2,2,N,,0
LD15340,Referral,Power BI & Tableau,Bengaluru,30k-50k,64,2026-04-02,28.5,2,N,,0
LD15341,Instagram Ads,Full Stack Development,Chennai,30k-50k,76,2025-11-16,5.1,5,N,,0
LD15342,Instagram Ads,Python for Data Analysis,Chennai,<15k,63,2026-03-09,20.3,2,N,,0
LD15343,Instagram Ads,Python for Data Analysis,Pune,<15k,44,2025-12-16,9.7,0,N,,0
LD15344,Instagram Ads,Data Science Bootcamp,Pune,<15k,28,2025-11-14,31.6,0,N,,0
LD15345,LinkedIn,Python for Data Analysis,Chennai,50k+,80,2026-07-28,2.5,2,Y,2026-08-04,70751
LD15346,Instagram Ads,Data Science Bootcamp,Chennai,<15k,53,2026-06-08,1.1,3,N,,0
LD15347,Google Ads,Business Analytics,Kolkata,30k-50k,58,2026-04-19,0.8,5,N,,0
LD15348,Referral,Digital Marketing,Hyderabad,<15k,39,2026-01-17,2.1,2,Y,2026-01-31,10831
LD15349,Walk-in,Data Science Bootcamp,Pune,30k-50k,74,2025-11-22,35.8,2,Y,2025-11-29,39151
LD15350,Google Ads,Full Stack Development,Kolkata,30k-50k,62,2026-03-18,43.9,2,N,,0
LD15351,LinkedIn,Business Analytics,Chennai,30k-50k,74,2026-06-20,63.7,5,N,,0
LD15352,Referral,Python for Data Analysis,Chennai,<15k,36,2026-01-14,19.0,3,N,,0
LD15353,Referral,Data Science Bootcamp,Delhi NCR,50k+,66,2025-12-06,1.1,2,N,,0
LD15354,Organic Search,Full Stack Development,Kolkata,30k-50k,59,2026-01-15,28.3,2,N,,0
LD15355,Instagram Ads,Data Science Bootcamp,Delhi NCR,<15k,61,2026-06-22,15.8,6,N,,0
LD15356,Organic Search,Digital Marketing,Hyderabad,15k-30k,17,2025-11-03,12.6,1,N,,0
LD15357,Instagram Ads,Business Analytics,Chennai,<15k,100,2025-11-30,0.9,5,Y,2025-12-04,12678
LD15358,Google Ads,Data Science Bootcamp,Delhi NCR,<15k,63,2025-12-17,37.5,7,N,,0
LD15359,LinkedIn,Digital Marketing,Hyderabad,30k-50k,46,2026-04-10,6.7,5,N,,0
LD15360,Google Ads,Business Analytics,Hyderabad,15k-30k,100,2025-12-11,9.4,5,N,,0
LD15361,Google Ads,Business Analytics,Delhi NCR,<15k,27,2026-03-01,22.6,4,N,,0
LD15362,Referral,Digital Marketing,Delhi NCR,<15k,82,2026-06-08,9.4,4,Y,2026-06-28,11301
LD15363,Instagram Ads,Power BI & Tableau,Hyderabad,30k-50k,37,2026-01-10,13.8,0,N,,0
LD15364,Google Ads,Python for Data Analysis,Delhi NCR,<15k,98,2026-05-10,42.5,4,N,,0
LD15365,Walk-in,Python for Data Analysis,Chennai,<15k,54,2026-03-12,26.0,3,N,,0
LD15366,Referral,Digital Marketing,Pune,<15k,70,2026-06-06,2.0,2,Y,2026-06-12,12296
LD15367,Instagram Ads,Data Science Bootcamp,Bengaluru,<15k,62,2026-06-23,0.6,1,N,,0
LD15368,Google Ads,Data Science Bootcamp,Bengaluru,50k+,26,2026-02-01,26.7,4,N,,0
LD15369,Organic Search,Python for Data Analysis,Kolkata,30k-50k,41,2025-11-23,9.8,1,N,,0
LD15370,Google Ads,Power BI & Tableau,Delhi NCR,<15k,50,2025-12-09,19.7,5,N,,0
LD15371,Google Ads,Business Analytics,Hyderabad,15k-30k,57,2026-07-12,58.1,5,N,,0
LD15372,Google Ads,Digital Marketing,Pune,15k-30k,50,2025-12-12,14.3,2,N,,0
LD15373,Google Ads,Full Stack Development,Bengaluru,<15k,30,2026-03-15,14.3,0,N,,0
LD15374,Google Ads,Python for Data Analysis,Pune,15k-30k,65,2026-07-29,10.7,4,N,,0
LD15375,Referral,Business Analytics,Kolkata,15k-30k,54,2026-05-29,31.1,3,N,,0
LD15376,Referral,Data Science Bootcamp,Mumbai,30k-50k,37,2026-01-03,19.9,2,N,,0
LD15377,Instagram Ads,Python for Data Analysis,Bengaluru,15k-30k,62,2026-02-28,13.9,9,N,,0
LD15378,Google Ads,Python for Data Analysis,Kolkata,15k-30k,39,2026-04-23,20.8,1,N,,0
LD15379,Instagram Ads,Business Analytics,Chennai,30k-50k,81,2025-12-27,22.8,3,N,,0
LD15380,Instagram Ads,Business Analytics,Kolkata,50k+,56,2026-05-19,34.0,3,Y,2026-06-03,70580
LD15381,Referral,Power BI & Tableau,Delhi NCR,30k-50k,8,2026-02-02,26.0,5,N,,0
LD15382,Referral,Business Analytics,Kolkata,<15k,38,2026-04-24,7.7,4,Y,2026-04-26,11192
LD15383,Referral,Digital Marketing,Bengaluru,50k+,100,2026-05-25,17.6,2,Y,2026-05-27,59547
LD15384,Instagram Ads,Data Science Bootcamp,Mumbai,50k+,48,2025-12-01,2.0,2,N,,0
LD15385,Referral,Full Stack Development,Pune,30k-50k,33,2025-12-15,10.1,3,N,,0
LD15386,Referral,Power BI & Tableau,Hyderabad,15k-30k,47,2026-02-16,1.6,4,Y,2026-02-22,22745
LD15387,LinkedIn,Full Stack Development,Pune,15k-30k,47,2026-01-21,21.2,4,N,,0
LD15388,Organic Search,Full Stack Development,Mumbai,<15k,40,2026-05-22,8.9,0,N,,0
LD15389,Organic Search,Business Analytics,Hyderabad,<15k,34,2026-05-24,30.3,1,Y,2026-06-04,11768
LD15390,Referral,Full Stack Development,Pune,50k+,57,2026-03-25,19.6,1,Y,2026-03-27,71206
LD15391,Organic Search,Business Analytics,Hyderabad,30k-50k,29,2026-02-11,10.8,1,Y,2026-02-22,39751
LD15392,LinkedIn,Power BI & Tableau,Mumbai,<15k,44,2026-05-11,4.6,2,N,,0
LD15393,LinkedIn,Full Stack Development,Bengaluru,<15k,63,2026-03-09,19.2,2,N,,0
LD15394,Referral,Python for Data Analysis,Chennai,<15k,50,2025-12-09,18.0,3,N,,0
LD15395,Organic Search,Business Analytics,Pune,50k+,59,2026-06-25,0.9,4,Y,2026-06-27,66550
LD15396,Referral,Business Analytics,Chennai,<15k,30,2025-11-03,73.7,7,N,,0
LD15397,Instagram Ads,Digital Marketing,Kolkata,50k+,64,2026-07-11,22.8,1,N,,0
LD15398,Google Ads,Full Stack Development,Ahmedabad,30k-50k,71,2026-03-02,4.0,0,N,,0
LD15399,Instagram Ads,Full Stack Development,Pune,15k-30k,60,2026-05-04,9.9,2,Y,2026-05-05,22813
LD15400,Google Ads,Business Analytics,Chennai,50k+,63,2026-07-20,23.2,3,N,,0
LD15401,Referral,Business Analytics,Ahmedabad,15k-30k,55,2026-05-05,2.8,0,N,,0
LD15402,Instagram Ads,Python for Data Analysis,Kolkata,30k-50k,38,2025-11-11,19.7,7,N,,0
LD15403,Instagram Ads,Data Science Bootcamp,Bengaluru,30k-50k,40,2026-07-08,20.0,0,N,,0
LD15404,Instagram Ads,Python for Data Analysis,Pune,50k+,41,2026-04-23,39.9,2,N,,0
LD15405,Walk-in,Data Science Bootcamp,Ahmedabad,<15k,88,2026-07-19,4.6,5,N,,0
LD15406,Instagram Ads,Power BI & Tableau,Mumbai,30k-50k,23,2026-02-25,20.0,2,N,,0
LD15407,Referral,Python for Data Analysis,Delhi NCR,<15k,52,2026-07-08,1.2,0,N,,0
LD15408,Organic Search,Business Analytics,Delhi NCR,30k-50k,52,2026-06-22,10.7,3,N,,0
LD15409,Walk-in,Business Analytics,Bengaluru,50k+,54,2026-01-30,2.3,1,N,,0
LD15410,Organic Search,Python for Data Analysis,Ahmedabad,<15k,53,2026-01-11,10.6,4,N,,0
LD15411,Google Ads,Digital Marketing,Mumbai,30k-50k,41,2025-11-26,49.4,2,N,,0
LD15412,Google Ads,Python for Data Analysis,Delhi NCR,15k-30k,52,2026-04-27,16.5,1,N,,0
LD15413,Google Ads,Python for Data Analysis,Delhi NCR,50k+,63,2026-02-14,7.7,2,N,,0
LD15414,Google Ads,Business Analytics,Mumbai,50k+,61,2026-05-30,26.6,0,N,,0
LD15415,LinkedIn,Python for Data Analysis,Bengaluru,15k-30k,45,2026-05-23,14.2,1,N,,0
LD15416,Instagram Ads,Business Analytics,Kolkata,50k+,59,2026-05-19,43.8,2,N,,0
LD15417,Organic Search,Business Analytics,Hyderabad,15k-30k,39,2026-04-09,33.4,3,N,,0
LD15418,LinkedIn,Digital Marketing,Delhi NCR,30k-50k,59,2025-12-23,36.5,3,N,,0
LD15419,Instagram Ads,Full Stack Development,Delhi NCR,<15k,67,2026-01-31,64.8,2,N,,0
LD15420,Instagram Ads,Full Stack Development,Kolkata,30k-50k,21,2026-05-07,29.8,2,N,,0
LD15421,Google Ads,Data Science Bootcamp,Hyderabad,<15k,22,2025-12-19,15.2,7,N,,0
LD15422,LinkedIn,Business Analytics,Delhi NCR,30k-50k,52,2026-03-29,60.3,4,N,,0
LD15423,Instagram Ads,Business Analytics,Ahmedabad,15k-30k,25,2026-05-02,0.5,6,N,,0
LD15424,Organic Search,Power BI & Tableau,Pune,<15k,49,2026-06-15,0.1,2,N,,0
LD15425,Referral,Data Science Bootcamp,Kolkata,30k-50k,55,2025-11-03,3.7,2,Y,2025-11-06,36318
LD15426,Instagram Ads,Power BI & Tableau,Bengaluru,30k-50k,83,2025-11-26,22.8,2,N,,0
LD15427,Google Ads,Python for Data Analysis,Pune,15k-30k,21,2025-11-28,37.2,7,N,,0
LD15428,Instagram Ads,Data Science Bootcamp,Kolkata,30k-50k,62,2026-03-01,8.0,4,N,,0
LD15429,Instagram Ads,Digital Marketing,Mumbai,30k-50k,50,2025-12-29,30.3,3,N,,0
LD15430,LinkedIn,Full Stack Development,Chennai,50k+,48,2026-01-16,14.7,2,N,,0
LD15431,Referral,Data Science Bootcamp,Ahmedabad,50k+,76,2025-12-22,15.8,2,Y,2025-12-26,68800
LD15432,Referral,Power BI & Tableau,Mumbai,15k-30k,27,2025-11-06,34.1,2,N,,0
LD15433,Walk-in,Digital Marketing,Chennai,<15k,40,2025-11-25,11.5,2,N,,0
LD15434,Instagram Ads,Digital Marketing,Mumbai,50k+,51,2026-07-14,14.3,6,N,,0
LD15435,Google Ads,Power BI & Tableau,Ahmedabad,30k-50k,44,2026-04-28,0.5,3,N,,0
LD15436,Walk-in,Business Analytics,Bengaluru,50k+,56,2026-06-16,6.6,3,N,,0
LD15437,Instagram Ads,Full Stack Development,Hyderabad,<15k,63,2026-07-17,0.1,2,N,,0
LD15438,Referral,Power BI & Tableau,Mumbai,15k-30k,46,2026-04-23,3.7,2,N,,0
LD15439,Google Ads,Python for Data Analysis,Mumbai,<15k,53,2026-05-12,4.7,5,N,,0
LD15440,Google Ads,Python for Data Analysis,Hyderabad,50k+,29,2025-12-02,6.8,2,N,,0
LD15441,Walk-in,Data Science Bootcamp,Pune,50k+,67,2026-06-21,26.0,1,N,,0
LD15442,Referral,Business Analytics,Mumbai,15k-30k,54,2025-12-05,2.8,8,N,,0
LD15443,LinkedIn,Digital Marketing,Bengaluru,<15k,42,2026-04-28,15.1,3,N,,0
LD15444,Walk-in,Digital Marketing,Kolkata,<15k,86,2026-07-03,10.7,3,Y,2026-07-17,12945
LD15445,Referral,Data Science Bootcamp,Ahmedabad,30k-50k,30,2026-04-03,7.5,3,N,,0
LD15446,Organic Search,Business Analytics,Chennai,<15k,68,2026-07-22,2.8,3,Y,2026-07-25,11323
LD15447,Referral,Business Analytics,Hyderabad,<15k,45,2026-07-02,2.7,4,Y,2026-07-25,10818
LD15448,Organic Search,Digital Marketing,Bengaluru,15k-30k,100,2026-05-08,12.7,4,Y,2026-05-10,20444
LD15449,Instagram Ads,Python for Data Analysis,Pune,30k-50k,64,2026-01-08,17.6,6,N,,0
LD15450,Instagram Ads,Full Stack Development,Ahmedabad,<15k,49,2026-03-07,28.7,5,Y,2026-03-12,12854
LD15451,Instagram Ads,Business Analytics,Chennai,50k+,41,2026-07-13,9.8,1,N,,0
LD15452,Walk-in,Data Science Bootcamp,Mumbai,<15k,79,2026-04-23,19.3,4,N,,0
LD15453,Referral,Power BI & Tableau,Bengaluru,30k-50k,18,2026-07-09,5.0,3,N,,0
LD15454,Instagram Ads,Python for Data Analysis,Chennai,30k-50k,94,2026-01-14,15.4,2,N,,0
LD15455,Google Ads,Python for Data Analysis,Bengaluru,15k-30k,62,2026-02-24,4.6,4,N,,0
LD15456,Instagram Ads,Full Stack Development,Bengaluru,<15k,68,2026-07-04,28.3,2,N,,0
LD15457,Google Ads,Full Stack Development,Mumbai,30k-50k,54,2026-05-29,0.3,3,Y,2026-05-30,39618
LD15458,Referral,Business Analytics,Mumbai,15k-30k,18,2026-01-27,30.9,5,N,,0
LD15459,Organic Search,Full Stack Development,Pune,<15k,61,2025-12-14,20.6,0,N,,0
LD15460,Google Ads,Business Analytics,Mumbai,15k-30k,62,2025-11-20,1.0,1,N,,0
LD15461,Walk-in,Business Analytics,Ahmedabad,30k-50k,68,2026-05-31,33.3,2,N,,0
LD15462,LinkedIn,Data Science Bootcamp,Mumbai,50k+,53,2026-02-12,17.8,5,N,,0
LD15463,Instagram Ads,Power BI & Tableau,Bengaluru,15k-30k,25,2026-01-29,1.9,5,Y,2026-01-30,22923
LD15464,Instagram Ads,Data Science Bootcamp,Chennai,15k-30k,62,2025-11-16,4.7,4,N,,0
LD15465,Referral,Full Stack Development,Kolkata,30k-50k,81,2026-07-18,10.8,5,N,,0
LD15466,Referral,Business Analytics,Pune,<15k,43,2026-01-11,11.8,3,N,,0
LD15467,Referral,Python for Data Analysis,Bengaluru,50k+,75,2026-02-28,15.4,4,Y,2026-03-07,64744
LD15468,Organic Search,Business Analytics,Bengaluru,30k-50k,62,2026-03-14,21.5,4,N,,0
LD15469,Google Ads,Power BI & Tableau,Kolkata,15k-30k,61,2026-07-11,0.2,1,N,,0
LD15470,Google Ads,Data Science Bootcamp,Pune,<15k,62,2026-04-15,42.9,1,N,,0
LD15471,Instagram Ads,Business Analytics,Pune,<15k,43,2025-12-18,5.9,4,N,,0
LD15472,Instagram Ads,Python for Data Analysis,Kolkata,<15k,73,2026-03-14,11.8,0,N,,0
LD15473,Instagram Ads,Business Analytics,Delhi NCR,15k-30k,71,2025-12-09,4.6,3,N,,0
LD15474,Organic Search,Full Stack Development,Ahmedabad,30k-50k,65,2026-05-28,8.6,3,N,,0
LD15475,Referral,Business Analytics,Ahmedabad,15k-30k,40,2025-12-29,20.6,1,N,,0
LD15476,Organic Search,Python for Data Analysis,Ahmedabad,15k-30k,31,2026-04-24,24.9,2,N,,0
LD15477,Organic Search,Digital Marketing,Delhi NCR,30k-50k,58,2026-07-07,1.6,1,N,,0
LD15478,LinkedIn,Power BI & Tableau,Bengaluru,15k-30k,62,2026-05-14,4.4,7,N,,0
LD15479,Instagram Ads,Business Analytics,Delhi NCR,50k+,76,2025-11-28,4.5,1,N,,0
LD15480,Instagram Ads,Python for Data Analysis,Hyderabad,50k+,40,2025-11-19,0.1,5,Y,2025-11-24,71416
LD15481,Instagram Ads,Power BI & Tableau,Pune,<15k,84,2026-04-04,15.4,5,N,,0
LD15482,Walk-in,Data Science Bootcamp,Hyderabad,15k-30k,57,2026-01-07,28.0,2,N,,0
LD15483,Google Ads,Power BI & Tableau,Kolkata,50k+,33,2026-03-01,2.5,1,N,,0
LD15484,Google Ads,Full Stack Development,Bengaluru,15k-30k,56,2026-07-02,20.1,3,Y,2026-07-05,23699
LD15485,Referral,Power BI & Tableau,Mumbai,15k-30k,49,2025-12-10,6.1,8,N,,0
LD15486,Instagram Ads,Business Analytics,Bengaluru,15k-30k,49,2026-04-23,32.7,4,N,,0
LD15487,Instagram Ads,Power BI & Tableau,Mumbai,<15k,59,2026-07-12,23.6,2,N,,0
LD15488,Walk-in,Power BI & Tableau,Chennai,<15k,61,2026-04-30,6.3,4,N,,0
LD15489,Instagram Ads,Power BI & Tableau,Delhi NCR,<15k,60,2026-01-11,8.0,3,Y,2026-01-19,12698
LD15490,Google Ads,Digital Marketing,Pune,30k-50k,50,2026-05-10,4.1,1,N,,0
LD15491,Google Ads,Business Analytics,Kolkata,<15k,100,2026-07-04,11.1,3,N,,0
LD15492,Referral,Python for Data Analysis,Pune,15k-30k,26,2026-04-05,13.1,5,N,,0
LD15493,Referral,Business Analytics,Pune,<15k,69,2026-03-20,18.4,3,N,,0
LD15494,Google Ads,Power BI & Tableau,Hyderabad,50k+,64,2026-07-14,19.3,1,N,,0
LD15495,Referral,Python for Data Analysis,Chennai,<15k,75,2026-03-13,11.7,3,N,,0
LD15496,Referral,Python for Data Analysis,Delhi NCR,15k-30k,84,2026-02-27,17.6,4,Y,2026-03-02,21031
LD15497,Organic Search,Digital Marketing,Bengaluru,<15k,65,2026-06-18,45.6,1,N,,0
LD15498,Instagram Ads,Data Science Bootcamp,Bengaluru,<15k,65,2026-06-01,6.3,4,N,,0
LD15499,Organic Search,Full Stack Development,Hyderabad,<15k,67,2026-06-02,2.1,3,N,,0
LD15500,LinkedIn,Digital Marketing,Hyderabad,15k-30k,77,2026-03-27,0.5,2,N,,0
LD15501,Google Ads,Data Science Bootcamp,Ahmedabad,15k-30k,49,2025-10-31,0.9,5,N,,0
LD15502,Google Ads,Data Science Bootcamp,Chennai,50k+,63,2026-07-18,11.4,3,N,,0
LD15503,Organic Search,Data Science Bootcamp,Pune,<15k,60,2026-06-11,12.1,5,N,,0
LD15504,Organic Search,Digital Marketing,Kolkata,30k-50k,53,2026-03-11,11.7,3,N,,0
LD15505,Referral,Full Stack Development,Delhi NCR,<15k,35,2026-04-03,6.8,3,N,,0
LD15506,Instagram Ads,Digital Marketing,Pune,30k-50k,29,2026-07-13,22.7,3,N,,0
LD15507,Organic Search,Data Science Bootcamp,Ahmedabad,15k-30k,29,2026-02-05,6.4,2,N,,0
LD15508,Google Ads,Digital Marketing,Hyderabad,50k+,23,2026-05-05,1.5,4,N,,0
LD15509,Google Ads,Business Analytics,Delhi NCR,15k-30k,56,2026-02-17,11.1,3,N,,0
LD15510,Google Ads,Power BI & Tableau,Chennai,<15k,15,2026-04-21,1.3,1,N,,0
LD15511,Google Ads,Python for Data Analysis,Bengaluru,50k+,70,2026-07-19,18.6,3,N,,0
LD15512,Instagram Ads,Power BI & Tableau,Ahmedabad,50k+,94,2025-11-24,14.9,2,N,,0
LD15513,LinkedIn,Data Science Bootcamp,Bengaluru,<15k,73,2026-03-25,24.2,4,N,,0
LD15514,Instagram Ads,Data Science Bootcamp,Mumbai,30k-50k,65,2026-07-20,6.0,2,Y,2026-07-31,36669
LD15515,Walk-in,Python for Data Analysis,Chennai,30k-50k,54,2025-11-21,10.5,3,N,,0
LD15516,Google Ads,Data Science Bootcamp,Delhi NCR,30k-50k,35,2026-03-05,24.7,3,N,,0
LD15517,Google Ads,Power BI & Tableau,Kolkata,15k-30k,38,2026-05-28,12.1,3,N,,0
LD15518,Organic Search,Python for Data Analysis,Mumbai,<15k,49,2026-04-25,25.5,3,N,,0
LD15519,Organic Search,Python for Data Analysis,Delhi NCR,15k-30k,28,2025-12-18,27.4,3,N,,0
LD15520,Google Ads,Power BI & Tableau,Chennai,15k-30k,29,2025-11-10,11.1,3,N,,0
LD15521,Google Ads,Digital Marketing,Chennai,<15k,51,2026-02-12,18.9,1,N,,0
LD15522,Referral,Digital Marketing,Kolkata,15k-30k,54,2025-12-22,2.4,7,N,,0
LD15523,Walk-in,Full Stack Development,Bengaluru,<15k,38,2026-05-08,8.2,1,N,,0
LD15524,LinkedIn,Full Stack Development,Bengaluru,50k+,84,2026-07-02,12.1,2,Y,2026-07-08,68583
LD15525,Organic Search,Python for Data Analysis,Mumbai,15k-30k,46,2026-04-21,5.4,2,N,,0
LD15526,Instagram Ads,Python for Data Analysis,Chennai,50k+,67,2026-02-06,1.8,2,N,,0
LD15527,Google Ads,Data Science Bootcamp,Pune,15k-30k,50,2025-11-23,29.2,4,N,,0
LD15528,Google Ads,Data Science Bootcamp,Delhi NCR,<15k,44,2026-04-21,17.6,2,N,,0
LD15529,Instagram Ads,Data Science Bootcamp,Kolkata,<15k,63,2026-05-19,39.9,3,N,,0
LD15530,Organic Search,Digital Marketing,Bengaluru,<15k,50,2025-12-08,2.7,1,N,,0
LD15531,Google Ads,Digital Marketing,Pune,30k-50k,86,2025-12-22,11.3,2,Y,2026-01-05,41914
LD15532,Referral,Power BI & Tableau,Ahmedabad,50k+,31,2026-05-15,2.5,1,N,,0
LD15533,Google Ads,Business Analytics,Kolkata,15k-30k,71,2026-04-10,2.2,3,N,,0
LD15534,Google Ads,Full Stack Development,Hyderabad,15k-30k,80,2026-03-13,9.3,2,N,,0
LD15535,Referral,Python for Data Analysis,Mumbai,30k-50k,70,2025-11-17,9.9,4,Y,2025-11-18,42094
LD15536,Instagram Ads,Business Analytics,Pune,<15k,70,2026-03-27,72.4,5,N,,0
LD15537,LinkedIn,Full Stack Development,Delhi NCR,50k+,57,2026-01-23,18.5,0,N,,0
LD15538,Instagram Ads,Full Stack Development,Delhi NCR,15k-30k,15,2026-03-25,0.3,2,N,,0
LD15539,Organic Search,Python for Data Analysis,Pune,30k-50k,41,2026-06-15,22.1,5,N,,0
LD15540,Referral,Data Science Bootcamp,Kolkata,15k-30k,61,2026-03-02,13.6,4,Y,2026-03-04,19802
LD15541,LinkedIn,Full Stack Development,Chennai,15k-30k,2,2026-07-29,26.1,1,N,,0
LD15542,Google Ads,Full Stack Development,Mumbai,50k+,50,2025-11-10,35.9,1,N,,0
LD15543,Instagram Ads,Data Science Bootcamp,Delhi NCR,30k-50k,48,2025-11-15,8.9,2,N,,0
LD15544,Organic Search,Data Science Bootcamp,Bengaluru,50k+,76,2026-06-03,7.9,2,Y,2026-06-09,71332
LD15545,Google Ads,Python for Data Analysis,Kolkata,30k-50k,84,2025-11-11,6.5,4,N,,0
LD15546,Organic Search,Business Analytics,Chennai,30k-50k,37,2025-12-02,20.0,6,N,,0
LD15547,Referral,Digital Marketing,Pune,<15k,74,2026-06-08,5.9,2,Y,2026-06-11,12847
LD15548,Google Ads,Python for Data Analysis,Chennai,15k-30k,53,2026-05-01,59.1,2,N,,0
LD15549,LinkedIn,Digital Marketing,Delhi NCR,15k-30k,61,2026-03-05,30.6,4,N,,0
LD15550,Instagram Ads,Business Analytics,Hyderabad,<15k,54,2026-05-04,12.2,1,N,,0
LD15551,Instagram Ads,Python for Data Analysis,Delhi NCR,50k+,63,2026-06-26,18.5,6,N,,0
LD15552,LinkedIn,Python for Data Analysis,Delhi NCR,30k-50k,72,2025-12-10,2.4,5,Y,2025-12-26,43455
LD15553,Referral,Power BI & Tableau,Mumbai,<15k,47,2026-04-07,0.3,2,N,,0
LD15554,Google Ads,Full Stack Development,Chennai,<15k,47,2026-07-10,2.5,3,N,,0
LD15555,Instagram Ads,Business Analytics,Delhi NCR,15k-30k,82,2025-11-10,3.1,7,Y,2025-11-12,24036
LD15556,Google Ads,Digital Marketing,Ahmedabad,15k-30k,70,2025-12-08,5.6,2,N,,0
LD15557,Referral,Power BI & Tableau,Chennai,<15k,62,2026-04-27,4.5,2,N,,0
LD15558,Instagram Ads,Data Science Bootcamp,Bengaluru,30k-50k,66,2026-03-08,4.9,4,N,,0
LD15559,Google Ads,Digital Marketing,Mumbai,15k-30k,24,2026-07-08,6.2,2,N,,0
LD15560,Instagram Ads,Business Analytics,Chennai,15k-30k,30,2025-11-12,48.8,4,N,,0
LD15561,Referral,Business Analytics,Chennai,30k-50k,27,2026-05-10,0.4,5,N,,0
LD15562,Organic Search,Full Stack Development,Kolkata,<15k,33,2025-12-05,9.2,7,N,,0
LD15563,Instagram Ads,Full Stack Development,Pune,15k-30k,48,2025-12-17,13.7,5,Y,2026-01-09,21525
LD15564,Referral,Data Science Bootcamp,Hyderabad,<15k,65,2025-11-13,14.5,2,N,,0
LD15565,Walk-in,Full Stack Development,Ahmedabad,50k+,39,2026-01-22,55.2,2,N,,0
LD15566,LinkedIn,Full Stack Development,Bengaluru,<15k,51,2026-06-04,12.1,3,N,,0
LD15567,Instagram Ads,Power BI & Tableau,Mumbai,15k-30k,37,2026-03-04,13.7,3,N,,0
LD15568,Instagram Ads,Power BI & Tableau,Mumbai,<15k,50,2025-12-16,18.0,2,N,,0
LD15569,Referral,Python for Data Analysis,Pune,15k-30k,50,2026-04-10,6.0,2,Y,2026-04-11,21038
LD15570,Instagram Ads,Python for Data Analysis,Mumbai,30k-50k,48,2026-06-11,36.2,2,N,,0
LD15571,Instagram Ads,Data Science Bootcamp,Bengaluru,50k+,45,2025-11-29,0.9,4,N,,0
LD15572,Google Ads,Full Stack Development,Hyderabad,<15k,73,2026-03-15,5.5,7,N,,0
LD15573,Walk-in,Power BI & Tableau,Chennai,50k+,53,2026-06-06,17.5,3,N,,0
LD15574,Google Ads,Python for Data Analysis,Ahmedabad,<15k,10,2025-12-30,46.4,3,N,,0
LD15575,Organic Search,Power BI & Tableau,Bengaluru,50k+,58,2026-06-07,2.4,5,Y,2026-07-07,59100
LD15576,Google Ads,Data Science Bootcamp,Mumbai,15k-30k,52,2026-02-24,7.1,4,N,,0
LD15577,Organic Search,Data Science Bootcamp,Hyderabad,<15k,36,2026-06-09,36.0,1,N,,0
LD15578,Walk-in,Digital Marketing,Hyderabad,50k+,66,2026-07-26,41.1,2,N,,0
LD15579,Walk-in,Power BI & Tableau,Bengaluru,15k-30k,49,2026-05-04,3.2,3,N,,0
LD15580,Organic Search,Business Analytics,Chennai,50k+,26,2026-01-27,0.6,3,Y,2026-01-28,60453
LD15581,Instagram Ads,Python for Data Analysis,Delhi NCR,50k+,62,2026-07-24,16.0,5,N,,0
LD15582,Google Ads,Full Stack Development,Hyderabad,30k-50k,74,2026-04-06,4.2,4,N,,0
LD15583,Referral,Full Stack Development,Bengaluru,50k+,47,2025-12-07,15.1,4,N,,0
LD15584,LinkedIn,Power BI & Tableau,Kolkata,15k-30k,52,2026-06-16,13.1,4,N,,0
LD15585,Referral,Digital Marketing,Pune,30k-50k,61,2026-06-04,3.3,1,N,,0
LD15586,Google Ads,Data Science Bootcamp,Delhi NCR,<15k,67,2026-05-27,6.4,1,N,,0
LD15587,Instagram Ads,Power BI & Tableau,Hyderabad,<15k,40,2026-04-10,25.9,1,N,,0
LD15588,Referral,Power BI & Tableau,Hyderabad,30k-50k,54,2026-01-30,17.9,3,Y,2026-02-09,41868
LD15589,Instagram Ads,Power BI & Tableau,Mumbai,30k-50k,40,2025-12-02,7.7,2,Y,2025-12-03,40423
LD15590,Google Ads,Business Analytics,Ahmedabad,50k+,73,2025-12-08,3.9,0,N,,0
LD15591,Referral,Digital Marketing,Pune,<15k,43,2026-02-21,2.0,3,N,,0
LD15592,Instagram Ads,Python for Data Analysis,Pune,15k-30k,75,2026-05-09,12.5,3,Y,2026-05-12,23722
LD15593,Organic Search,Full Stack Development,Mumbai,15k-30k,44,2026-03-31,4.8,4,N,,0
LD15594,LinkedIn,Power BI & Tableau,Hyderabad,15k-30k,75,2026-02-27,20.2,4,N,,0
LD15595,LinkedIn,Business Analytics,Delhi NCR,50k+,46,2026-07-10,53.6,2,N,,0
LD15596,Organic Search,Digital Marketing,Kolkata,30k-50k,40,2025-11-11,6.8,7,N,,0
LD15597,LinkedIn,Data Science Bootcamp,Delhi NCR,<15k,60,2025-11-27,3.5,3,N,,0
LD15598,LinkedIn,Data Science Bootcamp,Pune,30k-50k,74,2026-06-19,12.8,1,N,,0
LD15599,Referral,Power BI & Tableau,Bengaluru,50k+,14,2026-04-16,6.3,7,N,,0
LD15600,Walk-in,Digital Marketing,Chennai,<15k,72,2026-05-31,4.5,3,N,,0
LD15601,Referral,Business Analytics,Kolkata,50k+,76,2025-11-04,16.1,5,N,,0
LD15602,Organic Search,Python for Data Analysis,Bengaluru,50k+,20,2026-03-12,15.8,7,N,,0
LD15603,LinkedIn,Power BI & Tableau,Hyderabad,<15k,0,2025-11-01,32.6,1,N,,0
LD15604,Organic Search,Full Stack Development,Kolkata,15k-30k,79,2025-12-18,6.0,3,N,,0
LD15605,Referral,Data Science Bootcamp,Mumbai,<15k,33,2025-11-24,3.7,4,N,,0
LD15606,Google Ads,Data Science Bootcamp,Chennai,15k-30k,60,2026-04-26,7.4,3,N,,0
LD15607,Google Ads,Python for Data Analysis,Hyderabad,50k+,59,2026-06-30,6.3,8,N,,0
LD15608,Referral,Data Science Bootcamp,Pune,50k+,98,2026-02-21,0.7,4,Y,2026-02-26,71495
LD15609,LinkedIn,Full Stack Development,Hyderabad,50k+,72,2026-06-08,48.7,3,N,,0
LD15610,Instagram Ads,Digital Marketing,Hyderabad,15k-30k,80,2026-05-29,7.2,1,N,,0
LD15611,Organic Search,Business Analytics,Delhi NCR,15k-30k,73,2026-05-08,3.4,1,N,,0
LD15612,Instagram Ads,Digital Marketing,Bengaluru,30k-50k,28,2025-12-26,41.9,4,N,,0
LD15613,Organic Search,Python for Data Analysis,Kolkata,15k-30k,29,2026-04-23,4.7,4,N,,0
LD15614,Referral,Power BI & Tableau,Ahmedabad,<15k,84,2026-03-22,30.6,2,N,,0
LD15615,Organic Search,Full Stack Development,Kolkata,50k+,78,2026-02-20,32.2,4,N,,0
LD15616,Google Ads,Power BI & Tableau,Mumbai,15k-30k,29,2026-07-14,7.8,3,N,,0
LD15617,Google Ads,Power BI & Tableau,Delhi NCR,30k-50k,35,2026-04-15,1.3,3,Y,2026-04-19,36439
LD15618,Organic Search,Full Stack Development,Hyderabad,<15k,74,2025-11-10,57.6,2,N,,0
LD15619,Instagram Ads,Business Analytics,Bengaluru,30k-50k,40,2025-12-19,6.8,3,N,,0
LD15620,Instagram Ads,Power BI & Tableau,Mumbai,50k+,18,2026-03-16,2.1,3,Y,2026-03-23,61730
LD15621,Referral,Digital Marketing,Mumbai,30k-50k,72,2026-07-17,17.1,7,N,,0
LD15622,Referral,Python for Data Analysis,Kolkata,15k-30k,38,2026-04-20,21.5,3,N,,0
LD15623,LinkedIn,Data Science Bootcamp,Mumbai,15k-30k,32,2026-06-01,16.2,1,N,,0
LD15624,Organic Search,Full Stack Development,Hyderabad,30k-50k,44,2026-02-02,57.6,4,N,,0
LD15625,Instagram Ads,Data Science Bootcamp,Chennai,<15k,37,2025-11-01,3.0,3,N,,0
LD15626,Referral,Python for Data Analysis,Bengaluru,<15k,75,2026-01-03,20.1,1,N,,0
LD15627,Referral,Power BI & Tableau,Hyderabad,30k-50k,80,2025-12-02,1.4,1,Y,2025-12-05,40926
LD15628,Organic Search,Digital Marketing,Pune,30k-50k,32,2026-03-24,5.3,3,N,,0
LD15629,LinkedIn,Data Science Bootcamp,Delhi NCR,50k+,28,2025-11-26,11.2,2,N,,0
LD15630,Instagram Ads,Power BI & Tableau,Kolkata,15k-30k,39,2026-02-06,24.0,2,N,,0
LD15631,Referral,Power BI & Tableau,Kolkata,50k+,52,2026-05-26,23.1,3,N,,0
LD15632,LinkedIn,Full Stack Development,Ahmedabad,30k-50k,12,2026-03-27,37.0,4,N,,0
LD15633,LinkedIn,Data Science Bootcamp,Pune,30k-50k,45,2025-12-29,22.7,5,N,,0
LD15634,Referral,Power BI & Tableau,Kolkata,30k-50k,84,2026-05-29,24.8,1,N,,0
LD15635,Instagram Ads,Full Stack Development,Pune,15k-30k,37,2026-04-28,3.4,2,N,,0
LD15636,LinkedIn,Digital Marketing,Delhi NCR,<15k,2,2026-01-14,19.3,3,N,,0
LD15637,Instagram Ads,Data Science Bootcamp,Mumbai,30k-50k,53,2025-12-22,21.5,4,N,,0
LD15638,Organic Search,Business Analytics,Hyderabad,15k-30k,83,2026-06-05,7.2,2,N,,0
LD15639,Google Ads,Business Analytics,Delhi NCR,15k-30k,41,2026-05-06,15.3,3,N,,0
LD15640,Referral,Business Analytics,Kolkata,50k+,32,2026-07-22,14.6,6,Y,2026-08-07,58860
LD15641,Organic Search,Power BI & Tableau,Kolkata,<15k,74,2026-03-09,34.1,2,Y,2026-03-15,11637
LD15642,Instagram Ads,Power BI & Tableau,Ahmedabad,<15k,41,2025-12-18,19.2,1,N,,0
LD15643,Organic Search,Business Analytics,Hyderabad,50k+,51,2026-05-01,36.9,1,N,,0
LD15644,Google Ads,Python for Data Analysis,Bengaluru,50k+,42,2025-11-11,2.8,1,N,,0
LD15645,Google Ads,Full Stack Development,Pune,50k+,46,2026-04-25,2.3,4,Y,2026-04-28,63918
LD15646,Google Ads,Full Stack Development,Delhi NCR,15k-30k,57,2026-01-16,20.3,0,N,,0
LD15647,Instagram Ads,Power BI & Tableau,Mumbai,15k-30k,48,2026-02-26,5.1,1,N,,0
LD15648,Referral,Digital Marketing,Mumbai,30k-50k,45,2026-01-30,2.0,1,Y,2026-02-17,39118
LD15649,Organic Search,Power BI & Tableau,Bengaluru,15k-30k,18,2026-06-07,3.8,1,Y,2026-06-15,21033
LD15650,LinkedIn,Digital Marketing,Chennai,<15k,63,2026-05-26,16.7,5,N,,0
LD15651,Referral,Python for Data Analysis,Pune,<15k,53,2025-11-11,25.3,2,N,,0
LD15652,Google Ads,Full Stack Development,Chennai,50k+,83,2026-05-21,18.7,3,Y,2026-05-30,62317
LD15653,Instagram Ads,Data Science Bootcamp,Kolkata,15k-30k,34,2026-07-10,30.0,4,N,,0
LD15654,Organic Search,Power BI & Tableau,Pune,30k-50k,33,2025-12-18,5.7,2,N,,0
LD15655,Instagram Ads,Python for Data Analysis,Hyderabad,30k-50k,67,2026-06-02,54.9,3,N,,0
LD15656,Instagram Ads,Power BI & Tableau,Kolkata,50k+,35,2026-03-12,2.2,4,N,,0
LD15657,Google Ads,Digital Marketing,Hyderabad,50k+,61,2025-12-01,19.9,1,N,,0
LD15658,Instagram Ads,Business Analytics,Ahmedabad,<15k,35,2026-07-02,10.1,4,N,,0
LD15659,Instagram Ads,Python for Data Analysis,Pune,<15k,100,2026-05-15,39.4,4,N,,0
LD15660,Walk-in,Business Analytics,Chennai,30k-50k,61,2026-04-10,24.0,4,Y,2026-04-11,43874
LD15661,Google Ads,Data Science Bootcamp,Mumbai,30k-50k,41,2026-01-27,4.5,2,N,,0
LD15662,Google Ads,Digital Marketing,Pune,50k+,58,2025-12-24,13.7,2,N,,0
LD15663,Instagram Ads,Business Analytics,Delhi NCR,30k-50k,64,2026-05-03,10.4,4,N,,0
LD15664,Instagram Ads,Full Stack Development,Bengaluru,<15k,56,2026-01-27,5.5,4,N,,0
LD15665,Instagram Ads,Business Analytics,Mumbai,50k+,38,2026-05-31,2.4,1,N,,0
LD15666,Organic Search,Data Science Bootcamp,Kolkata,<15k,76,2026-01-28,4.9,3,N,,0
LD15667,LinkedIn,Power BI & Tableau,Kolkata,50k+,81,2025-11-26,4.9,2,N,,0
LD15668,Referral,Data Science Bootcamp,Hyderabad,<15k,52,2026-05-20,5.9,3,N,,0
LD15669,Google Ads,Python for Data Analysis,Hyderabad,15k-30k,54,2026-06-25,9.3,2,N,,0
LD15670,Instagram Ads,Data Science Bootcamp,Chennai,15k-30k,83,2026-02-10,3.5,0,Y,2026-02-15,21600
LD15671,Instagram Ads,Data Science Bootcamp,Hyderabad,<15k,58,2025-12-30,83.0,3,N,,0
LD15672,Google Ads,Python for Data Analysis,Delhi NCR,<15k,24,2026-03-08,4.9,4,N,,0
LD15673,Walk-in,Data Science Bootcamp,Hyderabad,30k-50k,94,2026-03-12,5.7,2,N,,0
LD15674,Referral,Full Stack Development,Bengaluru,30k-50k,15,2026-07-01,79.0,3,N,,0
LD15675,Instagram Ads,Python for Data Analysis,Pune,50k+,79,2025-12-09,22.4,3,N,,0
LD15676,Walk-in,Full Stack Development,Ahmedabad,15k-30k,51,2026-07-11,24.4,3,Y,2026-07-20,20837
LD15677,Google Ads,Full Stack Development,Pune,50k+,42,2026-03-04,6.0,1,N,,0
LD15678,Instagram Ads,Data Science Bootcamp,Mumbai,30k-50k,50,2026-02-13,50.6,3,N,,0
LD15679,Referral,Full Stack Development,Delhi NCR,30k-50k,91,2025-12-07,17.0,9,N,,0
LD15680,LinkedIn,Data Science Bootcamp,Ahmedabad,50k+,43,2026-05-15,2.9,2,N,,0
LD15681,Instagram Ads,Python for Data Analysis,Kolkata,30k-50k,52,2026-04-21,33.4,3,N,,0
LD15682,Google Ads,Business Analytics,Ahmedabad,<15k,38,2026-07-24,7.8,3,N,,0
LD15683,Instagram Ads,Business Analytics,Kolkata,50k+,44,2025-12-25,22.3,6,N,,0
LD15684,Google Ads,Full Stack Development,Pune,15k-30k,23,2025-12-04,6.7,1,N,,0
LD15685,Instagram Ads,Digital Marketing,Hyderabad,<15k,49,2026-05-07,2.5,4,N,,0
LD15686,Organic Search,Full Stack Development,Ahmedabad,50k+,41,2025-11-16,46.7,3,N,,0
LD15687,Google Ads,Python for Data Analysis,Pune,<15k,64,2025-12-07,4.3,3,N,,0
LD15688,LinkedIn,Power BI & Tableau,Delhi NCR,<15k,84,2026-06-20,36.1,3,N,,0
LD15689,Instagram Ads,Data Science Bootcamp,Delhi NCR,50k+,34,2026-03-05,28.9,2,N,,0
LD15690,Walk-in,Data Science Bootcamp,Mumbai,15k-30k,48,2025-12-16,2.1,2,Y,2025-12-18,22637
LD15691,LinkedIn,Business Analytics,Mumbai,50k+,35,2026-02-01,31.5,5,N,,0
LD15692,Organic Search,Data Science Bootcamp,Chennai,15k-30k,28,2026-06-29,14.1,1,Y,2026-07-10,20516
LD15693,Referral,Digital Marketing,Mumbai,15k-30k,85,2026-04-13,21.6,3,N,,0
LD15694,Instagram Ads,Digital Marketing,Hyderabad,50k+,68,2026-06-03,6.1,2,Y,2026-06-05,60157
LD15695,Google Ads,Python for Data Analysis,Ahmedabad,<15k,71,2026-04-23,7.7,6,N,,0
LD15696,Instagram Ads,Data Science Bootcamp,Pune,15k-30k,38,2026-04-15,47.3,2,N,,0
LD15697,Instagram Ads,Full Stack Development,Hyderabad,<15k,59,2025-12-16,17.0,3,N,,0
LD15698,Walk-in,Power BI & Tableau,Bengaluru,15k-30k,81,2026-07-22,15.7,6,N,,0
LD15699,LinkedIn,Python for Data Analysis,Mumbai,<15k,77,2026-06-21,18.4,2,N,,0
LD15700,Instagram Ads,Python for Data Analysis,Chennai,15k-30k,68,2025-11-23,18.1,8,N,,0
LD15701,Organic Search,Business Analytics,Ahmedabad,50k+,79,2026-06-21,3.2,0,N,,0
LD15702,Referral,Power BI & Tableau,Kolkata,30k-50k,43,2026-03-13,0.1,2,N,,0
LD15703,LinkedIn,Data Science Bootcamp,Mumbai,15k-30k,54,2026-07-29,6.7,2,N,,0
LD15704,Referral,Python for Data Analysis,Delhi NCR,<15k,58,2026-04-10,3.8,1,N,,0
LD15705,Instagram Ads,Digital Marketing,Bengaluru,30k-50k,61,2026-06-16,47.0,6,N,,0
LD15706,Instagram Ads,Full Stack Development,Chennai,15k-30k,36,2026-01-15,7.8,1,N,,0
LD15707,Organic Search,Data Science Bootcamp,Kolkata,15k-30k,36,2026-05-18,33.5,1,N,,0
LD15708,Organic Search,Digital Marketing,Hyderabad,<15k,72,2026-05-19,42.3,3,N,,0
LD15709,LinkedIn,Python for Data Analysis,Delhi NCR,30k-50k,45,2026-01-06,13.9,4,N,,0
LD15710,LinkedIn,Data Science Bootcamp,Ahmedabad,15k-30k,20,2026-01-28,3.2,4,N,,0
LD15711,Walk-in,Business Analytics,Hyderabad,30k-50k,33,2026-04-07,2.0,1,N,,0
LD15712,LinkedIn,Python for Data Analysis,Hyderabad,50k+,78,2026-07-01,36.8,0,N,,0
LD15713,LinkedIn,Business Analytics,Ahmedabad,50k+,77,2026-04-10,16.3,2,N,,0
LD15714,Google Ads,Full Stack Development,Pune,15k-30k,54,2025-12-10,27.7,3,N,,0
LD15715,Instagram Ads,Data Science Bootcamp,Pune,<15k,58,2026-04-05,1.5,1,N,,0
LD15716,Organic Search,Full Stack Development,Ahmedabad,<15k,54,2025-11-01,5.8,4,N,,0
LD15717,Google Ads,Power BI & Tableau,Hyderabad,15k-30k,48,2026-07-25,4.4,2,N,,0
LD15718,Organic Search,Full Stack Development,Delhi NCR,15k-30k,81,2025-11-10,26.7,3,N,,0
LD15719,Referral,Power BI & Tableau,Pune,50k+,56,2026-03-08,34.4,3,Y,2026-03-09,61829
LD15720,Referral,Power BI & Tableau,Ahmedabad,30k-50k,49,2026-05-28,1.4,7,N,,0
LD15721,Google Ads,Full Stack Development,Mumbai,50k+,52,2025-11-09,23.4,2,N,,0
LD15722,LinkedIn,Python for Data Analysis,Mumbai,15k-30k,57,2026-03-24,0.3,6,N,,0
LD15723,Instagram Ads,Data Science Bootcamp,Chennai,15k-30k,19,2026-03-10,5.4,5,N,,0
LD15724,Google Ads,Python for Data Analysis,Chennai,<15k,39,2026-06-05,7.0,7,N,,0
LD15725,Instagram Ads,Business Analytics,Bengaluru,50k+,29,2026-06-12,20.8,3,Y,2026-06-15,65583
LD15726,Organic Search,Python for Data Analysis,Kolkata,50k+,52,2026-03-03,10.0,3,N,,0
LD15727,Instagram Ads,Full Stack Development,Ahmedabad,<15k,53,2026-01-04,13.7,3,N,,0
LD15728,Instagram Ads,Python for Data Analysis,Kolkata,<15k,44,2026-04-01,26.0,5,N,,0
LD15729,Organic Search,Python for Data Analysis,Kolkata,15k-30k,22,2025-11-03,7.9,2,N,,0
LD15730,Walk-in,Power BI & Tableau,Bengaluru,15k-30k,67,2026-05-18,0.5,3,Y,2026-05-19,24145
LD15731,Organic Search,Digital Marketing,Kolkata,<15k,85,2026-07-17,27.0,1,N,,0
LD15732,Google Ads,Power BI & Tableau,Hyderabad,15k-30k,68,2025-12-06,8.7,2,N,,0
LD15733,Organic Search,Full Stack Development,Pune,15k-30k,22,2026-01-19,0.0,2,Y,2026-01-28,22494
LD15734,Referral,Business Analytics,Chennai,30k-50k,87,2026-04-25,30.2,3,N,,0
LD15735,Google Ads,Full Stack Development,Hyderabad,15k-30k,36,2025-11-24,22.5,2,N,,0
LD15736,Instagram Ads,Python for Data Analysis,Bengaluru,30k-50k,39,2026-03-10,14.2,1,N,,0
LD15737,Referral,Digital Marketing,Hyderabad,50k+,71,2026-01-22,26.7,0,N,,0
LD15738,Instagram Ads,Full Stack Development,Kolkata,30k-50k,40,2026-05-11,18.6,5,N,,0
LD15739,Walk-in,Power BI & Tableau,Hyderabad,15k-30k,54,2026-06-22,4.3,3,N,,0
LD15740,Referral,Power BI & Tableau,Hyderabad,15k-30k,19,2026-05-23,8.7,3,N,,0
LD15741,Referral,Power BI & Tableau,Chennai,15k-30k,34,2025-11-06,3.5,5,N,,0
LD15742,Instagram Ads,Power BI & Tableau,Ahmedabad,50k+,72,2026-03-04,6.7,3,N,,0
LD15743,LinkedIn,Power BI & Tableau,Delhi NCR,<15k,64,2026-05-29,35.3,2,N,,0
LD15744,Organic Search,Business Analytics,Delhi NCR,50k+,44,2026-06-26,45.9,1,N,,0
LD15745,LinkedIn,Power BI & Tableau,Pune,<15k,33,2026-02-18,67.3,3,N,,0
LD15746,LinkedIn,Business Analytics,Chennai,<15k,63,2026-06-03,28.0,3,N,,0
LD15747,Organic Search,Data Science Bootcamp,Kolkata,15k-30k,44,2026-02-09,39.9,6,N,,0
LD15748,Walk-in,Full Stack Development,Delhi NCR,30k-50k,40,2026-03-06,7.9,5,Y,2026-03-07,41020
LD15749,Instagram Ads,Full Stack Development,Delhi NCR,15k-30k,78,2026-04-21,24.0,4,Y,2026-04-23,22092
LD15750,Referral,Power BI & Tableau,Hyderabad,30k-50k,58,2026-06-22,1.6,4,N,,0
LD15751,Google Ads,Full Stack Development,Delhi NCR,<15k,49,2025-11-19,22.0,4,N,,0
LD15752,Google Ads,Digital Marketing,Ahmedabad,50k+,78,2026-07-01,0.0,2,N,,0
LD15753,Instagram Ads,Data Science Bootcamp,Hyderabad,50k+,28,2026-01-29,2.4,4,N,,0
LD15754,LinkedIn,Digital Marketing,Mumbai,15k-30k,37,2025-11-08,32.2,3,N,,0
LD15755,Instagram Ads,Power BI & Tableau,Ahmedabad,50k+,68,2026-02-24,22.1,4,N,,0
LD15756,Google Ads,Python for Data Analysis,Mumbai,50k+,65,2026-01-12,13.7,5,N,,0
LD15757,Organic Search,Power BI & Tableau,Bengaluru,15k-30k,59,2026-07-16,36.4,3,N,,0
LD15758,Instagram Ads,Power BI & Tableau,Delhi NCR,50k+,48,2026-03-28,16.5,1,N,,0
LD15759,Google Ads,Python for Data Analysis,Hyderabad,<15k,83,2026-06-04,2.2,1,N,,0
LD15760,Instagram Ads,Full Stack Development,Ahmedabad,50k+,87,2026-06-03,36.1,3,N,,0
LD15761,Organic Search,Power BI & Tableau,Kolkata,50k+,41,2025-11-22,37.5,6,N,,0
LD15762,LinkedIn,Power BI & Tableau,Kolkata,15k-30k,91,2026-06-28,19.0,3,N,,0
LD15763,LinkedIn,Power BI & Tableau,Pune,50k+,39,2026-05-19,4.7,3,N,,0
LD15764,Google Ads,Business Analytics,Mumbai,30k-50k,39,2025-11-14,30.1,4,N,,0
LD15765,Instagram Ads,Python for Data Analysis,Chennai,<15k,13,2026-07-16,5.3,2,N,,0
LD15766,Google Ads,Full Stack Development,Kolkata,<15k,80,2026-05-03,6.2,2,N,,0
LD15767,Google Ads,Full Stack Development,Mumbai,15k-30k,45,2026-06-30,53.0,2,N,,0
LD15768,Instagram Ads,Digital Marketing,Delhi NCR,<15k,95,2025-11-30,10.2,3,Y,2025-12-01,11104
LD15769,Google Ads,Data Science Bootcamp,Kolkata,30k-50k,76,2026-02-07,25.6,6,Y,2026-02-15,36904
LD15770,LinkedIn,Python for Data Analysis,Ahmedabad,30k-50k,53,2026-04-18,28.3,5,N,,0
LD15771,Referral,Power BI & Tableau,Bengaluru,<15k,69,2026-02-07,10.0,0,N,,0
LD15772,Google Ads,Full Stack Development,Pune,<15k,46,2025-12-17,12.1,3,N,,0
LD15773,LinkedIn,Digital Marketing,Chennai,15k-30k,23,2026-04-01,20.9,2,N,,0
LD15774,Google Ads,Digital Marketing,Delhi NCR,30k-50k,48,2025-11-18,23.1,5,N,,0
LD15775,Instagram Ads,Business Analytics,Ahmedabad,50k+,33,2026-05-12,12.3,6,N,,0
LD15776,Organic Search,Power BI & Tableau,Mumbai,50k+,28,2025-12-25,5.2,1,N,,0
LD15777,Instagram Ads,Business Analytics,Delhi NCR,30k-50k,17,2026-07-25,2.2,0,N,,0
LD15778,Walk-in,Business Analytics,Pune,15k-30k,38,2026-01-04,4.2,2,N,,0
LD15779,Google Ads,Full Stack Development,Kolkata,30k-50k,25,2025-12-01,2.0,3,N,,0
LD15780,Organic Search,Business Analytics,Hyderabad,15k-30k,57,2026-03-10,4.5,4,Y,2026-03-12,22137
LD15781,Organic Search,Digital Marketing,Pune,50k+,85,2026-07-14,11.3,2,N,,0
LD15782,Walk-in,Digital Marketing,Chennai,<15k,80,2026-04-07,2.6,7,N,,0
LD15783,Organic Search,Business Analytics,Ahmedabad,30k-50k,32,2026-07-19,45.9,1,N,,0
LD15784,Google Ads,Business Analytics,Kolkata,30k-50k,65,2025-12-27,14.7,2,N,,0
LD15785,Google Ads,Business Analytics,Kolkata,15k-30k,48,2026-05-22,27.1,5,N,,0
LD15786,Referral,Power BI & Tableau,Mumbai,15k-30k,56,2025-12-31,0.9,1,N,,0
LD15787,Instagram Ads,Digital Marketing,Hyderabad,30k-50k,85,2026-02-04,11.9,2,N,,0
LD15788,Organic Search,Business Analytics,Kolkata,<15k,86,2026-01-11,4.2,2,Y,2026-01-23,12091
LD15789,Walk-in,Digital Marketing,Bengaluru,30k-50k,16,2026-05-04,51.4,3,Y,2026-05-13,43726
LD15790,Referral,Full Stack Development,Delhi NCR,50k+,61,2026-01-14,7.2,7,Y,2026-01-23,58541
LD15791,Organic Search,Python for Data Analysis,Bengaluru,30k-50k,53,2025-11-17,14.6,3,Y,2025-11-20,38017
LD15792,Instagram Ads,Power BI & Tableau,Ahmedabad,30k-50k,47,2026-02-02,11.1,4,N,,0
LD15793,LinkedIn,Full Stack Development,Delhi NCR,30k-50k,61,2026-03-12,0.8,3,N,,0
LD15794,Organic Search,Business Analytics,Mumbai,<15k,83,2026-03-23,24.7,3,N,,0
LD15795,Instagram Ads,Digital Marketing,Hyderabad,<15k,28,2025-12-03,6.2,5,N,,0
LD15796,LinkedIn,Data Science Bootcamp,Ahmedabad,50k+,78,2026-05-12,0.8,3,N,,0
LD15797,Organic Search,Business Analytics,Mumbai,<15k,44,2026-05-04,2.1,5,N,,0
LD15798,Organic Search,Power BI & Tableau,Mumbai,30k-50k,36,2026-03-25,63.7,1,N,,0
LD15799,Organic Search,Digital Marketing,Hyderabad,<15k,88,2026-01-18,9.1,2,N,,0
LD15800,LinkedIn,Digital Marketing,Kolkata,15k-30k,54,2026-04-18,3.1,3,N,,0
LD15801,Organic Search,Digital Marketing,Chennai,<15k,17,2026-06-06,4.4,7,N,,0
LD15802,Referral,Digital Marketing,Hyderabad,50k+,74,2026-07-16,17.8,4,N,,0
LD15803,Google Ads,Digital Marketing,Mumbai,30k-50k,60,2026-06-08,21.6,2,N,,0
LD15804,Google Ads,Data Science Bootcamp,Pune,15k-30k,52,2026-07-14,16.7,1,N,,0
LD15805,Instagram Ads,Digital Marketing,Kolkata,15k-30k,86,2025-11-17,11.0,2,N,,0
LD15806,Walk-in,Python for Data Analysis,Mumbai,<15k,25,2026-07-01,0.0,1,N,,0
LD15807,Instagram Ads,Python for Data Analysis,Chennai,50k+,96,2026-03-04,40.5,2,N,,0
LD15808,Google Ads,Data Science Bootcamp,Delhi NCR,<15k,77,2025-11-21,2.0,0,N,,0
LD15809,Referral,Business Analytics,Delhi NCR,<15k,52,2026-07-03,22.5,2,N,,0
LD15810,Google Ads,Data Science Bootcamp,Chennai,<15k,86,2026-01-17,5.7,1,N,,0
LD15811,Walk-in,Business Analytics,Kolkata,50k+,69,2026-07-19,39.4,3,Y,2026-07-29,66441
LD15812,LinkedIn,Power BI & Tableau,Ahmedabad,<15k,49,2025-11-29,14.1,3,N,,0
LD15813,Google Ads,Power BI & Tableau,Pune,<15k,53,2026-01-14,4.0,1,N,,0
LD15814,Google Ads,Python for Data Analysis,Delhi NCR,<15k,86,2026-05-09,21.9,3,N,,0
LD15815,LinkedIn,Digital Marketing,Mumbai,15k-30k,37,2026-03-15,6.7,4,N,,0
LD15816,Instagram Ads,Power BI & Tableau,Kolkata,30k-50k,20,2026-06-26,0.3,2,N,,0
LD15817,Google Ads,Business Analytics,Chennai,15k-30k,25,2026-03-22,3.6,5,N,,0
LD15818,Referral,Power BI & Tableau,Kolkata,50k+,58,2026-04-20,31.1,2,N,,0
LD15819,Referral,Data Science Bootcamp,Kolkata,30k-50k,70,2026-01-19,1.3,3,N,,0
LD15820,Google Ads,Python for Data Analysis,Delhi NCR,50k+,6,2026-07-22,2.0,3,N,,0
LD15821,Organic Search,Digital Marketing,Pune,15k-30k,70,2026-03-27,0.5,4,N,,0
LD15822,LinkedIn,Python for Data Analysis,Chennai,30k-50k,38,2025-12-06,5.4,3,N,,0
LD15823,Google Ads,Full Stack Development,Chennai,30k-50k,53,2026-02-02,36.1,2,N,,0
LD15824,LinkedIn,Full Stack Development,Chennai,50k+,39,2026-03-01,11.5,2,N,,0
LD15825,Google Ads,Digital Marketing,Pune,30k-50k,49,2026-04-24,8.6,2,N,,0
LD15826,Organic Search,Power BI & Tableau,Delhi NCR,15k-30k,7,2026-01-18,35.5,1,N,,0
LD15827,Walk-in,Power BI & Tableau,Hyderabad,<15k,66,2025-11-17,0.6,0,N,,0
LD15828,Organic Search,Full Stack Development,Chennai,50k+,35,2026-06-25,15.3,3,N,,0
LD15829,Instagram Ads,Data Science Bootcamp,Bengaluru,15k-30k,40,2026-01-02,19.8,2,N,,0
LD15830,Organic Search,Data Science Bootcamp,Pune,<15k,23,2026-07-16,22.4,2,N,,0
LD15831,LinkedIn,Digital Marketing,Mumbai,30k-50k,36,2026-04-24,19.5,3,N,,0
LD15832,Referral,Power BI & Tableau,Hyderabad,15k-30k,65,2026-02-20,47.3,1,N,,0
LD15833,Instagram Ads,Business Analytics,Hyderabad,15k-30k,48,2026-02-01,30.2,0,N,,0
LD15834,Instagram Ads,Digital Marketing,Hyderabad,30k-50k,59,2026-04-25,4.6,2,N,,0
LD15835,Organic Search,Business Analytics,Chennai,<15k,84,2026-01-28,2.3,3,N,,0
LD15836,LinkedIn,Digital Marketing,Bengaluru,50k+,76,2026-04-10,11.4,6,N,,0
LD15837,Instagram Ads,Power BI & Tableau,Kolkata,15k-30k,44,2026-05-09,34.5,1,N,,0
LD15838,Google Ads,Power BI & Tableau,Hyderabad,15k-30k,80,2026-06-17,14.4,6,N,,0
LD15839,LinkedIn,Digital Marketing,Delhi NCR,30k-50k,61,2026-03-01,24.2,1,N,,0
LD15840,Referral,Power BI & Tableau,Kolkata,50k+,63,2026-01-22,1.0,5,N,,0
LD15841,Instagram Ads,Power BI & Tableau,Pune,50k+,42,2025-12-06,0.1,5,N,,0
LD15842,Instagram Ads,Python for Data Analysis,Kolkata,15k-30k,57,2026-06-03,17.8,2,N,,0
LD15843,Instagram Ads,Python for Data Analysis,Delhi NCR,50k+,67,2025-12-16,0.5,4,N,,0
LD15844,Google Ads,Full Stack Development,Pune,50k+,18,2026-01-09,12.6,5,N,,0
LD15845,Google Ads,Full Stack Development,Pune,<15k,60,2026-03-12,17.8,4,N,,0
LD15846,Referral,Digital Marketing,Chennai,15k-30k,41,2026-07-23,16.3,1,N,,0
LD15847,Google Ads,Digital Marketing,Hyderabad,15k-30k,5,2026-05-29,49.4,2,N,,0
LD15848,Instagram Ads,Power BI & Tableau,Pune,15k-30k,43,2025-11-12,31.0,5,N,,0
LD15849,Referral,Full Stack Development,Pune,<15k,36,2026-02-04,5.0,2,N,,0
LD15850,Google Ads,Business Analytics,Pune,<15k,73,2026-03-04,102.4,1,N,,0
LD15851,Instagram Ads,Business Analytics,Bengaluru,15k-30k,14,2025-12-15,1.0,2,N,,0
LD15852,Instagram Ads,Full Stack Development,Hyderabad,30k-50k,36,2026-07-10,44.2,2,N,,0
LD15853,Google Ads,Data Science Bootcamp,Bengaluru,50k+,37,2026-05-13,46.4,4,N,,0
LD15854,Instagram Ads,Data Science Bootcamp,Kolkata,15k-30k,66,2026-01-16,6.7,5,N,,0
LD15855,LinkedIn,Digital Marketing,Pune,50k+,11,2026-07-23,5.3,2,N,,0
LD15856,Instagram Ads,Business Analytics,Chennai,50k+,54,2026-06-17,2.6,5,N,,0
LD15857,Organic Search,Data Science Bootcamp,Ahmedabad,15k-30k,53,2026-05-08,23.3,4,N,,0
LD15858,Google Ads,Python for Data Analysis,Ahmedabad,<15k,44,2026-04-30,76.9,3,N,,0
LD15859,Referral,Business Analytics,Chennai,15k-30k,55,2025-12-11,4.6,3,N,,0
LD15860,Referral,Python for Data Analysis,Chennai,50k+,46,2026-01-03,10.3,3,Y,2026-02-15,64380
LD15861,Instagram Ads,Digital Marketing,Delhi NCR,30k-50k,59,2025-11-11,3.5,5,N,,0
LD15862,Referral,Python for Data Analysis,Kolkata,15k-30k,37,2026-01-25,10.5,2,N,,0
LD15863,Referral,Business Analytics,Chennai,<15k,69,2025-12-04,9.2,3,N,,0
LD15864,LinkedIn,Business Analytics,Ahmedabad,<15k,38,2026-01-10,33.8,3,N,,0
LD15865,Instagram Ads,Python for Data Analysis,Hyderabad,15k-30k,38,2025-12-20,18.0,4,N,,0
LD15866,Google Ads,Python for Data Analysis,Pune,<15k,60,2026-04-02,28.9,4,N,,0
LD15867,Instagram Ads,Full Stack Development,Hyderabad,50k+,77,2025-11-09,27.8,2,N,,0
LD15868,LinkedIn,Full Stack Development,Pune,50k+,28,2026-01-25,19.5,2,N,,0
LD15869,Google Ads,Data Science Bootcamp,Mumbai,50k+,54,2026-02-01,10.7,2,N,,0
LD15870,Google Ads,Business Analytics,Mumbai,50k+,86,2026-02-09,9.8,4,N,,0
LD15871,Referral,Power BI & Tableau,Bengaluru,15k-30k,24,2026-03-27,26.9,2,N,,0
LD15872,Organic Search,Digital Marketing,Pune,15k-30k,33,2025-12-14,1.6,7,N,,0
LD15873,Instagram Ads,Business Analytics,Kolkata,15k-30k,73,2026-01-21,3.6,1,N,,0
LD15874,Walk-in,Business Analytics,Kolkata,<15k,55,2026-07-09,7.8,8,N,,0
LD15875,Instagram Ads,Digital Marketing,Delhi NCR,<15k,54,2026-02-18,36.6,2,N,,0
LD15876,Google Ads,Business Analytics,Mumbai,15k-30k,42,2026-03-16,13.5,3,N,,0
LD15877,Google Ads,Business Analytics,Chennai,30k-50k,68,2025-12-09,9.5,3,Y,2025-12-17,38515
LD15878,Google Ads,Full Stack Development,Mumbai,15k-30k,33,2026-03-05,9.4,5,N,,0
LD15879,Referral,Digital Marketing,Delhi NCR,30k-50k,64,2026-01-26,0.9,1,N,,0
LD15880,Organic Search,Python for Data Analysis,Ahmedabad,<15k,34,2025-11-01,11.7,3,N,,0
LD15881,Referral,Full Stack Development,Ahmedabad,50k+,10,2026-05-20,8.9,0,Y,2026-05-22,59753
LD15882,Walk-in,Business Analytics,Kolkata,15k-30k,58,2026-07-24,6.8,0,N,,0
LD15883,Instagram Ads,Digital Marketing,Bengaluru,15k-30k,53,2026-01-29,15.1,5,N,,0
LD15884,Instagram Ads,Power BI & Tableau,Delhi NCR,30k-50k,65,2026-05-11,4.2,3,N,,0
LD15885,Referral,Digital Marketing,Hyderabad,50k+,58,2026-03-09,17.5,2,N,,0
LD15886,Google Ads,Business Analytics,Ahmedabad,50k+,47,2026-01-18,7.8,3,N,,0
LD15887,Organic Search,Data Science Bootcamp,Pune,15k-30k,79,2026-07-15,0.4,0,N,,0
LD15888,Instagram Ads,Python for Data Analysis,Pune,<15k,33,2026-07-25,6.1,1,N,,0
LD15889,Instagram Ads,Data Science Bootcamp,Mumbai,30k-50k,63,2026-04-05,22.1,4,N,,0
LD15890,Instagram Ads,Full Stack Development,Ahmedabad,50k+,48,2025-12-10,2.1,4,N,,0
LD15891,Google Ads,Full Stack Development,Mumbai,<15k,39,2026-04-03,28.0,1,N,,0
LD15892,Google Ads,Python for Data Analysis,Pune,30k-50k,64,2026-07-05,1.5,4,N,,0
LD15893,LinkedIn,Power BI & Tableau,Pune,15k-30k,83,2026-02-28,0.9,6,Y,2026-03-20,23302
LD15894,Instagram Ads,Business Analytics,Hyderabad,<15k,75,2026-05-07,15.6,3,N,,0
LD15895,Instagram Ads,Business Analytics,Kolkata,30k-50k,58,2026-05-18,11.1,4,N,,0
LD15896,Walk-in,Full Stack Development,Mumbai,<15k,42,2026-07-03,3.1,4,N,,0
LD15897,Organic Search,Business Analytics,Bengaluru,<15k,54,2025-12-08,10.1,5,N,,0
LD15898,Organic Search,Digital Marketing,Ahmedabad,50k+,56,2026-03-30,3.7,8,N,,0
LD15899,Instagram Ads,Power BI & Tableau,Chennai,50k+,52,2026-01-23,53.1,1,N,,0
LD15900,Organic Search,Full Stack Development,Chennai,15k-30k,36,2026-02-17,6.6,2,N,,0
LD15901,Google Ads,Full Stack Development,Pune,30k-50k,40,2026-06-17,2.1,2,Y,2026-07-01,37372
LD15902,Instagram Ads,Business Analytics,Bengaluru,50k+,49,2026-03-01,38.2,2,Y,2026-03-05,66174
LD15903,Walk-in,Data Science Bootcamp,Bengaluru,15k-30k,54,2025-11-25,7.1,2,N,,0
LD15904,Walk-in,Digital Marketing,Mumbai,30k-50k,24,2025-11-15,44.9,3,Y,2025-11-19,36341
LD15905,Instagram Ads,Python for Data Analysis,Chennai,<15k,55,2026-04-24,1.7,2,N,,0
LD15906,Google Ads,Data Science Bootcamp,Hyderabad,50k+,64,2026-04-08,13.7,0,N,,0
LD15907,Referral,Digital Marketing,Mumbai,15k-30k,47,2025-12-30,13.0,4,N,,0
LD15908,Google Ads,Full Stack Development,Bengaluru,<15k,73,2026-07-13,40.0,3,Y,2026-07-26,11114
LD15909,Instagram Ads,Business Analytics,Chennai,15k-30k,59,2026-01-14,16.8,2,N,,0
LD15910,Referral,Full Stack Development,Hyderabad,<15k,38,2025-11-06,0.6,4,N,,0
LD15911,Instagram Ads,Digital Marketing,Ahmedabad,15k-30k,66,2026-03-26,23.2,3,N,,0
LD15912,Instagram Ads,Digital Marketing,Bengaluru,15k-30k,84,2026-03-01,17.3,3,N,,0
LD15913,Google Ads,Power BI & Tableau,Bengaluru,15k-30k,100,2026-05-02,9.9,2,N,,0
LD15914,LinkedIn,Power BI & Tableau,Ahmedabad,50k+,53,2025-11-23,26.4,1,N,,0
LD15915,Google Ads,Data Science Bootcamp,Ahmedabad,15k-30k,52,2026-03-19,57.0,3,N,,0
LD15916,Instagram Ads,Data Science Bootcamp,Pune,<15k,48,2025-12-23,86.3,4,N,,0
LD15917,Google Ads,Python for Data Analysis,Pune,<15k,59,2026-01-25,7.6,1,N,,0
LD15918,Google Ads,Full Stack Development,Hyderabad,15k-30k,37,2026-04-14,2.9,1,N,,0
LD15919,Instagram Ads,Business Analytics,Hyderabad,15k-30k,50,2026-07-15,18.3,3,N,,0
LD15920,Organic Search,Full Stack Development,Kolkata,50k+,81,2026-07-06,12.4,7,N,,0
LD15921,Organic Search,Python for Data Analysis,Bengaluru,15k-30k,75,2026-02-06,0.7,1,N,,0
LD15922,Walk-in,Data Science Bootcamp,Hyderabad,<15k,50,2025-12-10,0.7,2,N,,0
LD15923,Instagram Ads,Data Science Bootcamp,Kolkata,50k+,52,2026-06-21,4.3,3,N,,0
LD15924,Referral,Data Science Bootcamp,Pune,15k-30k,78,2026-02-08,16.9,3,N,,0
LD15925,LinkedIn,Data Science Bootcamp,Bengaluru,<15k,67,2026-02-09,16.1,3,N,,0
LD15926,Google Ads,Python for Data Analysis,Chennai,15k-30k,47,2026-01-16,48.5,6,N,,0
LD15927,LinkedIn,Full Stack Development,Mumbai,50k+,73,2026-02-03,2.3,2,N,,0
LD15928,Walk-in,Business Analytics,Bengaluru,15k-30k,44,2026-07-24,17.5,4,N,,0
LD15929,Referral,Digital Marketing,Kolkata,15k-30k,82,2026-06-26,28.9,1,N,,0
LD15930,Organic Search,Python for Data Analysis,Mumbai,30k-50k,66,2025-11-23,38.0,2,N,,0
LD15931,Organic Search,Power BI & Tableau,Pune,<15k,69,2026-05-17,40.0,4,N,,0
LD15932,Google Ads,Python for Data Analysis,Hyderabad,30k-50k,50,2026-03-01,2.0,3,Y,2026-03-09,38353
LD15933,Instagram Ads,Business Analytics,Pune,30k-50k,73,2026-07-28,3.5,5,N,,0
LD15934,Organic Search,Data Science Bootcamp,Delhi NCR,<15k,81,2026-06-07,4.3,7,N,,0
LD15935,Instagram Ads,Data Science Bootcamp,Pune,50k+,79,2026-01-17,4.6,4,N,,0
LD15936,Walk-in,Digital Marketing,Chennai,<15k,62,2026-06-07,4.3,1,N,,0
LD15937,Walk-in,Business Analytics,Delhi NCR,15k-30k,40,2026-07-22,16.9,3,N,,0
LD15938,LinkedIn,Python for Data Analysis,Bengaluru,15k-30k,44,2026-02-23,6.9,2,N,,0
LD15939,Google Ads,Power BI & Tableau,Chennai,15k-30k,81,2026-07-02,1.2,4,N,,0
LD15940,LinkedIn,Digital Marketing,Hyderabad,50k+,74,2025-12-08,35.6,4,N,,0
LD15941,Instagram Ads,Full Stack Development,Mumbai,<15k,41,2026-04-09,41.3,4,N,,0
LD15942,Instagram Ads,Full Stack Development,Pune,30k-50k,65,2025-11-23,13.5,2,N,,0
LD15943,LinkedIn,Full Stack Development,Bengaluru,50k+,29,2025-12-26,18.9,1,N,,0
LD15944,Referral,Data Science Bootcamp,Ahmedabad,15k-30k,59,2026-03-09,4.1,3,N,,0
LD15945,Instagram Ads,Data Science Bootcamp,Delhi NCR,15k-30k,53,2026-06-24,32.2,5,N,,0
LD15946,Referral,Business Analytics,Chennai,50k+,48,2026-07-27,13.6,2,N,,0
LD15947,Referral,Power BI & Tableau,Chennai,30k-50k,47,2025-11-18,18.5,7,Y,2025-11-21,40561
LD15948,LinkedIn,Python for Data Analysis,Pune,30k-50k,38,2026-07-20,15.9,0,N,,0
LD15949,Referral,Business Analytics,Delhi NCR,<15k,82,2026-05-25,22.2,6,N,,0
LD15950,Walk-in,Data Science Bootcamp,Bengaluru,15k-30k,54,2025-11-24,49.8,9,N,,0
LD15951,Referral,Business Analytics,Bengaluru,50k+,8,2026-02-19,29.8,2,N,,0
LD15952,Instagram Ads,Python for Data Analysis,Chennai,<15k,4,2026-07-07,2.0,4,N,,0
LD15953,Google Ads,Power BI & Tableau,Ahmedabad,15k-30k,40,2026-02-21,25.7,5,N,,0
LD15954,Google Ads,Business Analytics,Delhi NCR,50k+,74,2026-03-31,5.4,3,Y,2026-04-11,65136
LD15955,Google Ads,Data Science Bootcamp,Bengaluru,15k-30k,61,2026-05-12,33.4,2,Y,2026-05-14,20572
LD15956,Instagram Ads,Python for Data Analysis,Kolkata,<15k,12,2026-05-25,3.3,5,N,,0
LD15957,Referral,Python for Data Analysis,Kolkata,<15k,72,2025-12-07,18.9,2,N,,0
LD15958,Google Ads,Business Analytics,Pune,15k-30k,52,2025-12-20,10.7,4,N,,0
LD15959,Referral,Digital Marketing,Chennai,<15k,47,2026-02-12,39.5,2,N,,0
LD15960,Referral,Digital Marketing,Pune,30k-50k,54,2026-03-31,8.4,4,N,,0
LD15961,Organic Search,Full Stack Development,Mumbai,<15k,55,2025-11-11,13.6,6,N,,0
LD15962,Instagram Ads,Full Stack Development,Bengaluru,30k-50k,53,2026-06-13,10.0,4,N,,0
LD15963,Referral,Business Analytics,Hyderabad,<15k,64,2026-06-15,6.5,1,Y,2026-06-18,11322
LD15964,Organic Search,Data Science Bootcamp,Kolkata,30k-50k,45,2026-01-21,3.1,0,N,,0
LD15965,Google Ads,Python for Data Analysis,Chennai,50k+,87,2026-04-01,9.1,1,N,,0
LD15966,Referral,Python for Data Analysis,Hyderabad,30k-50k,49,2026-03-06,15.6,1,N,,0
LD15967,Organic Search,Digital Marketing,Chennai,50k+,81,2025-11-07,6.7,6,Y,2025-11-12,70691
LD15968,Instagram Ads,Digital Marketing,Kolkata,30k-50k,35,2025-10-31,0.9,3,N,,0
LD15969,Google Ads,Business Analytics,Delhi NCR,15k-30k,51,2026-01-10,12.8,4,N,,0
LD15970,Google Ads,Python for Data Analysis,Pune,<15k,74,2026-07-18,35.6,0,N,,0
LD15971,Organic Search,Digital Marketing,Kolkata,50k+,92,2026-06-15,35.9,4,N,,0
LD15972,LinkedIn,Data Science Bootcamp,Bengaluru,<15k,48,2026-03-09,9.9,3,N,,0
LD15973,Instagram Ads,Power BI & Tableau,Hyderabad,<15k,16,2026-04-27,0.8,2,N,,0
LD15974,Referral,Power BI & Tableau,Bengaluru,<15k,26,2026-07-01,16.3,5,N,,0
LD15975,Instagram Ads,Business Analytics,Kolkata,<15k,69,2026-02-21,18.0,5,N,,0
LD15976,Google Ads,Power BI & Tableau,Hyderabad,15k-30k,65,2026-03-14,28.3,5,N,,0
LD15977,Google Ads,Python for Data Analysis,Delhi NCR,50k+,55,2026-05-06,2.0,4,Y,2026-05-11,69475
LD15978,Google Ads,Data Science Bootcamp,Pune,50k+,84,2026-01-05,83.7,3,N,,0
LD15979,Referral,Python for Data Analysis,Bengaluru,<15k,58,2025-12-02,13.1,5,Y,2025-12-17,13031
LD15980,Organic Search,Power BI & Tableau,Chennai,<15k,60,2026-01-14,10.0,3,N,,0
LD15981,Walk-in,Python for Data Analysis,Pune,<15k,27,2026-07-29,28.5,4,N,,0
LD15982,Walk-in,Power BI & Tableau,Hyderabad,<15k,82,2025-11-18,18.3,2,Y,2025-12-05,10892
LD15983,Referral,Digital Marketing,Ahmedabad,<15k,36,2026-05-22,6.4,2,N,,0
LD15984,Organic Search,Data Science Bootcamp,Bengaluru,15k-30k,77,2026-04-07,21.8,7,N,,0
LD15985,Instagram Ads,Python for Data Analysis,Hyderabad,50k+,67,2026-04-03,77.8,3,N,,0
LD15986,Instagram Ads,Business Analytics,Ahmedabad,<15k,30,2026-06-25,10.8,3,N,,0
LD15987,Organic Search,Full Stack Development,Chennai,15k-30k,68,2026-04-20,37.3,1,N,,0
LD15988,Google Ads,Data Science Bootcamp,Delhi NCR,<15k,61,2026-03-09,85.6,4,N,,0
LD15989,Google Ads,Digital Marketing,Ahmedabad,30k-50k,92,2026-05-08,9.3,0,N,,0
LD15990,Referral,Digital Marketing,Kolkata,15k-30k,47,2025-12-02,10.4,3,Y,2025-12-20,19853
LD15991,Google Ads,Business Analytics,Mumbai,<15k,79,2026-03-19,10.7,3,N,,0
LD15992,Organic Search,Data Science Bootcamp,Kolkata,<15k,54,2026-04-06,28.3,5,N,,0
LD15993,Referral,Business Analytics,Chennai,30k-50k,38,2026-06-18,1.2,4,N,,0
LD15994,Walk-in,Python for Data Analysis,Kolkata,50k+,39,2025-12-14,13.8,3,N,,0
LD15995,Referral,Power BI & Tableau,Ahmedabad,30k-50k,80,2025-11-15,17.4,0,N,,0
LD15996,Referral,Data Science Bootcamp,Hyderabad,15k-30k,74,2026-01-26,21.7,3,N,,0
LD15997,Google Ads,Power BI & Tableau,Chennai,<15k,52,2026-06-27,45.3,5,N,,0
LD15998,Instagram Ads,Business Analytics,Kolkata,15k-30k,36,2025-12-06,3.8,2,N,,0
LD15999,LinkedIn,Business Analytics,Delhi NCR,50k+,50,2025-12-14,35.0,4,N,,0
LD16000,Walk-in,Python for Data Analysis,Kolkata,50k+,47,2026-01-13,15.1,3,N,,0
LD16001,Google Ads,Business Analytics,Chennai,<15k,52,2026-02-22,20.7,2,N,,0
LD16002,Instagram Ads,Power BI & Tableau,Mumbai,<15k,40,2026-07-07,12.1,2,N,,0
LD16003,Google Ads,Business Analytics,Bengaluru,50k+,73,2026-02-05,6.1,4,N,,0
LD16004,Google Ads,Data Science Bootcamp,Delhi NCR,<15k,25,2026-01-18,6.1,1,N,,0
LD16005,LinkedIn,Python for Data Analysis,Kolkata,50k+,26,2026-03-24,8.7,1,N,,0
LD16006,Instagram Ads,Data Science Bootcamp,Chennai,30k-50k,44,2026-07-13,19.6,5,N,,0
LD16007,Instagram Ads,Full Stack Development,Hyderabad,<15k,33,2026-03-20,0.9,1,N,,0
LD16008,Google Ads,Data Science Bootcamp,Ahmedabad,<15k,29,2026-05-28,12.3,5,N,,0
LD16009,Organic Search,Power BI & Tableau,Ahmedabad,50k+,79,2025-12-20,1.1,0,Y,2025-12-28,62003
LD16010,Organic Search,Data Science Bootcamp,Bengaluru,30k-50k,37,2025-11-25,11.0,1,N,,0
LD16011,Instagram Ads,Data Science Bootcamp,Mumbai,30k-50k,57,2026-05-24,11.4,7,N,,0
LD16012,LinkedIn,Power BI & Tableau,Delhi NCR,<15k,62,2026-03-28,25.6,5,N,,0
LD16013,Instagram Ads,Power BI & Tableau,Chennai,<15k,44,2026-06-26,5.1,3,N,,0
LD16014,Walk-in,Business Analytics,Chennai,<15k,69,2026-06-13,22.0,4,N,,0
LD16015,Organic Search,Business Analytics,Delhi NCR,<15k,21,2026-05-05,8.9,1,Y,2026-05-16,11800
LD16016,Google Ads,Power BI & Tableau,Delhi NCR,<15k,81,2026-01-21,22.5,2,Y,2026-01-27,13157
LD16017,Instagram Ads,Full Stack Development,Kolkata,50k+,47,2026-05-06,20.7,2,N,,0
LD16018,Organic Search,Power BI & Tableau,Mumbai,50k+,69,2026-05-06,4.0,1,N,,0
LD16019,Instagram Ads,Full Stack Development,Mumbai,<15k,58,2025-11-26,97.9,1,N,,0
LD16020,Referral,Python for Data Analysis,Hyderabad,50k+,73,2026-04-07,5.4,2,N,,0
LD16021,Google Ads,Python for Data Analysis,Delhi NCR,50k+,32,2026-06-12,3.9,5,N,,0
LD16022,Google Ads,Data Science Bootcamp,Kolkata,50k+,71,2025-11-03,43.6,1,Y,2025-11-07,60428
LD16023,LinkedIn,Data Science Bootcamp,Mumbai,15k-30k,14,2026-03-21,46.6,2,N,,0
LD16024,Google Ads,Python for Data Analysis,Bengaluru,30k-50k,70,2026-02-09,0.9,3,N,,0
LD16025,Google Ads,Python for Data Analysis,Delhi NCR,50k+,36,2026-03-12,13.9,5,N,,0
LD16026,Organic Search,Business Analytics,Pune,15k-30k,63,2026-01-31,19.3,5,N,,0
LD16027,Instagram Ads,Digital Marketing,Pune,50k+,79,2026-07-06,39.3,7,N,,0
LD16028,LinkedIn,Business Analytics,Hyderabad,30k-50k,57,2025-11-27,4.4,4,N,,0
LD16029,Referral,Power BI & Tableau,Bengaluru,50k+,40,2025-12-12,19.6,3,N,,0
LD16030,LinkedIn,Data Science Bootcamp,Pune,30k-50k,66,2025-12-30,0.2,1,Y,2026-01-13,41669
LD16031,Instagram Ads,Python for Data Analysis,Bengaluru,15k-30k,71,2025-12-21,49.9,3,N,,0
LD16032,Referral,Business Analytics,Bengaluru,50k+,43,2026-07-02,41.2,4,N,,0
LD16033,Organic Search,Power BI & Tableau,Pune,50k+,61,2026-04-16,7.0,2,Y,2026-05-02,63088
LD16034,Instagram Ads,Data Science Bootcamp,Kolkata,<15k,84,2026-06-14,72.1,2,N,,0
LD16035,Google Ads,Data Science Bootcamp,Bengaluru,15k-30k,25,2026-03-23,17.8,8,N,,0
LD16036,Instagram Ads,Full Stack Development,Hyderabad,30k-50k,76,2026-03-25,36.3,4,N,,0
LD16037,Instagram Ads,Power BI & Tableau,Mumbai,<15k,81,2026-03-30,34.5,2,N,,0
LD16038,Organic Search,Digital Marketing,Pune,50k+,47,2026-05-25,6.6,3,N,,0
LD16039,LinkedIn,Data Science Bootcamp,Ahmedabad,<15k,59,2025-12-01,2.1,4,N,,0
LD16040,Referral,Data Science Bootcamp,Bengaluru,30k-50k,56,2026-03-05,0.2,3,Y,2026-03-06,38594
LD16041,Walk-in,Data Science Bootcamp,Delhi NCR,50k+,62,2025-11-20,3.0,3,N,,0
LD16042,Walk-in,Digital Marketing,Pune,15k-30k,48,2026-06-11,0.0,7,N,,0
LD16043,LinkedIn,Data Science Bootcamp,Chennai,50k+,50,2026-07-10,0.8,4,N,,0
LD16044,Instagram Ads,Power BI & Tableau,Ahmedabad,15k-30k,82,2026-03-10,21.9,1,N,,0
LD16045,Google Ads,Power BI & Tableau,Ahmedabad,30k-50k,37,2026-01-24,33.4,3,N,,0
LD16046,LinkedIn,Data Science Bootcamp,Bengaluru,15k-30k,56,2026-02-06,10.6,3,N,,0
LD16047,Walk-in,Data Science Bootcamp,Bengaluru,30k-50k,45,2026-06-11,8.2,1,N,,0
LD16048,Walk-in,Python for Data Analysis,Chennai,50k+,51,2026-06-30,7.8,1,N,,0
LD16049,Instagram Ads,Python for Data Analysis,Pune,<15k,39,2026-04-12,1.0,4,Y,2026-04-14,11108
LD16050,Google Ads,Business Analytics,Hyderabad,50k+,81,2026-05-27,1.2,4,N,,0
LD16051,Instagram Ads,Digital Marketing,Hyderabad,50k+,45,2026-02-01,19.8,2,Y,2026-02-04,67474
LD16052,Organic Search,Full Stack Development,Pune,<15k,42,2026-05-12,14.6,0,N,,0
LD16053,LinkedIn,Power BI & Tableau,Delhi NCR,50k+,49,2025-11-07,5.7,5,N,,0
LD16054,Organic Search,Business Analytics,Pune,50k+,76,2026-06-10,26.6,2,N,,0
LD16055,Instagram Ads,Python for Data Analysis,Ahmedabad,50k+,43,2025-12-30,11.5,1,N,,0
LD16056,LinkedIn,Full Stack Development,Delhi NCR,<15k,37,2026-06-21,13.0,4,N,,0
LD16057,LinkedIn,Data Science Bootcamp,Mumbai,30k-50k,35,2025-12-08,23.8,4,N,,0
LD16058,LinkedIn,Full Stack Development,Delhi NCR,<15k,54,2025-12-31,45.8,6,Y,2026-01-05,12867
LD16059,LinkedIn,Data Science Bootcamp,Hyderabad,50k+,53,2025-12-04,16.7,1,N,,0
LD16060,LinkedIn,Digital Marketing,Bengaluru,50k+,66,2025-12-05,36.7,4,Y,2025-12-18,71474
LD16061,Walk-in,Python for Data Analysis,Pune,15k-30k,87,2025-11-21,8.0,2,Y,2025-11-25,22248
LD16062,Instagram Ads,Python for Data Analysis,Mumbai,30k-50k,49,2026-05-07,1.5,4,N,,0
LD16063,Instagram Ads,Digital Marketing,Chennai,50k+,18,2026-06-02,3.7,1,N,,0
LD16064,Instagram Ads,Data Science Bootcamp,Kolkata,50k+,37,2025-11-21,50.3,4,N,,0
LD16065,Referral,Business Analytics,Bengaluru,30k-50k,36,2026-05-30,19.0,4,N,,0
LD16066,Walk-in,Power BI & Tableau,Delhi NCR,50k+,84,2026-05-25,21.0,7,N,,0
LD16067,Instagram Ads,Power BI & Tableau,Kolkata,50k+,42,2025-11-11,10.7,2,N,,0
LD16068,Organic Search,Power BI & Tableau,Delhi NCR,15k-30k,51,2025-11-29,29.6,0,Y,2025-12-16,20344
LD16069,Organic Search,Power BI & Tableau,Bengaluru,50k+,57,2026-06-04,28.6,4,Y,2026-06-13,65196
LD16070,Instagram Ads,Digital Marketing,Delhi NCR,50k+,24,2026-03-20,1.3,1,N,,0
LD16071,LinkedIn,Business Analytics,Ahmedabad,<15k,85,2025-11-16,1.1,1,N,,0
LD16072,Google Ads,Data Science Bootcamp,Chennai,15k-30k,61,2025-12-02,2.0,2,N,,0
LD16073,Instagram Ads,Data Science Bootcamp,Pune,50k+,50,2026-01-08,32.8,3,N,,0
LD16074,LinkedIn,Business Analytics,Mumbai,30k-50k,37,2025-11-18,5.6,3,N,,0
LD16075,Organic Search,Full Stack Development,Delhi NCR,50k+,51,2026-05-01,57.8,4,N,,0
LD16076,Referral,Power BI & Tableau,Bengaluru,15k-30k,67,2026-05-24,56.4,1,N,,0
LD16077,Organic Search,Power BI & Tableau,Delhi NCR,15k-30k,33,2026-06-01,15.1,2,N,,0
LD16078,Google Ads,Power BI & Tableau,Mumbai,50k+,46,2026-07-09,21.9,1,N,,0
LD16079,Instagram Ads,Power BI & Tableau,Kolkata,<15k,46,2025-12-26,2.2,2,N,,0
LD16080,Instagram Ads,Business Analytics,Kolkata,30k-50k,51,2026-07-04,7.7,4,N,,0
LD16081,Instagram Ads,Python for Data Analysis,Ahmedabad,15k-30k,54,2025-12-20,6.7,3,N,,0
LD16082,Google Ads,Power BI & Tableau,Kolkata,<15k,55,2026-02-03,10.3,3,N,,0
LD16083,Google Ads,Data Science Bootcamp,Hyderabad,<15k,9,2025-11-24,18.8,3,N,,0
LD16084,Google Ads,Digital Marketing,Mumbai,<15k,69,2026-06-18,42.0,1,N,,0
LD16085,Instagram Ads,Data Science Bootcamp,Chennai,15k-30k,32,2026-07-15,9.0,4,N,,0
LD16086,Google Ads,Full Stack Development,Mumbai,15k-30k,53,2026-07-17,16.7,6,N,,0
LD16087,Google Ads,Full Stack Development,Hyderabad,50k+,54,2026-02-02,40.0,3,N,,0
LD16088,Organic Search,Business Analytics,Ahmedabad,15k-30k,72,2025-12-13,37.4,4,Y,2025-12-19,22932
LD16089,Organic Search,Full Stack Development,Bengaluru,50k+,0,2026-03-16,7.5,7,N,,0
LD16090,Organic Search,Digital Marketing,Mumbai,15k-30k,48,2026-05-17,8.2,2,N,,0
LD16091,Google Ads,Data Science Bootcamp,Chennai,30k-50k,38,2026-01-05,17.5,3,N,,0
LD16092,Organic Search,Power BI & Tableau,Kolkata,<15k,60,2026-04-04,14.3,2,Y,2026-04-07,11778
LD16093,Referral,Digital Marketing,Pune,<15k,70,2025-11-27,25.5,4,N,,0
LD16094,Referral,Digital Marketing,Delhi NCR,30k-50k,26,2026-04-06,0.8,5,N,,0
LD16095,Organic Search,Python for Data Analysis,Delhi NCR,15k-30k,45,2025-11-03,5.2,3,N,,0
LD16096,Referral,Data Science Bootcamp,Kolkata,<15k,41,2025-12-29,9.9,1,N,,0
LD16097,Referral,Digital Marketing,Mumbai,<15k,56,2025-12-22,10.8,6,N,,0
LD16098,Instagram Ads,Full Stack Development,Delhi NCR,30k-50k,66,2026-01-15,2.7,1,N,,0
LD16099,Instagram Ads,Data Science Bootcamp,Kolkata,50k+,83,2026-07-04,55.8,4,N,,0
LD16100,Google Ads,Data Science Bootcamp,Ahmedabad,50k+,76,2026-03-26,8.7,3,N,,0
LD16101,Walk-in,Full Stack Development,Pune,<15k,75,2026-07-23,36.7,5,N,,0
LD16102,Google Ads,Full Stack Development,Bengaluru,30k-50k,27,2025-11-26,13.2,8,N,,0
LD16103,Organic Search,Power BI & Tableau,Kolkata,<15k,41,2025-12-28,20.9,5,N,,0
LD16104,Organic Search,Python for Data Analysis,Hyderabad,15k-30k,76,2026-03-17,0.2,4,N,,0
LD16105,LinkedIn,Digital Marketing,Ahmedabad,<15k,42,2026-05-12,14.5,2,N,,0
LD16106,Google Ads,Digital Marketing,Hyderabad,50k+,55,2026-02-08,20.9,0,N,,0
LD16107,Organic Search,Business Analytics,Pune,30k-50k,15,2026-04-09,0.2,3,N,,0
LD16108,Instagram Ads,Python for Data Analysis,Delhi NCR,50k+,67,2026-02-28,36.0,5,N,,0
LD16109,Instagram Ads,Power BI & Tableau,Mumbai,50k+,67,2026-07-19,13.1,3,Y,2026-07-22,63296
LD16110,Instagram Ads,Full Stack Development,Ahmedabad,50k+,61,2025-12-19,8.5,1,Y,2025-12-22,69761
LD16111,Instagram Ads,Digital Marketing,Delhi NCR,50k+,20,2026-02-04,1.2,4,N,,0
LD16112,Referral,Full Stack Development,Chennai,<15k,50,2026-02-11,37.3,2,N,,0
LD16113,Instagram Ads,Digital Marketing,Chennai,30k-50k,5,2025-12-28,44.5,2,N,,0
LD16114,LinkedIn,Full Stack Development,Hyderabad,<15k,39,2026-01-01,27.3,3,N,,0
LD16115,Instagram Ads,Data Science Bootcamp,Pune,15k-30k,39,2025-11-30,33.5,1,N,,0
LD16116,Google Ads,Data Science Bootcamp,Chennai,50k+,66,2026-07-26,32.8,2,N,,0
LD16117,Organic Search,Business Analytics,Bengaluru,50k+,45,2025-12-03,9.4,5,N,,0
LD16118,Instagram Ads,Digital Marketing,Hyderabad,<15k,57,2025-11-30,7.3,2,N,,0
LD16119,Google Ads,Python for Data Analysis,Kolkata,<15k,63,2025-12-07,3.3,6,N,,0
LD16120,Organic Search,Full Stack Development,Mumbai,<15k,36,2026-05-27,25.3,3,N,,0
LD16121,Google Ads,Power BI & Tableau,Mumbai,50k+,78,2026-05-11,9.5,3,Y,2026-05-16,69564
LD16122,Instagram Ads,Python for Data Analysis,Mumbai,30k-50k,59,2026-04-01,5.8,2,N,,0
LD16123,Instagram Ads,Python for Data Analysis,Hyderabad,15k-30k,13,2025-11-11,0.8,3,N,,0
LD16124,Instagram Ads,Power BI & Tableau,Chennai,30k-50k,68,2026-01-28,11.0,4,N,,0
LD16125,LinkedIn,Digital Marketing,Kolkata,<15k,100,2025-12-01,90.6,3,N,,0
LD16126,Walk-in,Python for Data Analysis,Bengaluru,<15k,86,2026-01-16,28.9,5,N,,0
LD16127,Google Ads,Data Science Bootcamp,Pune,30k-50k,68,2026-04-12,13.9,1,N,,0
LD16128,Google Ads,Digital Marketing,Pune,30k-50k,82,2026-01-24,2.8,2,Y,2026-01-26,41712
LD16129,LinkedIn,Data Science Bootcamp,Kolkata,30k-50k,49,2026-07-24,25.2,2,N,,0
LD16130,Google Ads,Python for Data Analysis,Kolkata,30k-50k,39,2026-03-01,7.2,4,Y,2026-03-07,42567
LD16131,Google Ads,Python for Data Analysis,Kolkata,50k+,58,2026-03-31,32.7,5,N,,0
LD16132,Walk-in,Data Science Bootcamp,Kolkata,30k-50k,47,2026-01-18,5.7,2,N,,0
LD16133,LinkedIn,Digital Marketing,Bengaluru,15k-30k,67,2026-06-21,29.9,4,N,,0
LD16134,Organic Search,Digital Marketing,Kolkata,30k-50k,68,2025-12-21,4.3,5,N,,0
LD16135,Referral,Digital Marketing,Ahmedabad,50k+,29,2025-11-19,37.6,5,N,,0
LD16136,Google Ads,Digital Marketing,Ahmedabad,<15k,50,2026-06-17,58.0,3,N,,0
LD16137,Google Ads,Digital Marketing,Mumbai,30k-50k,75,2026-03-09,17.3,1,N,,0
LD16138,Walk-in,Business Analytics,Kolkata,<15k,13,2026-05-04,38.9,2,N,,0
LD16139,Referral,Business Analytics,Chennai,15k-30k,63,2025-12-18,7.9,1,N,,0
LD16140,LinkedIn,Digital Marketing,Kolkata,50k+,50,2026-07-30,19.4,5,N,,0
LD16141,Referral,Business Analytics,Kolkata,15k-30k,62,2026-03-14,30.1,2,N,,0
LD16142,Organic Search,Digital Marketing,Bengaluru,30k-50k,42,2025-11-28,3.2,4,N,,0
LD16143,Instagram Ads,Data Science Bootcamp,Chennai,50k+,30,2026-02-27,7.3,3,N,,0
LD16144,Google Ads,Power BI & Tableau,Mumbai,30k-50k,73,2026-04-28,4.1,4,N,,0
LD16145,Walk-in,Data Science Bootcamp,Kolkata,<15k,99,2025-11-23,16.7,2,N,,0
LD16146,Referral,Business Analytics,Hyderabad,15k-30k,80,2025-12-09,18.7,2,N,,0
LD16147,LinkedIn,Business Analytics,Delhi NCR,15k-30k,32,2026-02-17,25.6,0,N,,0
LD16148,Referral,Business Analytics,Kolkata,50k+,63,2026-04-10,34.4,1,N,,0
LD16149,LinkedIn,Python for Data Analysis,Delhi NCR,50k+,81,2025-11-27,11.0,1,N,,0
LD16150,Instagram Ads,Python for Data Analysis,Chennai,15k-30k,56,2026-07-10,22.0,1,N,,0
LD16151,Instagram Ads,Power BI & Tableau,Kolkata,<15k,60,2026-07-24,31.8,6,N,,0
LD16152,Instagram Ads,Data Science Bootcamp,Hyderabad,<15k,33,2025-11-17,1.9,5,N,,0
LD16153,Walk-in,Business Analytics,Hyderabad,30k-50k,94,2026-07-24,0.8,2,N,,0
LD16154,Instagram Ads,Data Science Bootcamp,Delhi NCR,30k-50k,36,2026-01-31,15.6,2,N,,0
LD16155,Instagram Ads,Power BI & Tableau,Bengaluru,50k+,51,2026-04-11,7.7,5,Y,2026-04-19,66352
LD16156,Instagram Ads,Data Science Bootcamp,Hyderabad,<15k,71,2026-07-28,57.9,3,N,,0
LD16157,Organic Search,Python for Data Analysis,Ahmedabad,50k+,66,2025-12-03,15.1,3,N,,0
LD16158,Organic Search,Full Stack Development,Pune,50k+,90,2026-06-16,7.6,2,Y,2026-06-24,69232
LD16159,Instagram Ads,Business Analytics,Pune,<15k,56,2026-05-16,22.0,1,N,,0
LD16160,Organic Search,Power BI & Tableau,Ahmedabad,30k-50k,48,2026-01-15,5.3,1,Y,2026-01-27,37944
LD16161,Google Ads,Data Science Bootcamp,Ahmedabad,30k-50k,66,2026-05-13,7.6,3,N,,0
LD16162,Instagram Ads,Business Analytics,Delhi NCR,50k+,54,2026-04-07,14.0,2,N,,0
LD16163,Google Ads,Business Analytics,Hyderabad,50k+,53,2026-01-13,26.8,5,N,,0
LD16164,Organic Search,Business Analytics,Pune,<15k,74,2026-06-03,17.6,4,N,,0
LD16165,Instagram Ads,Data Science Bootcamp,Delhi NCR,15k-30k,59,2026-04-24,3.6,2,N,,0
LD16166,Instagram Ads,Business Analytics,Chennai,50k+,26,2026-02-17,42.7,3,N,,0
LD16167,Google Ads,Business Analytics,Chennai,50k+,90,2026-03-09,25.1,3,N,,0
LD16168,Organic Search,Full Stack Development,Bengaluru,50k+,61,2026-04-13,15.8,6,Y,2026-05-01,62025
LD16169,Instagram Ads,Python for Data Analysis,Pune,30k-50k,78,2026-02-18,4.9,1,N,,0
LD16170,Google Ads,Digital Marketing,Pune,30k-50k,51,2026-03-12,1.5,3,N,,0
LD16171,Instagram Ads,Digital Marketing,Hyderabad,15k-30k,49,2026-01-15,13.3,1,N,,0
LD16172,LinkedIn,Full Stack Development,Chennai,15k-30k,21,2026-05-28,40.1,5,N,,0
LD16173,LinkedIn,Digital Marketing,Delhi NCR,30k-50k,32,2025-11-29,16.7,8,N,,0
LD16174,Instagram Ads,Data Science Bootcamp,Kolkata,<15k,24,2026-01-07,16.1,5,N,,0
LD16175,Google Ads,Digital Marketing,Chennai,30k-50k,55,2026-03-15,8.5,5,Y,2026-03-30,43863
LD16176,Google Ads,Digital Marketing,Chennai,50k+,47,2026-04-20,10.8,3,N,,0
LD16177,Referral,Full Stack Development,Mumbai,15k-30k,48,2025-12-06,14.6,6,N,,0
LD16178,Google Ads,Data Science Bootcamp,Pune,<15k,64,2025-11-27,1.0,4,Y,2025-12-06,12064
LD16179,Referral,Business Analytics,Ahmedabad,15k-30k,35,2025-11-14,23.2,3,N,,0
LD16180,LinkedIn,Digital Marketing,Hyderabad,50k+,72,2025-11-18,8.9,3,N,,0
LD16181,Instagram Ads,Python for Data Analysis,Kolkata,50k+,82,2026-05-04,11.8,5,N,,0
LD16182,Google Ads,Business Analytics,Delhi NCR,15k-30k,35,2026-07-23,1.1,3,N,,0
LD16183,Instagram Ads,Full Stack Development,Ahmedabad,15k-30k,41,2026-02-12,6.2,2,N,,0
LD16184,Referral,Business Analytics,Mumbai,<15k,67,2026-05-04,7.5,2,Y,2026-05-08,11034
LD16185,Google Ads,Power BI & Tableau,Pune,50k+,73,2025-12-11,0.2,3,Y,2025-12-15,70378
LD16186,Organic Search,Data Science Bootcamp,Chennai,50k+,79,2026-04-18,25.7,5,N,,0
LD16187,Referral,Full Stack Development,Bengaluru,<15k,32,2025-11-26,1.3,4,N,,0
LD16188,Organic Search,Data Science Bootcamp,Mumbai,50k+,45,2025-11-20,38.7,2,N,,0
LD16189,LinkedIn,Data Science Bootcamp,Chennai,30k-50k,88,2026-05-24,11.1,3,Y,2026-07-11,38263
LD16190,Referral,Full Stack Development,Bengaluru,15k-30k,27,2026-05-28,14.5,3,N,,0
LD16191,Instagram Ads,Python for Data Analysis,Chennai,15k-30k,44,2026-06-04,2.4,4,N,,0
LD16192,Referral,Full Stack Development,Delhi NCR,15k-30k,47,2025-12-25,1.1,0,N,,0
LD16193,Organic Search,Power BI & Tableau,Chennai,15k-30k,79,2026-04-29,31.2,5,N,,0
LD16194,Google Ads,Business Analytics,Bengaluru,30k-50k,68,2026-03-13,9.1,2,N,,0
LD16195,Google Ads,Data Science Bootcamp,Hyderabad,<15k,55,2026-01-10,14.5,2,N,,0
LD16196,Organic Search,Full Stack Development,Ahmedabad,50k+,20,2026-02-01,0.7,3,N,,0
LD16197,Referral,Python for Data Analysis,Hyderabad,30k-50k,63,2026-06-22,28.1,5,N,,0
LD16198,Google Ads,Python for Data Analysis,Pune,30k-50k,55,2026-03-29,19.9,0,N,,0
LD16199,Instagram Ads,Digital Marketing,Delhi NCR,30k-50k,84,2026-07-18,0.9,3,N,,0
LD16200,LinkedIn,Full Stack Development,Delhi NCR,30k-50k,44,2025-11-08,0.0,1,N,,0
LD16201,Referral,Digital Marketing,Bengaluru,50k+,67,2026-02-25,3.0,6,Y,2026-03-02,66765
LD16202,Instagram Ads,Power BI & Tableau,Chennai,15k-30k,34,2026-07-07,2.1,1,N,,0
LD16203,Walk-in,Full Stack Development,Ahmedabad,<15k,56,2026-02-12,5.3,2,N,,0
LD16204,LinkedIn,Power BI & Tableau,Ahmedabad,15k-30k,46,2026-01-24,1.9,2,N,,0
LD16205,Google Ads,Full Stack Development,Bengaluru,<15k,36,2026-02-10,0.4,4,N,,0
LD16206,Organic Search,Full Stack Development,Mumbai,30k-50k,65,2026-03-05,1.7,3,N,,0
LD16207,Organic Search,Full Stack Development,Pune,<15k,54,2025-11-08,12.7,1,N,,0
LD16208,LinkedIn,Power BI & Tableau,Delhi NCR,50k+,29,2026-03-31,23.5,3,N,,0
LD16209,Instagram Ads,Power BI & Tableau,Kolkata,50k+,93,2026-06-22,2.8,1,N,,0
LD16210,Instagram Ads,Power BI & Tableau,Bengaluru,15k-30k,75,2026-01-21,0.1,3,N,,0
LD16211,Instagram Ads,Digital Marketing,Ahmedabad,30k-50k,50,2026-05-11,9.3,5,N,,0
LD16212,Google Ads,Power BI & Tableau,Ahmedabad,15k-30k,69,2026-03-14,9.5,1,Y,2026-03-21,21546
LD16213,LinkedIn,Data Science Bootcamp,Ahmedabad,30k-50k,39,2025-12-06,11.2,4,N,,0
LD16214,Google Ads,Full Stack Development,Delhi NCR,15k-30k,85,2026-05-14,13.5,3,N,,0
LD16215,Organic Search,Python for Data Analysis,Bengaluru,15k-30k,74,2026-03-13,6.6,5,N,,0
LD16216,Organic Search,Data Science Bootcamp,Delhi NCR,50k+,72,2025-11-29,11.5,1,N,,0
LD16217,Referral,Business Analytics,Pune,30k-50k,55,2026-05-03,3.9,4,N,,0
LD16218,Referral,Business Analytics,Ahmedabad,15k-30k,49,2026-04-29,17.2,2,N,,0
LD16219,Organic Search,Business Analytics,Mumbai,15k-30k,27,2026-05-06,5.0,4,Y,2026-05-20,22439
LD16220,Instagram Ads,Power BI & Tableau,Pune,<15k,58,2026-04-05,39.2,4,N,,0
LD16221,Instagram Ads,Data Science Bootcamp,Bengaluru,50k+,100,2026-03-09,6.6,3,N,,0
LD16222,Organic Search,Python for Data Analysis,Mumbai,15k-30k,53,2026-06-21,25.8,6,N,,0
LD16223,Google Ads,Business Analytics,Mumbai,<15k,41,2026-03-18,7.5,4,N,,0
LD16224,Walk-in,Business Analytics,Hyderabad,15k-30k,31,2026-02-14,39.2,3,N,,0
LD16225,Google Ads,Data Science Bootcamp,Bengaluru,<15k,49,2026-03-15,59.8,2,N,,0
LD16226,Referral,Business Analytics,Pune,15k-30k,58,2026-07-23,10.3,2,Y,2026-07-31,23744
LD16227,Organic Search,Data Science Bootcamp,Hyderabad,<15k,80,2026-04-17,11.3,2,N,,0
LD16228,Referral,Full Stack Development,Ahmedabad,50k+,60,2026-02-04,9.9,3,N,,0
LD16229,Referral,Python for Data Analysis,Hyderabad,50k+,64,2026-07-24,23.6,4,N,,0
LD16230,LinkedIn,Data Science Bootcamp,Ahmedabad,<15k,71,2026-01-26,5.4,5,N,,0
LD16231,Referral,Full Stack Development,Hyderabad,50k+,62,2025-11-07,16.2,2,N,,0
LD16232,LinkedIn,Data Science Bootcamp,Delhi NCR,<15k,29,2025-11-12,25.5,2,N,,0
LD16233,Organic Search,Business Analytics,Kolkata,30k-50k,48,2026-06-16,6.1,3,N,,0
LD16234,Organic Search,Data Science Bootcamp,Bengaluru,30k-50k,39,2026-02-03,9.0,5,N,,0
LD16235,Instagram Ads,Full Stack Development,Delhi NCR,15k-30k,54,2026-05-21,58.8,0,N,,0
LD16236,Google Ads,Digital Marketing,Hyderabad,15k-30k,22,2025-11-07,12.4,5,N,,0
LD16237,Organic Search,Power BI & Tableau,Ahmedabad,<15k,57,2026-07-01,6.0,4,Y,2026-07-03,10949
LD16238,LinkedIn,Digital Marketing,Pune,50k+,40,2026-02-01,0.9,2,N,,0
LD16239,Google Ads,Business Analytics,Delhi NCR,30k-50k,25,2025-11-26,24.8,2,N,,0
LD16240,Google Ads,Python for Data Analysis,Hyderabad,30k-50k,9,2026-02-02,6.5,3,N,,0
LD16241,Google Ads,Data Science Bootcamp,Mumbai,<15k,62,2026-02-05,65.3,2,N,,0
LD16242,Google Ads,Full Stack Development,Ahmedabad,<15k,42,2026-02-03,19.4,4,N,,0
LD16243,Instagram Ads,Python for Data Analysis,Bengaluru,15k-30k,69,2026-04-29,11.0,2,N,,0
LD16244,Instagram Ads,Digital Marketing,Chennai,30k-50k,33,2026-01-06,8.8,3,N,,0
LD16245,Organic Search,Full Stack Development,Ahmedabad,50k+,38,2026-04-25,19.2,3,N,,0
LD16246,Google Ads,Data Science Bootcamp,Bengaluru,30k-50k,75,2026-04-10,14.2,3,N,,0
LD16247,LinkedIn,Full Stack Development,Kolkata,<15k,60,2026-07-06,13.5,0,N,,0
LD16248,Instagram Ads,Python for Data Analysis,Kolkata,50k+,50,2025-11-17,23.9,4,N,,0
LD16249,Instagram Ads,Digital Marketing,Hyderabad,<15k,46,2026-01-22,41.8,4,N,,0
LD16250,Google Ads,Data Science Bootcamp,Chennai,50k+,40,2026-01-31,28.4,2,N,,0
LD16251,Instagram Ads,Digital Marketing,Hyderabad,<15k,90,2025-11-05,14.4,5,N,,0
LD16252,Instagram Ads,Full Stack Development,Delhi NCR,15k-30k,82,2026-01-28,5.3,2,N,,0
LD16253,Google Ads,Data Science Bootcamp,Chennai,50k+,44,2026-03-05,1.2,3,N,,0
LD16254,Walk-in,Data Science Bootcamp,Delhi NCR,50k+,39,2026-06-23,16.8,2,Y,2026-07-05,64872
LD16255,Instagram Ads,Power BI & Tableau,Bengaluru,50k+,71,2026-04-04,6.1,5,N,,0
LD16256,Google Ads,Power BI & Tableau,Chennai,<15k,42,2026-07-04,36.0,4,N,,0
LD16257,Walk-in,Power BI & Tableau,Kolkata,15k-30k,33,2026-01-11,60.1,1,N,,0
LD16258,Google Ads,Python for Data Analysis,Delhi NCR,15k-30k,73,2026-05-08,22.8,2,Y,2026-05-19,21565
LD16259,Google Ads,Power BI & Tableau,Kolkata,15k-30k,34,2026-04-09,48.9,2,N,,0
LD16260,LinkedIn,Power BI & Tableau,Pune,50k+,86,2026-07-27,13.4,5,Y,2026-07-28,70964
LD16261,Google Ads,Python for Data Analysis,Bengaluru,50k+,73,2026-02-11,21.7,5,Y,2026-02-12,65767
LD16262,LinkedIn,Power BI & Tableau,Kolkata,15k-30k,62,2026-02-14,6.8,1,N,,0
LD16263,Organic Search,Power BI & Tableau,Ahmedabad,<15k,51,2026-04-05,8.1,2,N,,0
LD16264,Google Ads,Power BI & Tableau,Hyderabad,50k+,45,2026-06-08,53.0,5,N,,0
LD16265,Google Ads,Digital Marketing,Chennai,<15k,100,2025-11-27,3.4,4,N,,0
LD16266,Google Ads,Power BI & Tableau,Pune,50k+,76,2026-05-03,76.0,0,N,,0
LD16267,Instagram Ads,Digital Marketing,Hyderabad,50k+,34,2026-01-30,23.3,5,N,,0
LD16268,Organic Search,Power BI & Tableau,Kolkata,50k+,62,2026-03-17,6.1,1,N,,0
LD16269,Instagram Ads,Data Science Bootcamp,Pune,15k-30k,54,2026-05-27,19.0,7,N,,0
LD16270,Referral,Data Science Bootcamp,Pune,<15k,30,2026-01-31,14.2,1,Y,2026-02-16,10892
LD16271,Google Ads,Python for Data Analysis,Ahmedabad,30k-50k,26,2026-04-16,46.4,4,N,,0
LD16272,Google Ads,Full Stack Development,Kolkata,15k-30k,74,2026-02-07,1.3,3,Y,2026-02-09,22195
LD16273,Instagram Ads,Data Science Bootcamp,Hyderabad,30k-50k,43,2026-02-27,1.2,7,Y,2026-02-28,43687
LD16274,LinkedIn,Power BI & Tableau,Chennai,<15k,52,2026-03-15,10.4,1,N,,0
LD16275,Referral,Business Analytics,Ahmedabad,<15k,24,2026-06-19,28.7,1,N,,0
LD16276,LinkedIn,Digital Marketing,Chennai,30k-50k,41,2026-06-02,21.5,3,N,,0
LD16277,LinkedIn,Data Science Bootcamp,Ahmedabad,50k+,39,2026-06-17,30.6,5,N,,0
LD16278,Instagram Ads,Python for Data Analysis,Hyderabad,30k-50k,43,2026-03-26,4.6,1,N,,0
LD16279,Instagram Ads,Full Stack Development,Ahmedabad,15k-30k,55,2026-01-17,9.7,2,N,,0
LD16280,Organic Search,Digital Marketing,Pune,50k+,69,2025-11-12,6.0,5,Y,2025-11-16,60018
LD16281,Instagram Ads,Data Science Bootcamp,Pune,<15k,58,2026-07-29,8.2,4,N,,0
LD16282,Instagram Ads,Digital Marketing,Kolkata,<15k,50,2026-02-17,31.4,3,N,,0
LD16283,Walk-in,Business Analytics,Delhi NCR,50k+,49,2025-12-31,1.2,6,Y,2026-01-03,62797
LD16284,Referral,Business Analytics,Pune,15k-30k,81,2026-05-21,32.8,3,N,,0
LD16285,Instagram Ads,Power BI & Tableau,Chennai,50k+,34,2025-11-25,2.2,2,N,,0
LD16286,Walk-in,Power BI & Tableau,Ahmedabad,<15k,95,2026-06-18,18.0,3,N,,0
LD16287,Instagram Ads,Data Science Bootcamp,Chennai,30k-50k,48,2025-11-25,4.5,4,N,,0
LD16288,Referral,Digital Marketing,Hyderabad,15k-30k,54,2026-01-30,1.5,6,N,,0
LD16289,Referral,Power BI & Tableau,Delhi NCR,30k-50k,49,2025-11-18,37.2,1,N,,0
LD16290,LinkedIn,Digital Marketing,Bengaluru,50k+,32,2026-06-06,10.7,3,Y,2026-06-27,59561
LD16291,Organic Search,Digital Marketing,Pune,50k+,20,2026-03-09,43.0,1,N,,0
LD16292,Google Ads,Data Science Bootcamp,Pune,15k-30k,42,2025-12-27,76.6,2,N,,0
LD16293,Instagram Ads,Digital Marketing,Bengaluru,50k+,59,2026-06-05,20.1,0,N,,0
LD16294,Referral,Full Stack Development,Bengaluru,<15k,82,2026-04-26,13.8,2,N,,0
LD16295,Instagram Ads,Data Science Bootcamp,Mumbai,50k+,65,2026-01-21,29.5,3,N,,0
LD16296,Referral,Full Stack Development,Kolkata,30k-50k,44,2026-06-07,44.2,3,Y,2026-06-12,40490
LD16297,Referral,Digital Marketing,Ahmedabad,<15k,42,2026-02-26,21.4,2,N,,0
LD16298,Referral,Business Analytics,Pune,15k-30k,60,2026-03-27,13.4,5,N,,0
LD16299,Organic Search,Digital Marketing,Pune,50k+,85,2025-12-24,31.3,5,N,,0
LD16300,Instagram Ads,Power BI & Tableau,Chennai,15k-30k,75,2026-02-17,5.8,5,N,,0
LD16301,Google Ads,Full Stack Development,Bengaluru,30k-50k,60,2026-04-19,27.4,0,N,,0
LD16302,Google Ads,Data Science Bootcamp,Ahmedabad,<15k,75,2026-03-03,4.0,5,Y,2026-03-07,11144
LD16303,LinkedIn,Power BI & Tableau,Pune,15k-30k,36,2026-05-27,12.5,4,N,,0
LD16304,Referral,Full Stack Development,Ahmedabad,30k-50k,66,2025-12-19,21.8,2,N,,0
LD16305,Referral,Business Analytics,Pune,<15k,49,2025-11-05,12.8,2,N,,0
LD16306,Instagram Ads,Python for Data Analysis,Kolkata,<15k,53,2026-05-11,10.4,1,N,,0
LD16307,Organic Search,Power BI & Tableau,Bengaluru,30k-50k,52,2026-06-23,3.1,2,N,,0
LD16308,Instagram Ads,Python for Data Analysis,Bengaluru,<15k,58,2026-04-06,6.0,3,N,,0
LD16309,Referral,Digital Marketing,Hyderabad,<15k,48,2025-12-28,30.2,7,N,,0
LD16310,Walk-in,Data Science Bootcamp,Bengaluru,30k-50k,92,2026-07-20,5.0,1,Y,2026-08-08,40348
LD16311,Google Ads,Power BI & Tableau,Ahmedabad,15k-30k,29,2026-05-21,20.0,2,N,,0
LD16312,Google Ads,Data Science Bootcamp,Chennai,<15k,62,2026-03-07,35.6,0,N,,0
LD16313,Referral,Business Analytics,Hyderabad,50k+,32,2026-07-13,0.7,5,Y,2026-07-21,61901
LD16314,Google Ads,Full Stack Development,Chennai,<15k,34,2026-03-25,30.1,5,N,,0
LD16315,Instagram Ads,Business Analytics,Bengaluru,50k+,24,2026-04-16,19.9,4,N,,0
LD16316,Google Ads,Power BI & Tableau,Mumbai,15k-30k,14,2026-05-28,61.9,1,N,,0
LD16317,Google Ads,Data Science Bootcamp,Ahmedabad,<15k,80,2026-02-26,15.2,1,N,,0
LD16318,Instagram Ads,Data Science Bootcamp,Chennai,50k+,68,2026-04-03,7.3,1,N,,0
LD16319,Google Ads,Full Stack Development,Bengaluru,<15k,32,2026-04-20,60.6,1,N,,0
LD16320,Walk-in,Python for Data Analysis,Hyderabad,30k-50k,43,2026-03-22,1.7,2,N,,0
LD16321,Organic Search,Power BI & Tableau,Chennai,30k-50k,22,2026-02-07,23.7,4,Y,2026-02-17,40424
LD16322,Instagram Ads,Full Stack Development,Mumbai,30k-50k,30,2025-12-10,25.6,3,N,,0
LD16323,Walk-in,Full Stack Development,Ahmedabad,15k-30k,71,2025-12-11,23.3,3,N,,0
LD16324,Walk-in,Python for Data Analysis,Kolkata,15k-30k,61,2026-05-06,4.5,7,N,,0
LD16325,Referral,Digital Marketing,Delhi NCR,15k-30k,55,2026-01-20,1.1,0,N,,0
LD16326,Walk-in,Digital Marketing,Hyderabad,50k+,51,2026-02-26,7.5,1,N,,0
LD16327,LinkedIn,Python for Data Analysis,Pune,<15k,37,2026-01-25,7.9,3,N,,0
LD16328,Walk-in,Python for Data Analysis,Delhi NCR,15k-30k,29,2026-06-14,15.7,0,N,,0
LD16329,Walk-in,Power BI & Tableau,Mumbai,<15k,65,2025-11-17,43.4,3,N,,0
LD16330,Instagram Ads,Full Stack Development,Bengaluru,<15k,90,2025-12-25,8.2,5,N,,0
LD16331,Referral,Digital Marketing,Bengaluru,30k-50k,59,2026-02-20,3.6,4,N,,0
LD16332,Instagram Ads,Business Analytics,Kolkata,30k-50k,83,2026-06-12,45.4,3,N,,0
LD16333,Instagram Ads,Business Analytics,Hyderabad,15k-30k,78,2026-04-25,20.2,6,Y,2026-05-01,19941
LD16334,Google Ads,Python for Data Analysis,Mumbai,30k-50k,41,2026-01-09,1.8,5,N,,0
LD16335,Walk-in,Full Stack Development,Ahmedabad,30k-50k,37,2026-04-13,4.3,4,Y,2026-05-02,38188
LD16336,Referral,Digital Marketing,Chennai,15k-30k,80,2026-02-18,4.4,9,N,,0
LD16337,Organic Search,Business Analytics,Bengaluru,50k+,79,2025-12-01,41.6,3,N,,0
LD16338,Google Ads,Python for Data Analysis,Kolkata,30k-50k,32,2025-12-22,24.7,5,N,,0
LD16339,Organic Search,Data Science Bootcamp,Ahmedabad,50k+,51,2026-01-06,12.3,6,N,,0
LD16340,Google Ads,Business Analytics,Delhi NCR,15k-30k,43,2026-06-13,21.0,2,N,,0
LD16341,Google Ads,Digital Marketing,Delhi NCR,15k-30k,96,2026-03-06,29.6,5,N,,0
LD16342,LinkedIn,Business Analytics,Mumbai,30k-50k,49,2026-04-01,25.3,2,N,,0
LD16343,Organic Search,Python for Data Analysis,Kolkata,30k-50k,81,2026-02-27,18.6,3,N,,0
LD16344,Google Ads,Business Analytics,Chennai,<15k,87,2026-04-25,14.9,1,N,,0
LD16345,Instagram Ads,Digital Marketing,Ahmedabad,<15k,26,2025-11-10,1.2,1,N,,0
LD16346,Instagram Ads,Python for Data Analysis,Bengaluru,30k-50k,26,2025-12-13,0.1,3,Y,2025-12-14,39987
LD16347,Google Ads,Python for Data Analysis,Ahmedabad,30k-50k,42,2025-12-07,3.8,1,N,,0
LD16348,LinkedIn,Power BI & Tableau,Chennai,30k-50k,74,2026-01-09,0.7,2,Y,2026-01-29,42913
LD16349,Google Ads,Data Science Bootcamp,Kolkata,30k-50k,38,2026-06-07,10.6,4,N,,0
LD16350,Google Ads,Business Analytics,Pune,15k-30k,88,2026-04-28,13.6,6,N,,0
LD16351,Instagram Ads,Full Stack Development,Bengaluru,<15k,50,2025-12-18,1.4,5,Y,2025-12-31,13041
LD16352,Organic Search,Power BI & Tableau,Chennai,30k-50k,66,2026-06-20,29.4,4,N,,0
LD16353,Organic Search,Data Science Bootcamp,Ahmedabad,<15k,41,2026-07-21,9.1,6,N,,0
LD16354,Google Ads,Full Stack Development,Bengaluru,30k-50k,21,2026-03-12,31.7,4,N,,0
LD16355,Instagram Ads,Full Stack Development,Mumbai,<15k,66,2025-11-05,32.1,6,N,,0
LD16356,Google Ads,Data Science Bootcamp,Hyderabad,<15k,67,2026-06-22,32.4,1,N,,0
LD16357,Google Ads,Python for Data Analysis,Hyderabad,50k+,79,2025-11-22,0.9,2,Y,2025-11-29,65748
LD16358,LinkedIn,Power BI & Tableau,Pune,<15k,46,2026-04-13,9.0,4,Y,2026-04-15,11271
LD16359,Instagram Ads,Digital Marketing,Ahmedabad,30k-50k,59,2026-06-24,5.5,3,N,,0
LD16360,Instagram Ads,Full Stack Development,Bengaluru,50k+,46,2026-07-03,9.9,3,N,,0
LD16361,Google Ads,Full Stack Development,Pune,15k-30k,50,2026-02-19,10.2,1,N,,0
LD16362,Instagram Ads,Full Stack Development,Kolkata,<15k,46,2026-02-07,0.4,4,N,,0
LD16363,Walk-in,Full Stack Development,Mumbai,30k-50k,58,2026-04-28,13.4,4,N,,0
LD16364,Google Ads,Digital Marketing,Hyderabad,30k-50k,36,2025-11-24,5.1,4,N,,0
LD16365,LinkedIn,Full Stack Development,Bengaluru,15k-30k,42,2026-07-15,1.8,6,N,,0
LD16366,Google Ads,Data Science Bootcamp,Pune,15k-30k,88,2026-05-16,28.2,5,Y,2026-05-26,23662
LD16367,Google Ads,Python for Data Analysis,Chennai,30k-50k,16,2025-12-08,10.9,7,N,,0
LD16368,Instagram Ads,Data Science Bootcamp,Pune,<15k,74,2025-11-30,16.9,3,N,,0
LD16369,Referral,Python for Data Analysis,Hyderabad,<15k,79,2026-05-19,7.7,4,N,,0
LD16370,Walk-in,Digital Marketing,Chennai,<15k,46,2026-07-12,3.0,3,Y,2026-08-08,12957
LD16371,Google Ads,Business Analytics,Chennai,15k-30k,78,2026-03-22,11.9,6,N,,0
LD16372,LinkedIn,Full Stack Development,Ahmedabad,30k-50k,54,2026-06-14,40.6,3,N,,0
LD16373,Instagram Ads,Full Stack Development,Bengaluru,30k-50k,34,2026-07-17,33.9,4,N,,0
LD16374,Instagram Ads,Python for Data Analysis,Bengaluru,30k-50k,68,2026-07-12,45.7,6,N,,0
LD16375,Instagram Ads,Python for Data Analysis,Ahmedabad,<15k,91,2026-01-07,29.5,2,N,,0
LD16376,Walk-in,Full Stack Development,Pune,15k-30k,11,2026-06-29,26.0,1,N,,0
LD16377,Google Ads,Python for Data Analysis,Chennai,<15k,76,2026-01-03,27.7,3,N,,0
LD16378,Instagram Ads,Full Stack Development,Bengaluru,30k-50k,41,2025-12-03,16.7,4,N,,0
LD16379,Organic Search,Business Analytics,Bengaluru,<15k,64,2026-06-08,33.7,2,N,,0
LD16380,Referral,Data Science Bootcamp,Delhi NCR,50k+,68,2026-01-28,12.8,2,N,,0
LD16381,Referral,Full Stack Development,Delhi NCR,15k-30k,44,2026-04-08,31.2,2,N,,0
LD16382,Referral,Full Stack Development,Mumbai,<15k,68,2026-02-14,0.9,1,N,,0
LD16383,Google Ads,Full Stack Development,Bengaluru,<15k,72,2026-05-23,44.1,0,N,,0
LD16384,Walk-in,Digital Marketing,Pune,30k-50k,69,2026-01-03,1.9,1,N,,0
LD16385,Google Ads,Data Science Bootcamp,Kolkata,15k-30k,40,2026-02-23,16.2,2,N,,0
LD16386,Instagram Ads,Data Science Bootcamp,Hyderabad,30k-50k,53,2025-12-09,0.0,9,N,,0
LD16387,Organic Search,Data Science Bootcamp,Hyderabad,30k-50k,23,2025-12-17,6.1,4,N,,0
LD16388,Instagram Ads,Business Analytics,Pune,30k-50k,56,2026-07-22,11.2,3,N,,0
LD16389,Organic Search,Power BI & Tableau,Chennai,30k-50k,95,2026-02-27,0.9,3,Y,2026-03-01,42660
LD16390,Google Ads,Business Analytics,Chennai,30k-50k,15,2026-01-08,7.9,2,N,,0
LD16391,Google Ads,Business Analytics,Chennai,<15k,24,2026-04-09,11.6,1,N,,0
LD16392,Instagram Ads,Python for Data Analysis,Bengaluru,<15k,26,2026-03-13,88.9,5,N,,0
LD16393,Referral,Data Science Bootcamp,Ahmedabad,50k+,72,2026-02-10,3.1,5,Y,2026-02-12,71200
LD16394,Google Ads,Power BI & Tableau,Bengaluru,<15k,50,2026-07-16,4.2,4,N,,0
LD16395,Google Ads,Python for Data Analysis,Bengaluru,50k+,44,2026-01-25,24.9,2,N,,0
LD16396,Instagram Ads,Data Science Bootcamp,Ahmedabad,50k+,59,2026-02-23,19.5,2,N,,0
LD16397,LinkedIn,Python for Data Analysis,Bengaluru,30k-50k,23,2026-05-05,15.9,2,N,,0
LD16398,Referral,Full Stack Development,Ahmedabad,15k-30k,76,2026-07-20,16.5,3,Y,2026-08-06,20560
LD16399,Google Ads,Power BI & Tableau,Pune,30k-50k,25,2026-06-28,5.9,4,N,,0
LD16400,LinkedIn,Full Stack Development,Mumbai,15k-30k,24,2026-07-13,35.0,3,N,,0
LD16401,LinkedIn,Power BI & Tableau,Delhi NCR,30k-50k,64,2026-02-07,37.2,0,N,,0
LD16402,Referral,Power BI & Tableau,Mumbai,30k-50k,80,2026-05-14,38.5,2,N,,0
LD16403,LinkedIn,Data Science Bootcamp,Kolkata,<15k,45,2026-06-12,4.1,3,N,,0
LD16404,LinkedIn,Python for Data Analysis,Kolkata,50k+,53,2025-11-05,13.6,1,Y,2025-11-07,69893
LD16405,Google Ads,Business Analytics,Chennai,30k-50k,59,2026-07-21,2.1,4,Y,2026-07-26,43197
LD16406,Organic Search,Data Science Bootcamp,Pune,15k-30k,44,2026-04-14,7.3,4,N,,0
LD16407,Instagram Ads,Full Stack Development,Bengaluru,30k-50k,38,2026-06-17,27.8,3,N,,0
LD16408,Referral,Data Science Bootcamp,Mumbai,50k+,29,2026-04-29,16.5,1,Y,2026-04-30,60121
LD16409,Instagram Ads,Python for Data Analysis,Delhi NCR,30k-50k,77,2026-07-14,7.6,3,N,,0
LD16410,Instagram Ads,Business Analytics,Pune,50k+,66,2026-05-07,7.2,5,Y,2026-05-10,64465
LD16411,Referral,Digital Marketing,Ahmedabad,<15k,32,2026-06-03,3.8,4,N,,0
LD16412,Instagram Ads,Power BI & Tableau,Pune,30k-50k,53,2026-01-04,31.8,3,N,,0
LD16413,Google Ads,Power BI & Tableau,Pune,<15k,56,2026-03-30,61.0,3,N,,0
LD16414,Google Ads,Full Stack Development,Mumbai,15k-30k,49,2026-01-23,18.2,3,N,,0
LD16415,LinkedIn,Business Analytics,Chennai,30k-50k,54,2026-07-19,12.2,6,N,,0
LD16416,Organic Search,Data Science Bootcamp,Bengaluru,<15k,78,2026-02-07,30.0,4,N,,0
LD16417,LinkedIn,Full Stack Development,Bengaluru,<15k,66,2026-06-09,6.8,3,N,,0
LD16418,Referral,Full Stack Development,Bengaluru,50k+,81,2025-12-03,9.6,1,Y,2025-12-04,70583
LD16419,LinkedIn,Digital Marketing,Bengaluru,15k-30k,62,2026-06-24,12.4,1,N,,0
LD16420,LinkedIn,Full Stack Development,Delhi NCR,50k+,50,2026-06-22,12.7,2,N,,0
LD16421,LinkedIn,Business Analytics,Pune,<15k,54,2026-02-14,12.1,3,N,,0
LD16422,Instagram Ads,Data Science Bootcamp,Kolkata,<15k,44,2026-07-06,19.0,4,N,,0
LD16423,Instagram Ads,Python for Data Analysis,Mumbai,50k+,50,2026-02-15,28.5,1,N,,0
LD16424,Referral,Business Analytics,Delhi NCR,<15k,46,2026-07-24,53.7,1,Y,2026-07-30,12605
LD16425,Organic Search,Full Stack Development,Ahmedabad,30k-50k,72,2026-01-08,43.6,4,N,,0
LD16426,Google Ads,Digital Marketing,Chennai,50k+,97,2025-11-24,20.7,3,N,,0
LD16427,Organic Search,Power BI & Tableau,Hyderabad,15k-30k,64,2026-06-12,11.6,2,N,,0
LD16428,Instagram Ads,Business Analytics,Delhi NCR,50k+,50,2026-01-03,0.2,3,N,,0
LD16429,Instagram Ads,Business Analytics,Bengaluru,50k+,18,2025-12-27,32.5,2,N,,0
LD16430,Organic Search,Business Analytics,Kolkata,15k-30k,50,2026-07-01,5.8,4,N,,0
LD16431,Google Ads,Full Stack Development,Bengaluru,15k-30k,56,2026-07-08,8.9,5,N,,0
LD16432,LinkedIn,Full Stack Development,Ahmedabad,15k-30k,66,2026-04-21,3.7,3,N,,0
LD16433,Google Ads,Digital Marketing,Pune,30k-50k,68,2026-06-28,21.9,3,N,,0
LD16434,Instagram Ads,Data Science Bootcamp,Ahmedabad,30k-50k,53,2026-05-28,1.2,2,Y,2026-06-22,41898
LD16435,LinkedIn,Python for Data Analysis,Pune,<15k,26,2026-02-18,63.8,2,N,,0
LD16436,Instagram Ads,Data Science Bootcamp,Hyderabad,50k+,60,2025-11-09,15.6,3,N,,0
LD16437,LinkedIn,Data Science Bootcamp,Pune,30k-50k,74,2026-06-24,3.3,0,N,,0
LD16438,Instagram Ads,Business Analytics,Pune,<15k,12,2026-06-12,29.4,3,N,,0
LD16439,Google Ads,Business Analytics,Pune,50k+,66,2026-07-14,13.2,4,N,,0
LD16440,Google Ads,Data Science Bootcamp,Hyderabad,15k-30k,47,2026-03-08,26.7,7,N,,0
LD16441,Referral,Digital Marketing,Ahmedabad,<15k,60,2026-02-20,14.6,2,Y,2026-02-24,11515
LD16442,LinkedIn,Full Stack Development,Chennai,<15k,80,2026-06-17,12.7,5,N,,0
LD16443,Instagram Ads,Power BI & Tableau,Kolkata,<15k,20,2026-05-14,2.2,2,N,,0
LD16444,Instagram Ads,Data Science Bootcamp,Kolkata,<15k,85,2026-06-27,103.4,2,N,,0
LD16445,Walk-in,Business Analytics,Chennai,30k-50k,52,2026-06-11,24.9,2,N,,0
LD16446,Instagram Ads,Power BI & Tableau,Chennai,<15k,7,2026-06-13,41.8,0,N,,0
LD16447,Organic Search,Power BI & Tableau,Ahmedabad,50k+,71,2026-05-09,6.6,6,N,,0
LD16448,Google Ads,Business Analytics,Kolkata,<15k,43,2026-03-18,52.2,0,N,,0
LD16449,Organic Search,Power BI & Tableau,Bengaluru,<15k,100,2026-02-04,24.0,2,N,,0
LD16450,Instagram Ads,Digital Marketing,Ahmedabad,15k-30k,73,2026-04-13,31.4,4,N,,0
LD16451,Google Ads,Power BI & Tableau,Hyderabad,15k-30k,59,2026-06-10,45.2,6,N,,0
LD16452,Google Ads,Power BI & Tableau,Pune,50k+,16,2026-05-20,6.5,3,N,,0
LD16453,Google Ads,Power BI & Tableau,Pune,50k+,29,2026-03-03,4.1,3,Y,2026-03-07,68770
LD16454,Instagram Ads,Power BI & Tableau,Chennai,30k-50k,64,2025-11-07,2.2,0,N,,0
LD16455,Google Ads,Digital Marketing,Hyderabad,<15k,35,2025-11-14,6.2,4,N,,0
LD16456,LinkedIn,Power BI & Tableau,Pune,15k-30k,84,2026-04-24,8.8,3,N,,0
LD16457,LinkedIn,Full Stack Development,Pune,50k+,13,2026-04-21,5.6,1,N,,0
LD16458,Google Ads,Data Science Bootcamp,Pune,<15k,68,2026-06-03,12.6,6,Y,2026-06-08,12403
LD16459,Organic Search,Power BI & Tableau,Delhi NCR,15k-30k,56,2025-12-07,55.0,4,N,,0
LD16460,Walk-in,Power BI & Tableau,Mumbai,15k-30k,70,2026-02-17,15.2,3,N,,0
LD16461,Google Ads,Business Analytics,Bengaluru,15k-30k,50,2026-04-20,33.8,3,Y,2026-04-24,22713
LD16462,Google Ads,Digital Marketing,Delhi NCR,<15k,45,2026-01-24,1.3,1,N,,0
LD16463,Organic Search,Digital Marketing,Delhi NCR,50k+,39,2025-11-22,6.8,3,Y,2025-12-03,63247
LD16464,Referral,Full Stack Development,Pune,15k-30k,52,2025-12-13,52.6,3,N,,0
LD16465,Instagram Ads,Full Stack Development,Hyderabad,<15k,74,2026-03-20,1.1,1,N,,0
LD16466,Organic Search,Python for Data Analysis,Mumbai,30k-50k,61,2026-07-22,2.8,1,Y,2026-07-28,43253
LD16467,Organic Search,Full Stack Development,Pune,<15k,56,2026-06-14,29.0,5,N,,0
LD16468,Organic Search,Full Stack Development,Pune,<15k,29,2026-05-27,1.6,0,N,,0
LD16469,Google Ads,Data Science Bootcamp,Bengaluru,15k-30k,81,2026-06-19,3.6,4,N,,0
LD16470,Organic Search,Digital Marketing,Mumbai,15k-30k,78,2026-05-06,10.4,3,N,,0
LD16471,Organic Search,Business Analytics,Ahmedabad,15k-30k,48,2026-06-04,9.5,2,N,,0
LD16472,Organic Search,Python for Data Analysis,Pune,30k-50k,85,2026-01-26,8.9,1,N,,0
LD16473,Organic Search,Full Stack Development,Mumbai,<15k,53,2026-03-10,15.7,2,N,,0
LD16474,Organic Search,Digital Marketing,Bengaluru,15k-30k,43,2026-05-19,58.7,2,N,,0
LD16475,Instagram Ads,Business Analytics,Kolkata,<15k,52,2026-01-10,42.7,4,N,,0
LD16476,Instagram Ads,Digital Marketing,Kolkata,<15k,58,2026-05-06,17.8,6,N,,0
LD16477,Referral,Digital Marketing,Mumbai,50k+,25,2026-06-13,10.0,1,N,,0
LD16478,Instagram Ads,Data Science Bootcamp,Chennai,<15k,43,2026-06-06,13.0,6,N,,0
LD16479,Instagram Ads,Full Stack Development,Ahmedabad,15k-30k,62,2025-12-24,52.4,2,N,,0
LD16480,Referral,Python for Data Analysis,Chennai,50k+,33,2026-02-21,26.8,3,N,,0
LD16481,LinkedIn,Python for Data Analysis,Mumbai,<15k,52,2025-12-19,12.5,3,N,,0
LD16482,Instagram Ads,Business Analytics,Bengaluru,<15k,25,2026-06-27,38.6,1,N,,0
LD16483,Referral,Full Stack Development,Hyderabad,15k-30k,65,2026-07-15,15.9,3,N,,0
LD16484,Instagram Ads,Python for Data Analysis,Ahmedabad,<15k,62,2026-06-29,7.1,6,N,,0
LD16485,Organic Search,Digital Marketing,Bengaluru,50k+,72,2025-12-31,5.5,5,N,,0
LD16486,Instagram Ads,Business Analytics,Hyderabad,15k-30k,37,2026-07-16,54.0,4,N,,0
LD16487,Instagram Ads,Data Science Bootcamp,Mumbai,30k-50k,56,2026-07-10,4.0,4,Y,2026-07-12,36305
LD16488,Instagram Ads,Full Stack Development,Hyderabad,30k-50k,58,2026-04-25,7.4,3,N,,0
LD16489,LinkedIn,Power BI & Tableau,Kolkata,50k+,12,2026-04-20,73.6,6,N,,0
LD16490,Instagram Ads,Business Analytics,Hyderabad,15k-30k,31,2026-07-05,10.2,5,N,,0
LD16491,Organic Search,Business Analytics,Kolkata,<15k,27,2026-07-23,2.7,1,N,,0
LD16492,Instagram Ads,Python for Data Analysis,Bengaluru,<15k,19,2025-12-24,18.6,4,N,,0
LD16493,LinkedIn,Digital Marketing,Chennai,50k+,76,2026-05-10,17.8,3,Y,2026-05-18,63742
LD16494,Instagram Ads,Python for Data Analysis,Ahmedabad,50k+,47,2025-12-16,17.0,3,N,,0
LD16495,Instagram Ads,Data Science Bootcamp,Mumbai,50k+,64,2026-02-17,3.2,4,N,,0
LD16496,Instagram Ads,Full Stack Development,Pune,50k+,32,2026-02-25,6.2,3,N,,0
LD16497,Referral,Data Science Bootcamp,Chennai,50k+,83,2026-01-10,12.3,1,Y,2026-01-14,71207
LD16498,Instagram Ads,Digital Marketing,Delhi NCR,<15k,60,2025-11-24,13.6,3,N,,0
LD16499,LinkedIn,Power BI & Tableau,Delhi NCR,30k-50k,47,2026-02-08,30.7,3,N,,0
LD16500,Google Ads,Digital Marketing,Ahmedabad,<15k,68,2026-07-16,27.0,4,N,,0
LD16501,Google Ads,Python for Data Analysis,Mumbai,50k+,58,2025-12-02,6.7,1,N,,0
LD16502,Instagram Ads,Full Stack Development,Mumbai,30k-50k,66,2026-05-15,17.9,0,N,,0
LD16503,Instagram Ads,Full Stack Development,Kolkata,15k-30k,48,2026-02-26,19.2,2,N,,0
LD16504,Instagram Ads,Digital Marketing,Delhi NCR,<15k,45,2026-07-09,1.5,5,N,,0
LD16505,Google Ads,Full Stack Development,Pune,50k+,54,2026-03-03,17.3,6,N,,0
LD16506,Walk-in,Python for Data Analysis,Pune,15k-30k,58,2026-05-02,37.0,3,N,,0
LD16507,Walk-in,Business Analytics,Pune,50k+,51,2025-12-02,15.0,10,N,,0
LD16508,Instagram Ads,Python for Data Analysis,Hyderabad,<15k,19,2026-05-13,6.9,1,N,,0
LD16509,LinkedIn,Digital Marketing,Delhi NCR,15k-30k,21,2025-12-22,38.1,5,N,,0
LD16510,Organic Search,Business Analytics,Pune,50k+,41,2026-06-23,3.2,2,Y,2026-07-17,68840
LD16511,Organic Search,Full Stack Development,Chennai,30k-50k,100,2026-06-01,34.9,0,Y,2026-06-02,42626
LD16512,Google Ads,Digital Marketing,Hyderabad,15k-30k,51,2026-01-17,88.1,4,N,,0
LD16513,Instagram Ads,Full Stack Development,Ahmedabad,<15k,23,2026-03-14,19.8,2,N,,0
LD16514,Organic Search,Power BI & Tableau,Kolkata,<15k,36,2025-12-05,10.1,1,N,,0
LD16515,Instagram Ads,Business Analytics,Delhi NCR,15k-30k,56,2026-06-21,22.5,3,N,,0
LD16516,Google Ads,Full Stack Development,Kolkata,<15k,54,2026-04-12,17.9,2,N,,0
LD16517,Organic Search,Digital Marketing,Mumbai,15k-30k,63,2026-07-29,46.2,0,N,,0
LD16518,Google Ads,Power BI & Tableau,Mumbai,30k-50k,57,2026-01-16,7.6,2,N,,0
LD16519,LinkedIn,Business Analytics,Ahmedabad,30k-50k,82,2026-05-03,7.0,2,N,,0
LD16520,LinkedIn,Business Analytics,Bengaluru,30k-50k,57,2026-02-22,14.7,5,N,,0
LD16521,Instagram Ads,Digital Marketing,Mumbai,15k-30k,48,2026-02-19,5.0,1,N,,0
LD16522,Instagram Ads,Business Analytics,Mumbai,30k-50k,44,2025-12-09,13.3,5,N,,0
LD16523,Organic Search,Data Science Bootcamp,Hyderabad,15k-30k,55,2026-01-18,11.6,4,N,,0
LD16524,Referral,Data Science Bootcamp,Ahmedabad,30k-50k,55,2026-01-10,35.3,3,N,,0
LD16525,Google Ads,Python for Data Analysis,Chennai,<15k,30,2026-04-17,22.5,0,N,,0
LD16526,Walk-in,Full Stack Development,Chennai,30k-50k,81,2026-07-05,4.3,2,N,,0
LD16527,LinkedIn,Python for Data Analysis,Delhi NCR,50k+,65,2026-02-08,6.7,5,N,,0
LD16528,Google Ads,Python for Data Analysis,Ahmedabad,30k-50k,40,2026-05-05,10.9,3,N,,0
LD16529,Organic Search,Python for Data Analysis,Chennai,30k-50k,38,2026-03-05,27.4,2,N,,0
LD16530,Referral,Business Analytics,Mumbai,30k-50k,88,2025-11-02,19.9,3,N,,0
LD16531,Instagram Ads,Python for Data Analysis,Ahmedabad,30k-50k,46,2025-12-06,8.7,2,N,,0
LD16532,LinkedIn,Digital Marketing,Kolkata,50k+,84,2026-01-27,4.3,5,N,,0
LD16533,Instagram Ads,Full Stack Development,Hyderabad,50k+,61,2026-05-08,15.8,1,N,,0
LD16534,Instagram Ads,Python for Data Analysis,Delhi NCR,15k-30k,26,2026-05-06,26.3,1,N,,0
LD16535,Instagram Ads,Business Analytics,Pune,<15k,53,2026-05-13,4.0,2,N,,0
LD16536,Referral,Digital Marketing,Chennai,30k-50k,35,2026-05-12,36.4,3,N,,0
LD16537,Referral,Data Science Bootcamp,Chennai,<15k,32,2026-05-19,0.0,3,N,,0
LD16538,LinkedIn,Power BI & Tableau,Hyderabad,30k-50k,48,2026-01-08,10.8,1,N,,0
LD16539,Instagram Ads,Digital Marketing,Kolkata,15k-30k,39,2025-11-26,24.6,4,N,,0
LD16540,Referral,Power BI & Tableau,Chennai,15k-30k,46,2025-11-16,0.1,1,N,,0
LD16541,Instagram Ads,Digital Marketing,Kolkata,50k+,57,2026-01-29,5.1,4,N,,0
LD16542,Instagram Ads,Digital Marketing,Pune,50k+,37,2026-01-03,9.8,3,N,,0
LD16543,Instagram Ads,Data Science Bootcamp,Bengaluru,15k-30k,31,2026-07-05,10.5,2,N,,0
LD16544,Google Ads,Python for Data Analysis,Pune,30k-50k,69,2026-07-30,5.2,4,N,,0
LD16545,Referral,Business Analytics,Hyderabad,30k-50k,61,2026-07-14,23.3,3,N,,0
LD16546,LinkedIn,Digital Marketing,Kolkata,15k-30k,63,2026-07-22,19.8,4,N,,0
LD16547,Instagram Ads,Data Science Bootcamp,Bengaluru,30k-50k,52,2026-04-12,5.7,1,N,,0
LD16548,LinkedIn,Full Stack Development,Mumbai,30k-50k,59,2026-05-23,26.1,3,N,,0
LD16549,Organic Search,Business Analytics,Kolkata,15k-30k,28,2025-11-12,32.5,4,N,,0
LD16550,Referral,Data Science Bootcamp,Chennai,30k-50k,32,2026-01-08,17.0,3,Y,2026-01-09,37896
LD16551,Referral,Digital Marketing,Bengaluru,15k-30k,58,2026-04-18,3.0,4,Y,2026-04-25,19973
LD16552,Walk-in,Python for Data Analysis,Mumbai,50k+,81,2026-01-21,31.5,2,N,,0
LD16553,Google Ads,Full Stack Development,Mumbai,50k+,83,2026-02-15,0.9,1,N,,0
LD16554,Google Ads,Data Science Bootcamp,Bengaluru,<15k,56,2026-02-09,3.4,3,N,,0
LD16555,Organic Search,Power BI & Tableau,Ahmedabad,<15k,21,2026-07-22,3.7,4,N,,0
LD16556,Referral,Power BI & Tableau,Pune,30k-50k,32,2026-04-01,17.8,5,N,,0
LD16557,Referral,Business Analytics,Hyderabad,<15k,48,2026-04-07,22.2,8,N,,0
LD16558,Google Ads,Digital Marketing,Hyderabad,50k+,59,2026-01-10,19.9,2,N,,0
LD16559,Organic Search,Power BI & Tableau,Chennai,30k-50k,66,2026-03-17,12.6,6,N,,0
LD16560,Instagram Ads,Business Analytics,Chennai,15k-30k,67,2026-07-11,78.9,6,N,,0
LD16561,Referral,Full Stack Development,Pune,30k-50k,70,2026-06-27,9.4,6,Y,2026-07-02,42642
LD16562,LinkedIn,Python for Data Analysis,Delhi NCR,50k+,92,2025-12-06,4.1,4,N,,0
LD16563,Organic Search,Digital Marketing,Bengaluru,50k+,70,2026-01-25,2.0,3,Y,2026-02-11,65229
LD16564,Instagram Ads,Data Science Bootcamp,Mumbai,50k+,40,2026-03-24,21.6,2,N,,0
LD16565,Instagram Ads,Full Stack Development,Bengaluru,15k-30k,50,2025-12-08,15.7,6,N,,0
LD16566,Organic Search,Full Stack Development,Chennai,50k+,42,2025-12-01,55.9,3,N,,0
LD16567,Google Ads,Full Stack Development,Mumbai,15k-30k,39,2025-11-12,3.0,3,Y,2025-11-13,23151
LD16568,Organic Search,Python for Data Analysis,Ahmedabad,50k+,27,2025-12-04,80.0,2,N,,0
LD16569,Instagram Ads,Business Analytics,Kolkata,50k+,47,2026-06-25,77.2,4,N,,0
LD16570,LinkedIn,Full Stack Development,Kolkata,30k-50k,43,2026-06-15,33.9,4,N,,0
LD16571,Google Ads,Business Analytics,Ahmedabad,15k-30k,70,2026-05-23,8.7,1,N,,0
LD16572,Google Ads,Data Science Bootcamp,Delhi NCR,<15k,32,2026-07-10,1.8,4,N,,0
LD16573,Instagram Ads,Data Science Bootcamp,Chennai,<15k,56,2026-01-16,3.8,3,Y,2026-01-25,10971
LD16574,Organic Search,Business Analytics,Hyderabad,50k+,68,2026-06-27,21.8,2,Y,2026-06-28,69034
LD16575,Organic Search,Data Science Bootcamp,Chennai,30k-50k,41,2026-04-16,67.1,2,N,,0
LD16576,Organic Search,Full Stack Development,Bengaluru,<15k,75,2026-05-26,40.7,3,N,,0
LD16577,Instagram Ads,Data Science Bootcamp,Ahmedabad,15k-30k,52,2026-01-11,42.0,5,N,,0
LD16578,Organic Search,Full Stack Development,Pune,15k-30k,29,2026-01-24,3.3,3,N,,0
LD16579,LinkedIn,Data Science Bootcamp,Pune,30k-50k,58,2026-07-01,0.8,3,N,,0
LD16580,Organic Search,Digital Marketing,Mumbai,50k+,20,2026-01-25,5.2,4,Y,2026-01-31,59103
LD16581,Instagram Ads,Data Science Bootcamp,Bengaluru,50k+,10,2026-07-29,3.8,3,N,,0
LD16582,Referral,Power BI & Tableau,Mumbai,30k-50k,56,2026-05-27,51.5,4,N,,0
LD16583,Google Ads,Power BI & Tableau,Mumbai,<15k,67,2025-12-11,12.2,1,N,,0
LD16584,Instagram Ads,Python for Data Analysis,Ahmedabad,<15k,65,2026-06-20,10.1,3,N,,0
LD16585,Instagram Ads,Business Analytics,Mumbai,<15k,57,2026-04-28,5.7,1,N,,0
LD16586,Instagram Ads,Data Science Bootcamp,Kolkata,15k-30k,18,2026-06-05,27.1,3,N,,0
LD16587,Organic Search,Power BI & Tableau,Chennai,30k-50k,53,2025-11-14,38.9,1,Y,2025-11-15,40994
LD16588,Walk-in,Full Stack Development,Kolkata,15k-30k,78,2025-12-10,32.9,6,N,,0
LD16589,Walk-in,Business Analytics,Pune,<15k,41,2026-01-01,5.1,4,N,,0
LD16590,Instagram Ads,Power BI & Tableau,Mumbai,50k+,18,2025-11-09,3.3,2,N,,0
LD16591,Referral,Digital Marketing,Chennai,15k-30k,20,2026-01-10,30.2,5,N,,0
LD16592,Google Ads,Power BI & Tableau,Mumbai,30k-50k,58,2026-05-11,11.7,1,N,,0
LD16593,Walk-in,Business Analytics,Pune,15k-30k,69,2026-02-27,10.6,3,Y,2026-03-06,21211
LD16594,Organic Search,Business Analytics,Mumbai,50k+,50,2026-07-29,3.1,1,Y,2026-07-31,61227
LD16595,LinkedIn,Full Stack Development,Pune,15k-30k,75,2026-07-11,44.3,3,N,,0
LD16596,Walk-in,Data Science Bootcamp,Chennai,30k-50k,40,2025-11-11,28.7,4,N,,0
LD16597,Instagram Ads,Python for Data Analysis,Chennai,15k-30k,43,2026-02-05,6.1,2,N,,0
LD16598,Google Ads,Business Analytics,Mumbai,15k-30k,71,2026-05-12,5.0,4,N,,0
LD16599,Instagram Ads,Python for Data Analysis,Hyderabad,50k+,34,2026-03-12,4.5,1,N,,0
LD16600,Instagram Ads,Power BI & Tableau,Bengaluru,30k-50k,9,2026-03-14,4.5,4,N,,0
LD16601,Walk-in,Python for Data Analysis,Hyderabad,50k+,24,2026-06-18,6.2,2,N,,0
LD16602,Organic Search,Data Science Bootcamp,Bengaluru,50k+,89,2026-06-24,52.5,3,N,,0
LD16603,LinkedIn,Power BI & Tableau,Kolkata,15k-30k,62,2025-12-03,3.1,5,Y,2025-12-04,20397
LD16604,Google Ads,Power BI & Tableau,Hyderabad,50k+,61,2025-11-25,46.5,0,N,,0
LD16605,LinkedIn,Power BI & Tableau,Mumbai,15k-30k,81,2026-06-25,30.0,3,N,,0
LD16606,Organic Search,Python for Data Analysis,Hyderabad,<15k,81,2025-12-19,9.1,2,N,,0
LD16607,Instagram Ads,Data Science Bootcamp,Hyderabad,50k+,83,2025-12-15,44.6,0,N,,0
LD16608,Referral,Business Analytics,Hyderabad,50k+,64,2026-03-18,9.5,4,N,,0
LD16609,Organic Search,Digital Marketing,Pune,15k-30k,85,2026-01-13,17.3,2,N,,0
LD16610,Instagram Ads,Full Stack Development,Ahmedabad,<15k,46,2026-07-01,0.9,2,N,,0
LD16611,Referral,Full Stack Development,Delhi NCR,50k+,39,2026-04-08,15.7,1,N,,0
LD16612,Instagram Ads,Power BI & Tableau,Kolkata,30k-50k,52,2026-04-08,16.1,6,N,,0
LD16613,LinkedIn,Python for Data Analysis,Chennai,15k-30k,76,2026-07-23,32.0,2,N,,0
LD16614,Google Ads,Python for Data Analysis,Pune,30k-50k,63,2026-03-23,10.7,3,N,,0
LD16615,Google Ads,Business Analytics,Mumbai,15k-30k,26,2026-04-04,16.2,5,N,,0
LD16616,Referral,Full Stack Development,Pune,15k-30k,95,2026-02-21,12.9,2,Y,2026-03-03,23814
LD16617,Referral,Business Analytics,Hyderabad,<15k,100,2025-11-20,17.3,0,Y,2025-12-01,11467
LD16618,Organic Search,Power BI & Tableau,Delhi NCR,30k-50k,64,2026-05-28,9.3,2,N,,0
LD16619,Instagram Ads,Business Analytics,Pune,30k-50k,53,2026-05-03,18.2,4,N,,0
LD16620,Google Ads,Full Stack Development,Pune,15k-30k,80,2026-06-30,81.8,5,N,,0
LD16621,Google Ads,Full Stack Development,Kolkata,30k-50k,65,2025-11-07,24.5,2,N,,0
LD16622,Referral,Data Science Bootcamp,Pune,50k+,62,2026-05-04,1.9,2,Y,2026-05-13,65045
LD16623,LinkedIn,Power BI & Tableau,Mumbai,30k-50k,58,2026-05-04,2.7,5,N,,0
LD16624,Walk-in,Digital Marketing,Kolkata,<15k,52,2026-02-15,26.2,1,N,,0
LD16625,Referral,Business Analytics,Mumbai,50k+,45,2026-04-10,8.5,2,N,,0
LD16626,Organic Search,Data Science Bootcamp,Bengaluru,<15k,50,2026-07-17,50.6,5,Y,2026-07-18,11030
LD16627,Google Ads,Digital Marketing,Ahmedabad,50k+,71,2026-06-16,16.1,4,N,,0
LD16628,Walk-in,Digital Marketing,Mumbai,<15k,84,2025-12-11,37.5,5,N,,0
LD16629,Instagram Ads,Data Science Bootcamp,Chennai,50k+,55,2025-11-22,4.3,2,N,,0
LD16630,Organic Search,Business Analytics,Hyderabad,30k-50k,38,2026-06-14,32.7,3,N,,0
LD16631,Google Ads,Full Stack Development,Pune,30k-50k,22,2026-04-29,10.9,1,N,,0
LD16632,Walk-in,Data Science Bootcamp,Mumbai,<15k,38,2026-03-03,18.6,4,N,,0
LD16633,Instagram Ads,Python for Data Analysis,Kolkata,15k-30k,63,2026-07-18,32.0,1,N,,0
LD16634,Google Ads,Full Stack Development,Delhi NCR,<15k,65,2026-04-11,2.6,2,N,,0
LD16635,Instagram Ads,Full Stack Development,Mumbai,50k+,50,2025-11-01,3.8,1,N,,0
LD16636,Walk-in,Power BI & Tableau,Chennai,50k+,32,2026-07-22,20.0,1,N,,0
LD16637,Organic Search,Python for Data Analysis,Chennai,<15k,40,2026-04-28,62.4,3,N,,0
LD16638,Instagram Ads,Full Stack Development,Ahmedabad,30k-50k,42,2026-07-17,23.0,3,N,,0
LD16639,Referral,Data Science Bootcamp,Chennai,30k-50k,67,2026-01-27,8.4,2,Y,2026-02-02,40830
LD16640,Organic Search,Digital Marketing,Pune,<15k,60,2026-05-18,8.8,7,N,,0
LD16641,Referral,Full Stack Development,Chennai,<15k,23,2026-05-19,0.8,3,N,,0
LD16642,Organic Search,Data Science Bootcamp,Delhi NCR,50k+,52,2026-07-19,16.5,3,N,,0
LD16643,Google Ads,Data Science Bootcamp,Chennai,<15k,78,2026-04-04,21.2,2,N,,0
LD16644,Organic Search,Digital Marketing,Delhi NCR,50k+,64,2025-12-27,13.4,1,Y,2026-01-05,70790
LD16645,Referral,Data Science Bootcamp,Kolkata,<15k,28,2025-11-13,23.3,4,N,,0
LD16646,Google Ads,Power BI & Tableau,Chennai,15k-30k,40,2026-04-24,13.8,4,N,,0
LD16647,Organic Search,Python for Data Analysis,Chennai,50k+,85,2026-01-27,9.5,2,N,,0
LD16648,Walk-in,Business Analytics,Ahmedabad,<15k,66,2025-11-15,10.3,2,N,,0
LD16649,Walk-in,Data Science Bootcamp,Bengaluru,15k-30k,52,2025-11-19,64.4,4,N,,0
LD16650,LinkedIn,Digital Marketing,Kolkata,15k-30k,40,2026-07-17,25.8,1,N,,0
LD16651,Referral,Business Analytics,Hyderabad,<15k,60,2026-02-12,10.4,5,N,,0
LD16652,Referral,Power BI & Tableau,Hyderabad,50k+,30,2026-02-16,9.3,5,N,,0
LD16653,Instagram Ads,Business Analytics,Pune,<15k,57,2025-12-18,4.2,2,N,,0
LD16654,Instagram Ads,Digital Marketing,Mumbai,<15k,45,2026-07-21,10.1,5,N,,0
LD16655,Organic Search,Power BI & Tableau,Kolkata,15k-30k,64,2026-06-24,24.9,6,N,,0
LD16656,LinkedIn,Power BI & Tableau,Ahmedabad,50k+,65,2025-11-24,19.6,4,N,,0
LD16657,Walk-in,Power BI & Tableau,Kolkata,50k+,71,2026-06-20,28.4,1,Y,2026-07-14,66531
LD16658,Organic Search,Data Science Bootcamp,Mumbai,50k+,90,2025-12-14,34.6,4,N,,0
LD16659,Referral,Data Science Bootcamp,Kolkata,15k-30k,40,2026-05-31,33.6,1,N,,0
LD16660,LinkedIn,Python for Data Analysis,Mumbai,50k+,43,2026-01-16,0.1,6,Y,2026-01-21,64425
LD16661,Google Ads,Data Science Bootcamp,Pune,15k-30k,51,2026-05-24,2.2,1,N,,0
LD16662,Organic Search,Python for Data Analysis,Bengaluru,50k+,66,2026-04-27,5.0,4,N,,0
LD16663,Instagram Ads,Python for Data Analysis,Ahmedabad,30k-50k,41,2025-12-02,7.8,1,Y,2025-12-06,36484
LD16664,Instagram Ads,Full Stack Development,Chennai,50k+,63,2026-03-14,1.3,7,Y,2026-03-22,62751
LD16665,Instagram Ads,Business Analytics,Delhi NCR,15k-30k,35,2026-02-26,1.5,4,N,,0
LD16666,Walk-in,Business Analytics,Hyderabad,<15k,49,2026-06-08,7.1,2,N,,0
LD16667,LinkedIn,Full Stack Development,Chennai,50k+,81,2026-01-23,13.7,3,N,,0
LD16668,Referral,Digital Marketing,Bengaluru,15k-30k,67,2026-05-05,7.5,0,N,,0
LD16669,Google Ads,Power BI & Tableau,Pune,30k-50k,80,2025-12-05,16.5,1,N,,0
LD16670,Instagram Ads,Business Analytics,Pune,<15k,85,2026-04-30,3.4,4,N,,0
LD16671,LinkedIn,Data Science Bootcamp,Hyderabad,15k-30k,40,2026-06-15,17.6,4,N,,0
LD16672,Google Ads,Power BI & Tableau,Chennai,<15k,6,2026-03-19,3.2,1,N,,0
LD16673,Instagram Ads,Data Science Bootcamp,Ahmedabad,30k-50k,67,2026-03-13,11.3,0,N,,0
LD16674,Referral,Python for Data Analysis,Delhi NCR,30k-50k,35,2026-06-29,0.0,6,N,,0
LD16675,Referral,Power BI & Tableau,Delhi NCR,50k+,84,2026-03-10,2.0,3,Y,2026-03-14,60379
LD16676,Instagram Ads,Python for Data Analysis,Bengaluru,<15k,77,2026-04-02,31.4,2,N,,0
LD16677,Google Ads,Data Science Bootcamp,Kolkata,15k-30k,59,2026-02-23,27.1,1,N,,0
LD16678,Instagram Ads,Power BI & Tableau,Kolkata,50k+,55,2026-05-25,79.7,4,N,,0
LD16679,Organic Search,Digital Marketing,Kolkata,30k-50k,31,2026-06-09,33.0,3,N,,0
LD16680,Google Ads,Python for Data Analysis,Delhi NCR,50k+,30,2026-04-16,15.3,2,N,,0
LD16681,Instagram Ads,Power BI & Tableau,Ahmedabad,50k+,50,2026-02-26,5.9,1,N,,0
LD16682,Walk-in,Digital Marketing,Kolkata,<15k,43,2026-02-24,7.7,0,N,,0
LD16683,LinkedIn,Business Analytics,Chennai,50k+,27,2025-11-11,7.5,5,N,,0
LD16684,Google Ads,Python for Data Analysis,Delhi NCR,<15k,64,2026-02-01,12.0,1,N,,0
LD16685,Google Ads,Digital Marketing,Bengaluru,<15k,68,2026-03-06,7.6,5,N,,0
LD16686,Instagram Ads,Python for Data Analysis,Chennai,15k-30k,55,2025-12-31,21.3,3,N,,0
LD16687,Instagram Ads,Digital Marketing,Ahmedabad,15k-30k,48,2026-05-06,22.2,5,N,,0
LD16688,Instagram Ads,Business Analytics,Kolkata,<15k,49,2025-12-12,25.5,3,N,,0
LD16689,Instagram Ads,Digital Marketing,Pune,50k+,64,2026-03-15,7.1,3,N,,0
LD16690,Instagram Ads,Python for Data Analysis,Hyderabad,50k+,68,2026-04-20,12.3,0,N,,0
LD16691,Google Ads,Data Science Bootcamp,Pune,30k-50k,67,2026-03-23,44.1,4,N,,0
LD16692,LinkedIn,Power BI & Tableau,Mumbai,50k+,76,2026-01-18,47.4,5,N,,0
LD16693,Google Ads,Digital Marketing,Bengaluru,15k-30k,47,2026-02-27,6.9,4,N,,0
LD16694,Instagram Ads,Full Stack Development,Ahmedabad,30k-50k,45,2026-07-05,8.6,2,N,,0
LD16695,Organic Search,Full Stack Development,Pune,<15k,66,2026-03-10,43.5,4,N,,0
LD16696,Instagram Ads,Digital Marketing,Hyderabad,30k-50k,75,2025-12-10,5.9,1,N,,0
LD16697,Instagram Ads,Business Analytics,Ahmedabad,15k-30k,42,2025-12-04,8.0,3,N,,0
LD16698,Instagram Ads,Python for Data Analysis,Kolkata,15k-30k,72,2026-07-04,21.3,2,N,,0
LD16699,Organic Search,Digital Marketing,Hyderabad,15k-30k,100,2026-06-17,34.6,2,Y,2026-06-18,23492
LD16700,Google Ads,Digital Marketing,Chennai,30k-50k,11,2026-03-22,7.6,2,N,,0
LD16701,Instagram Ads,Power BI & Tableau,Chennai,50k+,50,2026-01-19,44.8,3,N,,0
LD16702,Organic Search,Digital Marketing,Kolkata,50k+,38,2025-11-13,5.8,1,N,,0
LD16703,Instagram Ads,Business Analytics,Chennai,30k-50k,55,2025-11-20,46.7,2,N,,0
LD16704,Google Ads,Digital Marketing,Mumbai,30k-50k,42,2025-11-12,6.6,7,N,,0
LD16705,LinkedIn,Digital Marketing,Hyderabad,30k-50k,46,2025-11-29,2.8,2,N,,0
LD16706,Walk-in,Digital Marketing,Kolkata,<15k,70,2026-02-24,22.9,2,N,,0
LD16707,Organic Search,Power BI & Tableau,Mumbai,15k-30k,100,2025-11-25,2.2,2,N,,0
LD16708,Organic Search,Full Stack Development,Delhi NCR,30k-50k,40,2026-04-29,16.1,1,N,,0
LD16709,Instagram Ads,Power BI & Tableau,Delhi NCR,50k+,67,2026-04-04,22.1,1,N,,0
LD16710,Instagram Ads,Business Analytics,Kolkata,30k-50k,64,2026-01-08,57.1,4,N,,0
LD16711,Instagram Ads,Digital Marketing,Pune,<15k,64,2026-01-08,6.5,5,N,,0
LD16712,Google Ads,Business Analytics,Bengaluru,15k-30k,48,2025-11-22,30.9,2,N,,0
LD16713,Instagram Ads,Power BI & Tableau,Kolkata,30k-50k,63,2026-03-17,4.2,2,N,,0
LD16714,Organic Search,Business Analytics,Mumbai,50k+,100,2025-12-01,2.9,4,N,,0
LD16715,Google Ads,Power BI & Tableau,Hyderabad,30k-50k,62,2026-04-29,29.3,0,N,,0
LD16716,Organic Search,Business Analytics,Hyderabad,15k-30k,43,2025-12-19,23.1,6,N,,0
LD16717,Instagram Ads,Data Science Bootcamp,Pune,50k+,40,2025-12-19,21.4,1,N,,0
LD16718,Organic Search,Data Science Bootcamp,Hyderabad,15k-30k,90,2026-02-15,2.8,1,N,,0
LD16719,Organic Search,Python for Data Analysis,Ahmedabad,<15k,49,2025-11-22,4.8,1,Y,2026-01-02,13198
LD16720,Referral,Digital Marketing,Chennai,30k-50k,19,2026-06-27,15.1,4,N,,0
LD16721,Referral,Business Analytics,Kolkata,30k-50k,58,2026-01-20,22.7,1,N,,0
LD16722,Organic Search,Digital Marketing,Ahmedabad,30k-50k,59,2026-04-09,22.9,4,N,,0
LD16723,Instagram Ads,Power BI & Tableau,Pune,15k-30k,38,2026-03-04,39.7,2,N,,0
LD16724,Referral,Data Science Bootcamp,Bengaluru,15k-30k,77,2026-05-01,21.6,2,N,,0
LD16725,Instagram Ads,Data Science Bootcamp,Delhi NCR,30k-50k,25,2026-04-19,9.0,4,N,,0
LD16726,Referral,Power BI & Tableau,Delhi NCR,50k+,39,2026-01-11,3.9,7,Y,2026-01-14,61059
LD16727,Referral,Python for Data Analysis,Pune,<15k,79,2026-07-21,3.6,7,N,,0
LD16728,Google Ads,Full Stack Development,Bengaluru,15k-30k,66,2026-06-25,12.8,1,N,,0
LD16729,LinkedIn,Data Science Bootcamp,Chennai,15k-30k,54,2025-12-21,46.2,5,N,,0
LD16730,Google Ads,Data Science Bootcamp,Hyderabad,15k-30k,64,2025-12-20,27.9,5,N,,0
LD16731,Organic Search,Business Analytics,Chennai,50k+,44,2026-05-22,1.3,1,N,,0
LD16732,Organic Search,Python for Data Analysis,Kolkata,30k-50k,74,2026-04-13,18.2,4,N,,0
LD16733,Instagram Ads,Business Analytics,Chennai,30k-50k,28,2026-06-25,18.1,3,N,,0
LD16734,Organic Search,Full Stack Development,Bengaluru,50k+,54,2025-11-29,12.4,1,N,,0
LD16735,Organic Search,Power BI & Tableau,Hyderabad,50k+,64,2026-03-25,7.8,3,N,,0
LD16736,Instagram Ads,Power BI & Tableau,Hyderabad,15k-30k,23,2025-11-01,14.7,4,N,,0
LD16737,Instagram Ads,Digital Marketing,Delhi NCR,30k-50k,30,2025-12-01,24.3,2,N,,0
LD16738,Organic Search,Business Analytics,Chennai,30k-50k,56,2025-12-16,13.6,2,N,,0
LD16739,Instagram Ads,Python for Data Analysis,Mumbai,50k+,100,2026-03-10,6.0,4,N,,0
LD16740,Referral,Data Science Bootcamp,Mumbai,<15k,57,2026-05-07,1.8,2,N,,0
LD16741,Google Ads,Power BI & Tableau,Bengaluru,30k-50k,57,2026-06-25,6.1,3,N,,0
LD16742,Google Ads,Business Analytics,Pune,30k-50k,57,2026-07-21,26.0,4,N,,0
LD16743,Referral,Business Analytics,Pune,50k+,55,2026-04-13,5.7,3,N,,0
LD16744,Instagram Ads,Full Stack Development,Bengaluru,15k-30k,33,2026-03-12,8.3,3,Y,2026-03-18,22349
LD16745,Google Ads,Business Analytics,Delhi NCR,15k-30k,36,2026-04-17,18.5,0,N,,0
LD16746,Google Ads,Python for Data Analysis,Pune,30k-50k,46,2026-07-23,12.2,1,N,,0
LD16747,Google Ads,Digital Marketing,Mumbai,50k+,9,2026-02-06,3.5,2,N,,0
LD16748,Organic Search,Full Stack Development,Bengaluru,<15k,57,2026-05-02,21.0,4,N,,0
LD16749,Google Ads,Digital Marketing,Ahmedabad,15k-30k,58,2026-05-07,29.1,3,N,,0
LD16750,Organic Search,Full Stack Development,Kolkata,50k+,61,2026-02-15,22.8,1,N,,0
LD16751,LinkedIn,Power BI & Tableau,Bengaluru,<15k,91,2026-01-21,103.8,0,N,,0
LD16752,Organic Search,Power BI & Tableau,Pune,30k-50k,62,2025-12-04,2.7,0,Y,2025-12-08,38631
LD16753,LinkedIn,Power BI & Tableau,Kolkata,30k-50k,72,2025-11-03,1.6,3,Y,2025-11-28,40535
LD16754,Organic Search,Power BI & Tableau,Pune,<15k,26,2025-11-30,12.4,5,N,,0
LD16755,Instagram Ads,Full Stack Development,Ahmedabad,<15k,84,2025-11-04,0.1,3,N,,0
LD16756,Organic Search,Python for Data Analysis,Hyderabad,30k-50k,62,2026-07-22,3.4,7,N,,0
LD16757,Google Ads,Python for Data Analysis,Mumbai,30k-50k,17,2026-06-22,12.6,4,N,,0
LD16758,Organic Search,Data Science Bootcamp,Mumbai,30k-50k,59,2025-12-27,11.8,2,Y,2025-12-28,40065
LD16759,Referral,Digital Marketing,Pune,<15k,35,2026-04-26,8.6,1,N,,0
LD16760,Referral,Business Analytics,Bengaluru,30k-50k,94,2026-04-26,27.3,2,N,,0
LD16761,LinkedIn,Business Analytics,Delhi NCR,15k-30k,73,2026-02-26,14.8,2,Y,2026-02-28,21195
LD16762,Organic Search,Python for Data Analysis,Chennai,50k+,59,2026-04-19,11.9,2,Y,2026-04-22,61656
LD16763,Instagram Ads,Business Analytics,Chennai,50k+,50,2026-06-03,3.4,5,N,,0
LD16764,Instagram Ads,Full Stack Development,Mumbai,15k-30k,43,2025-12-22,22.7,4,N,,0
LD16765,Google Ads,Business Analytics,Pune,15k-30k,76,2026-01-21,0.2,2,N,,0
LD16766,Google Ads,Power BI & Tableau,Bengaluru,15k-30k,62,2026-03-06,102.2,1,N,,0
LD16767,Google Ads,Business Analytics,Pune,<15k,70,2026-03-09,30.9,4,N,,0
LD16768,LinkedIn,Digital Marketing,Hyderabad,50k+,64,2025-11-05,39.7,5,N,,0
LD16769,Instagram Ads,Business Analytics,Bengaluru,15k-30k,4,2025-12-15,10.3,0,N,,0
LD16770,Organic Search,Business Analytics,Mumbai,<15k,68,2025-12-11,26.3,2,N,,0
LD16771,Organic Search,Business Analytics,Kolkata,30k-50k,42,2026-05-10,20.6,4,N,,0
LD16772,Google Ads,Python for Data Analysis,Hyderabad,50k+,100,2026-07-21,18.5,4,N,,0
LD16773,Referral,Full Stack Development,Kolkata,<15k,22,2026-03-08,33.3,3,N,,0
LD16774,Google Ads,Python for Data Analysis,Bengaluru,30k-50k,66,2026-06-22,83.0,1,N,,0
LD16775,LinkedIn,Python for Data Analysis,Pune,50k+,36,2026-04-08,7.9,4,N,,0
LD16776,Google Ads,Python for Data Analysis,Chennai,30k-50k,40,2025-12-24,27.8,7,Y,2025-12-31,40425
LD16777,Referral,Business Analytics,Pune,<15k,9,2026-04-04,15.4,2,Y,2026-04-19,11156
LD16778,Referral,Digital Marketing,Mumbai,30k-50k,60,2026-06-15,38.6,2,Y,2026-06-19,39835
LD16779,Instagram Ads,Data Science Bootcamp,Pune,<15k,45,2025-11-13,12.1,3,N,,0
LD16780,Instagram Ads,Business Analytics,Ahmedabad,30k-50k,76,2025-11-02,16.4,1,N,,0
LD16781,Walk-in,Business Analytics,Bengaluru,15k-30k,60,2026-04-21,11.9,3,Y,2026-04-29,23408
LD16782,Instagram Ads,Business Analytics,Pune,30k-50k,69,2026-05-13,8.7,3,N,,0
LD16783,Organic Search,Data Science Bootcamp,Delhi NCR,15k-30k,58,2026-07-25,0.6,4,N,,0
LD16784,Walk-in,Python for Data Analysis,Bengaluru,<15k,45,2026-06-19,4.7,5,N,,0
LD16785,Instagram Ads,Data Science Bootcamp,Pune,50k+,59,2026-05-20,53.8,2,N,,0
LD16786,Instagram Ads,Business Analytics,Delhi NCR,15k-30k,68,2026-04-11,3.5,4,N,,0
LD16787,Google Ads,Data Science Bootcamp,Bengaluru,30k-50k,90,2026-03-31,12.8,1,Y,2026-04-05,39410
LD16788,Google Ads,Python for Data Analysis,Delhi NCR,50k+,12,2026-01-18,30.4,1,N,,0
LD16789,Organic Search,Full Stack Development,Hyderabad,50k+,78,2026-03-13,0.4,4,N,,0
LD16790,LinkedIn,Python for Data Analysis,Chennai,50k+,47,2026-03-12,30.1,3,Y,2026-03-26,63663
LD16791,Instagram Ads,Digital Marketing,Hyderabad,50k+,72,2026-04-10,18.7,3,N,,0
LD16792,LinkedIn,Power BI & Tableau,Delhi NCR,15k-30k,86,2026-04-15,1.6,1,N,,0
LD16793,Instagram Ads,Data Science Bootcamp,Chennai,50k+,49,2026-05-04,10.0,2,N,,0
LD16794,Organic Search,Full Stack Development,Ahmedabad,15k-30k,35,2026-06-10,4.9,9,Y,2026-06-30,21411
LD16795,Google Ads,Business Analytics,Pune,50k+,85,2026-03-13,7.6,3,Y,2026-04-03,67787
LD16796,Organic Search,Digital Marketing,Pune,<15k,43,2026-05-14,9.9,1,Y,2026-05-26,12572
LD16797,Instagram Ads,Business Analytics,Bengaluru,30k-50k,95,2026-03-24,16.3,7,N,,0
LD16798,Referral,Power BI & Tableau,Kolkata,30k-50k,75,2026-02-23,17.5,4,Y,2026-02-24,38554
LD16799,Instagram Ads,Python for Data Analysis,Delhi NCR,30k-50k,57,2026-01-25,46.7,3,N,,0
LD16800,Instagram Ads,Power BI & Tableau,Mumbai,15k-30k,43,2025-11-17,15.1,4,N,,0
LD16801,Referral,Python for Data Analysis,Mumbai,15k-30k,51,2026-07-01,38.2,4,N,,0
LD16802,LinkedIn,Python for Data Analysis,Pune,<15k,100,2026-02-21,31.8,2,N,,0
LD16803,Walk-in,Data Science Bootcamp,Hyderabad,15k-30k,90,2026-03-09,10.6,7,N,,0
LD16804,Walk-in,Data Science Bootcamp,Hyderabad,<15k,54,2026-03-15,0.7,3,N,,0
LD16805,LinkedIn,Power BI & Tableau,Bengaluru,50k+,58,2026-07-14,14.3,4,N,,0
LD16806,Google Ads,Business Analytics,Kolkata,30k-50k,41,2026-02-02,4.8,3,Y,2026-02-04,39899
LD16807,Referral,Full Stack Development,Hyderabad,<15k,78,2026-05-09,2.8,1,Y,2026-05-12,11865
LD16808,Organic Search,Python for Data Analysis,Ahmedabad,<15k,67,2025-11-05,13.8,2,N,,0
LD16809,Referral,Digital Marketing,Mumbai,<15k,64,2026-01-17,4.0,2,N,,0
LD16810,Instagram Ads,Power BI & Tableau,Chennai,15k-30k,56,2025-12-22,18.0,0,N,,0
LD16811,Instagram Ads,Data Science Bootcamp,Chennai,30k-50k,39,2026-02-01,3.4,6,N,,0
LD16812,Google Ads,Business Analytics,Hyderabad,30k-50k,83,2026-01-02,0.1,3,N,,0
LD16813,Google Ads,Python for Data Analysis,Pune,<15k,61,2025-12-29,17.9,1,N,,0
LD16814,Referral,Business Analytics,Ahmedabad,15k-30k,38,2026-07-06,2.6,2,Y,2026-07-09,23722
LD16815,Instagram Ads,Python for Data Analysis,Mumbai,30k-50k,76,2026-01-31,28.2,4,N,,0
LD16816,Referral,Business Analytics,Pune,50k+,27,2026-04-13,61.0,3,N,,0
LD16817,Referral,Business Analytics,Chennai,<15k,45,2026-06-17,22.6,4,N,,0
LD16818,Instagram Ads,Digital Marketing,Pune,15k-30k,8,2026-04-28,14.4,3,N,,0
LD16819,Referral,Data Science Bootcamp,Pune,50k+,29,2025-12-05,16.1,2,Y,2025-12-14,62917
LD16820,Walk-in,Python for Data Analysis,Delhi NCR,30k-50k,59,2026-01-19,40.4,4,N,,0
LD16821,LinkedIn,Power BI & Tableau,Mumbai,50k+,56,2026-05-13,0.1,2,N,,0
LD16822,Google Ads,Business Analytics,Mumbai,<15k,39,2026-07-20,38.5,2,Y,2026-07-24,12064
LD16823,Organic Search,Business Analytics,Delhi NCR,30k-50k,56,2026-06-15,10.7,3,Y,2026-06-23,42424
LD16824,Organic Search,Digital Marketing,Bengaluru,50k+,72,2026-05-02,16.5,5,Y,2026-05-21,70658
LD16825,Organic Search,Digital Marketing,Chennai,50k+,76,2026-05-19,8.4,2,N,,0
LD16826,Referral,Data Science Bootcamp,Ahmedabad,30k-50k,42,2026-06-05,47.9,4,N,,0
LD16827,LinkedIn,Data Science Bootcamp,Bengaluru,15k-30k,30,2026-06-06,4.2,5,N,,0
LD16828,Instagram Ads,Digital Marketing,Chennai,50k+,61,2026-06-18,3.7,4,N,,0
LD16829,Google Ads,Data Science Bootcamp,Mumbai,30k-50k,39,2026-04-18,19.4,3,N,,0
LD16830,Instagram Ads,Full Stack Development,Ahmedabad,50k+,62,2026-01-16,7.3,3,N,,0
LD16831,Referral,Digital Marketing,Kolkata,15k-30k,66,2026-05-23,4.1,2,N,,0
LD16832,Instagram Ads,Python for Data Analysis,Pune,15k-30k,76,2026-05-01,6.0,4,N,,0
LD16833,Instagram Ads,Power BI & Tableau,Kolkata,30k-50k,18,2025-12-05,19.4,8,N,,0
LD16834,Instagram Ads,Business Analytics,Pune,30k-50k,52,2025-12-24,33.5,4,N,,0
LD16835,Walk-in,Python for Data Analysis,Ahmedabad,50k+,19,2026-04-14,32.9,4,N,,0
LD16836,Google Ads,Digital Marketing,Pune,15k-30k,69,2025-11-27,2.2,5,N,,0
LD16837,Instagram Ads,Digital Marketing,Bengaluru,15k-30k,47,2026-02-21,38.0,5,N,,0
LD16838,Referral,Python for Data Analysis,Kolkata,<15k,46,2026-07-29,51.8,2,N,,0
LD16839,Instagram Ads,Digital Marketing,Pune,<15k,68,2026-01-21,15.4,4,N,,0
LD16840,Organic Search,Power BI & Tableau,Bengaluru,15k-30k,100,2025-12-27,16.3,4,N,,0
LD16841,Referral,Full Stack Development,Pune,30k-50k,65,2025-11-12,34.2,0,Y,2025-11-19,42945
LD16842,Instagram Ads,Business Analytics,Hyderabad,30k-50k,38,2025-11-04,0.5,3,N,,0
LD16843,Instagram Ads,Data Science Bootcamp,Kolkata,30k-50k,52,2026-06-28,25.2,3,N,,0
LD16844,Instagram Ads,Business Analytics,Pune,<15k,16,2026-02-05,9.5,1,N,,0
LD16845,Walk-in,Power BI & Tableau,Chennai,30k-50k,49,2025-12-13,5.8,2,N,,0
LD16846,Referral,Full Stack Development,Mumbai,50k+,18,2026-06-14,53.6,1,Y,2026-06-15,60227
LD16847,Google Ads,Python for Data Analysis,Ahmedabad,15k-30k,95,2026-07-02,0.9,1,N,,0
LD16848,Referral,Full Stack Development,Kolkata,15k-30k,53,2025-11-08,5.5,3,Y,2025-11-12,20251
LD16849,Google Ads,Business Analytics,Pune,30k-50k,39,2025-11-17,8.7,0,N,,0
LD16850,Google Ads,Data Science Bootcamp,Kolkata,50k+,53,2026-02-25,21.1,1,N,,0
LD16851,Instagram Ads,Data Science Bootcamp,Delhi NCR,30k-50k,0,2026-04-17,0.9,0,N,,0
LD16852,Instagram Ads,Power BI & Tableau,Chennai,<15k,30,2025-12-02,5.0,3,N,,0
LD16853,Google Ads,Data Science Bootcamp,Mumbai,15k-30k,49,2025-12-31,13.3,1,N,,0
LD16854,Google Ads,Full Stack Development,Mumbai,<15k,57,2026-01-09,23.7,4,N,,0
LD16855,Instagram Ads,Full Stack Development,Bengaluru,<15k,30,2026-01-31,22.9,2,N,,0
LD16856,Instagram Ads,Digital Marketing,Pune,15k-30k,61,2026-02-04,0.8,1,N,,0
LD16857,Google Ads,Data Science Bootcamp,Pune,<15k,67,2025-11-12,17.1,5,N,,0
LD16858,Google Ads,Business Analytics,Pune,<15k,90,2026-06-27,10.7,0,N,,0
LD16859,Referral,Data Science Bootcamp,Delhi NCR,30k-50k,31,2026-01-12,25.0,3,N,,0
LD16860,Referral,Power BI & Tableau,Chennai,<15k,23,2025-12-11,9.0,3,N,,0
LD16861,Referral,Power BI & Tableau,Kolkata,15k-30k,39,2026-05-07,1.1,3,N,,0
LD16862,LinkedIn,Power BI & Tableau,Ahmedabad,50k+,72,2026-03-20,16.1,3,Y,2026-04-04,65713
LD16863,Organic Search,Python for Data Analysis,Bengaluru,30k-50k,66,2026-05-01,29.2,3,N,,0
LD16864,Organic Search,Data Science Bootcamp,Chennai,<15k,31,2026-05-11,7.3,3,N,,0
LD16865,Google Ads,Digital Marketing,Kolkata,<15k,70,2026-07-10,1.0,5,Y,2026-07-12,12517
LD16866,Google Ads,Digital Marketing,Pune,30k-50k,53,2026-02-27,26.1,3,N,,0
LD16867,Google Ads,Full Stack Development,Bengaluru,<15k,58,2026-03-04,29.9,4,N,,0
LD16868,LinkedIn,Python for Data Analysis,Ahmedabad,15k-30k,85,2026-06-17,12.4,5,N,,0
LD16869,Walk-in,Python for Data Analysis,Mumbai,50k+,64,2025-11-30,10.3,4,Y,2025-12-05,60446
LD16870,LinkedIn,Digital Marketing,Kolkata,30k-50k,82,2025-11-28,0.2,3,N,,0
LD16871,Walk-in,Full Stack Development,Delhi NCR,50k+,55,2026-04-15,28.8,3,N,,0
LD16872,Google Ads,Python for Data Analysis,Hyderabad,30k-50k,55,2026-06-01,2.9,1,N,,0
LD16873,Referral,Power BI & Tableau,Pune,50k+,57,2026-07-16,10.8,2,Y,2026-08-20,66549
LD16874,Google Ads,Business Analytics,Pune,30k-50k,86,2026-06-12,33.9,4,N,,0
LD16875,Referral,Data Science Bootcamp,Kolkata,15k-30k,52,2025-11-11,51.9,5,N,,0
LD16876,Google Ads,Business Analytics,Hyderabad,15k-30k,22,2025-11-28,1.8,5,N,,0
LD16877,Organic Search,Business Analytics,Bengaluru,15k-30k,65,2026-04-20,6.5,2,N,,0
LD16878,Instagram Ads,Digital Marketing,Bengaluru,<15k,28,2026-06-25,15.8,2,N,,0
LD16879,Referral,Digital Marketing,Delhi NCR,15k-30k,63,2026-07-06,0.8,5,N,,0
LD16880,Instagram Ads,Power BI & Tableau,Hyderabad,15k-30k,59,2025-12-12,91.9,1,N,,0
LD16881,Instagram Ads,Digital Marketing,Hyderabad,50k+,69,2026-01-18,15.8,1,N,,0
LD16882,LinkedIn,Data Science Bootcamp,Ahmedabad,50k+,25,2026-02-28,38.8,2,N,,0
LD16883,Google Ads,Business Analytics,Delhi NCR,50k+,35,2026-03-18,6.5,3,N,,0
LD16884,Walk-in,Power BI & Tableau,Pune,<15k,22,2026-05-18,17.8,0,N,,0
LD16885,Google Ads,Power BI & Tableau,Hyderabad,15k-30k,86,2025-11-27,57.5,2,N,,0
LD16886,Organic Search,Full Stack Development,Bengaluru,<15k,55,2026-04-25,30.2,3,N,,0
LD16887,Walk-in,Business Analytics,Kolkata,50k+,29,2026-01-30,38.9,1,N,,0
LD16888,Organic Search,Python for Data Analysis,Pune,<15k,75,2025-12-07,30.2,4,N,,0
LD16889,Organic Search,Full Stack Development,Bengaluru,<15k,68,2026-06-19,0.6,1,N,,0
LD16890,Organic Search,Data Science Bootcamp,Mumbai,30k-50k,41,2026-02-27,42.1,1,N,,0
LD16891,Organic Search,Full Stack Development,Chennai,15k-30k,61,2026-02-21,13.3,1,N,,0
LD16892,Walk-in,Business Analytics,Mumbai,50k+,68,2026-05-28,34.1,2,N,,0
LD16893,Instagram Ads,Data Science Bootcamp,Chennai,<15k,38,2026-01-05,10.8,10,N,,0
LD16894,Google Ads,Full Stack Development,Chennai,<15k,22,2026-06-08,7.0,3,Y,2026-06-10,13053
LD16895,Walk-in,Business Analytics,Mumbai,30k-50k,84,2026-02-01,13.6,2,N,,0
LD16896,Organic Search,Power BI & Tableau,Bengaluru,15k-30k,28,2026-03-17,7.8,4,N,,0
LD16897,Walk-in,Digital Marketing,Kolkata,15k-30k,60,2025-11-23,0.6,3,Y,2025-11-26,22690
LD16898,Instagram Ads,Power BI & Tableau,Bengaluru,15k-30k,44,2026-02-09,43.4,3,N,,0
LD16899,Google Ads,Data Science Bootcamp,Kolkata,50k+,1,2026-05-25,15.3,3,N,,0
LD16900,Instagram Ads,Power BI & Tableau,Pune,50k+,54,2026-02-06,13.6,4,N,,0
LD16901,Referral,Python for Data Analysis,Mumbai,50k+,69,2026-04-30,7.9,2,Y,2026-05-07,62513
LD16902,Instagram Ads,Business Analytics,Mumbai,15k-30k,84,2025-12-11,24.3,4,N,,0
LD16903,Instagram Ads,Power BI & Tableau,Mumbai,50k+,69,2026-05-24,27.0,5,N,,0
LD16904,Referral,Business Analytics,Kolkata,50k+,47,2026-02-23,3.6,3,Y,2026-02-24,66143
LD16905,Walk-in,Full Stack Development,Chennai,<15k,85,2026-01-01,3.4,0,N,,0
LD16906,Instagram Ads,Full Stack Development,Kolkata,<15k,45,2026-06-06,27.7,2,N,,0
LD16907,LinkedIn,Business Analytics,Ahmedabad,50k+,82,2026-02-20,6.7,2,N,,0
LD16908,Instagram Ads,Data Science Bootcamp,Kolkata,15k-30k,51,2026-02-19,6.1,2,N,,0
LD16909,Google Ads,Power BI & Tableau,Hyderabad,30k-50k,30,2026-03-05,13.0,2,N,,0
LD16910,Organic Search,Data Science Bootcamp,Mumbai,<15k,54,2026-06-20,23.1,1,N,,0
LD16911,Organic Search,Business Analytics,Mumbai,15k-30k,21,2026-06-04,35.6,2,N,,0
LD16912,Organic Search,Business Analytics,Hyderabad,15k-30k,58,2026-02-06,18.7,3,N,,0
LD16913,Instagram Ads,Full Stack Development,Chennai,15k-30k,33,2025-11-08,14.1,5,N,,0
LD16914,Instagram Ads,Business Analytics,Hyderabad,50k+,18,2025-12-09,37.2,4,N,,0
LD16915,Referral,Power BI & Tableau,Chennai,50k+,53,2025-11-02,20.7,2,N,,0
LD16916,Instagram Ads,Full Stack Development,Kolkata,<15k,38,2026-06-08,34.9,4,N,,0
LD16917,LinkedIn,Python for Data Analysis,Kolkata,50k+,43,2026-07-15,3.4,1,N,,0
LD16918,Google Ads,Data Science Bootcamp,Kolkata,<15k,64,2025-11-23,5.7,3,Y,2025-11-30,12871
LD16919,Instagram Ads,Full Stack Development,Pune,30k-50k,31,2026-01-24,18.1,2,N,,0
LD16920,Organic Search,Data Science Bootcamp,Delhi NCR,<15k,76,2026-07-26,52.3,3,N,,0
LD16921,Instagram Ads,Business Analytics,Pune,<15k,61,2025-12-14,31.4,4,N,,0
LD16922,Organic Search,Python for Data Analysis,Kolkata,50k+,57,2025-11-16,51.6,6,Y,2025-11-26,65711
LD16923,Organic Search,Data Science Bootcamp,Hyderabad,50k+,39,2026-05-26,53.8,1,N,,0
LD16924,Referral,Digital Marketing,Mumbai,50k+,60,2026-04-29,22.4,2,N,,0
LD16925,Google Ads,Power BI & Tableau,Chennai,30k-50k,45,2026-04-24,14.0,5,N,,0
LD16926,Instagram Ads,Full Stack Development,Pune,50k+,86,2026-07-04,34.3,2,N,,0
LD16927,Referral,Full Stack Development,Pune,<15k,92,2025-11-15,35.2,4,N,,0
LD16928,Organic Search,Full Stack Development,Kolkata,50k+,68,2026-04-21,40.7,2,N,,0
LD16929,Walk-in,Digital Marketing,Kolkata,50k+,49,2026-05-13,6.6,6,N,,0
LD16930,Instagram Ads,Business Analytics,Hyderabad,30k-50k,64,2026-04-29,5.3,3,N,,0
LD16931,Walk-in,Business Analytics,Ahmedabad,30k-50k,86,2026-03-21,58.8,4,N,,0
LD16932,Google Ads,Business Analytics,Pune,30k-50k,59,2026-01-19,4.1,4,N,,0
LD16933,Google Ads,Digital Marketing,Mumbai,30k-50k,54,2026-02-17,11.5,3,Y,2026-02-28,43235
LD16934,Instagram Ads,Power BI & Tableau,Kolkata,30k-50k,89,2026-05-04,1.3,5,N,,0
LD16935,Instagram Ads,Full Stack Development,Ahmedabad,<15k,81,2026-03-31,22.7,6,N,,0
LD16936,Walk-in,Full Stack Development,Pune,30k-50k,73,2026-01-22,2.0,4,N,,0
LD16937,Walk-in,Power BI & Tableau,Ahmedabad,<15k,57,2026-05-21,13.4,1,N,,0
LD16938,Google Ads,Digital Marketing,Pune,50k+,43,2026-07-06,13.4,2,N,,0
LD16939,Walk-in,Power BI & Tableau,Kolkata,50k+,83,2025-11-02,24.2,4,N,,0
LD16940,Google Ads,Power BI & Tableau,Hyderabad,30k-50k,62,2026-01-15,7.0,4,N,,0
LD16941,LinkedIn,Python for Data Analysis,Ahmedabad,50k+,65,2026-03-24,17.5,1,N,,0
LD16942,Instagram Ads,Data Science Bootcamp,Ahmedabad,<15k,78,2026-07-09,21.2,3,N,,0
LD16943,Google Ads,Digital Marketing,Delhi NCR,50k+,71,2026-05-10,20.5,3,Y,2026-05-19,63924
LD16944,Organic Search,Power BI & Tableau,Delhi NCR,30k-50k,46,2026-03-01,12.7,2,Y,2026-03-05,43556
LD16945,Google Ads,Python for Data Analysis,Hyderabad,30k-50k,61,2025-12-26,15.1,4,N,,0
LD16946,Instagram Ads,Power BI & Tableau,Delhi NCR,15k-30k,41,2026-03-28,0.5,6,N,,0
LD16947,Google Ads,Data Science Bootcamp,Ahmedabad,50k+,35,2026-06-03,4.4,2,N,,0
LD16948,Instagram Ads,Business Analytics,Ahmedabad,30k-50k,47,2026-04-27,10.2,2,N,,0
LD16949,Organic Search,Power BI & Tableau,Mumbai,30k-50k,51,2026-05-09,6.8,3,N,,0
LD16950,Google Ads,Python for Data Analysis,Kolkata,<15k,25,2026-06-30,8.6,2,N,,0
LD16951,Instagram Ads,Digital Marketing,Delhi NCR,<15k,47,2026-06-01,17.6,4,N,,0
LD16952,Organic Search,Digital Marketing,Bengaluru,30k-50k,45,2026-02-18,13.7,4,N,,0
LD16953,Walk-in,Power BI & Tableau,Kolkata,15k-30k,52,2025-12-23,9.6,3,N,,0
LD16954,Instagram Ads,Data Science Bootcamp,Pune,30k-50k,0,2026-01-21,15.3,4,N,,0
LD16955,LinkedIn,Data Science Bootcamp,Pune,<15k,38,2025-11-10,80.9,3,N,,0
LD16956,Google Ads,Python for Data Analysis,Ahmedabad,15k-30k,28,2026-01-30,6.1,4,Y,2026-02-02,20534
LD16957,Organic Search,Data Science Bootcamp,Kolkata,50k+,81,2026-05-16,21.5,4,Y,2026-05-18,69895
LD16958,Google Ads,Digital Marketing,Bengaluru,<15k,35,2026-05-21,19.7,3,N,,0
LD16959,Instagram Ads,Power BI & Tableau,Delhi NCR,15k-30k,15,2025-12-04,15.6,4,N,,0
LD16960,Instagram Ads,Power BI & Tableau,Chennai,30k-50k,68,2026-07-28,16.5,4,N,,0
LD16961,LinkedIn,Power BI & Tableau,Mumbai,<15k,35,2026-01-16,7.3,0,N,,0
LD16962,Google Ads,Data Science Bootcamp,Bengaluru,15k-30k,41,2025-11-25,0.7,4,N,,0
LD16963,Google Ads,Digital Marketing,Delhi NCR,50k+,49,2026-03-30,95.1,0,N,,0
LD16964,Organic Search,Full Stack Development,Ahmedabad,15k-30k,76,2026-03-22,47.4,0,N,,0
LD16965,Organic Search,Digital Marketing,Chennai,<15k,61,2026-05-25,15.8,5,N,,0
LD16966,Instagram Ads,Python for Data Analysis,Bengaluru,15k-30k,2,2025-12-13,11.5,3,N,,0
LD16967,Google Ads,Business Analytics,Chennai,50k+,23,2025-11-07,7.7,5,N,,0
LD16968,Instagram Ads,Data Science Bootcamp,Bengaluru,<15k,37,2026-06-05,5.6,3,N,,0
LD16969,Instagram Ads,Business Analytics,Chennai,<15k,49,2026-04-10,4.3,3,N,,0
LD16970,Instagram Ads,Full Stack Development,Kolkata,50k+,33,2026-01-04,12.6,3,N,,0
LD16971,Instagram Ads,Data Science Bootcamp,Mumbai,30k-50k,62,2026-05-30,17.4,1,N,,0
LD16972,Instagram Ads,Data Science Bootcamp,Kolkata,30k-50k,51,2026-05-17,6.0,0,N,,0
LD16973,Organic Search,Digital Marketing,Delhi NCR,<15k,57,2026-07-27,25.7,9,N,,0
LD16974,Organic Search,Power BI & Tableau,Ahmedabad,15k-30k,52,2025-11-30,20.9,1,N,,0
LD16975,LinkedIn,Power BI & Tableau,Kolkata,30k-50k,53,2025-11-16,12.1,3,N,,0
LD16976,LinkedIn,Python for Data Analysis,Ahmedabad,<15k,55,2026-02-09,15.4,4,N,,0
LD16977,Instagram Ads,Full Stack Development,Hyderabad,<15k,52,2026-04-20,3.8,3,N,,0
LD16978,Instagram Ads,Power BI & Tableau,Pune,50k+,37,2026-02-04,3.1,2,N,,0
LD16979,Instagram Ads,Python for Data Analysis,Bengaluru,<15k,64,2025-11-13,39.3,4,N,,0
LD16980,Instagram Ads,Data Science Bootcamp,Kolkata,15k-30k,30,2026-04-26,73.4,1,N,,0
LD16981,Google Ads,Digital Marketing,Bengaluru,<15k,35,2025-12-04,38.6,3,N,,0
LD16982,Instagram Ads,Business Analytics,Delhi NCR,30k-50k,64,2026-01-20,73.7,6,N,,0
LD16983,Walk-in,Digital Marketing,Pune,30k-50k,43,2026-05-20,8.3,5,Y,2026-06-01,39600
LD16984,Google Ads,Power BI & Tableau,Kolkata,<15k,71,2026-03-03,10.1,2,N,,0
LD16985,Instagram Ads,Python for Data Analysis,Chennai,30k-50k,57,2026-07-26,18.5,4,N,,0
LD16986,Google Ads,Python for Data Analysis,Chennai,50k+,71,2026-06-07,19.4,2,N,,0
LD16987,Google Ads,Business Analytics,Bengaluru,30k-50k,84,2026-07-27,12.8,1,N,,0
LD16988,Organic Search,Python for Data Analysis,Pune,15k-30k,40,2026-04-03,19.9,5,N,,0
LD16989,LinkedIn,Data Science Bootcamp,Chennai,30k-50k,66,2026-07-02,24.4,2,N,,0
LD16990,Instagram Ads,Power BI & Tableau,Ahmedabad,50k+,40,2026-04-20,3.2,5,N,,0
LD16991,Instagram Ads,Business Analytics,Kolkata,30k-50k,27,2026-03-25,27.3,3,N,,0
LD16992,Google Ads,Business Analytics,Pune,15k-30k,53,2026-04-11,10.5,3,N,,0
LD16993,Instagram Ads,Data Science Bootcamp,Chennai,<15k,38,2026-02-03,23.9,2,N,,0
LD16994,Referral,Business Analytics,Delhi NCR,15k-30k,32,2026-01-16,23.3,3,N,,0
LD16995,Instagram Ads,Python for Data Analysis,Delhi NCR,<15k,45,2026-06-02,21.2,4,N,,0
LD16996,Instagram Ads,Python for Data Analysis,Ahmedabad,30k-50k,50,2026-05-14,0.1,0,N,,0
LD16997,Referral,Python for Data Analysis,Delhi NCR,30k-50k,64,2026-05-02,52.3,2,N,,0
LD16998,Organic Search,Full Stack Development,Chennai,30k-50k,38,2026-05-14,22.0,6,N,,0
LD16999,Google Ads,Power BI & Tableau,Kolkata,15k-30k,80,2026-03-21,0.3,2,N,,0
LD17000,Instagram Ads,Digital Marketing,Hyderabad,15k-30k,48,2026-01-06,14.2,4,Y,2026-02-02,20962
LD17001,Google Ads,Business Analytics,Chennai,15k-30k,59,2026-01-28,23.7,2,N,,0
LD17002,Google Ads,Data Science Bootcamp,Hyderabad,50k+,45,2026-04-07,24.0,7,Y,2026-04-11,69264
LD17003,Google Ads,Business Analytics,Chennai,30k-50k,67,2026-06-12,38.9,1,N,,0
LD17004,LinkedIn,Full Stack Development,Mumbai,30k-50k,81,2026-02-06,31.3,4,N,,0
LD17005,Google Ads,Data Science Bootcamp,Bengaluru,15k-30k,48,2025-11-26,6.8,2,Y,2025-11-27,21377
LD17006,Instagram Ads,Data Science Bootcamp,Kolkata,15k-30k,48,2026-05-13,45.3,1,N,,0
LD17007,Instagram Ads,Business Analytics,Hyderabad,15k-30k,43,2026-06-14,1.1,2,N,,0
LD17008,Google Ads,Data Science Bootcamp,Mumbai,50k+,54,2025-11-22,31.2,3,Y,2025-12-05,63265
LD17009,Instagram Ads,Full Stack Development,Ahmedabad,15k-30k,83,2025-11-16,7.1,2,N,,0
LD17010,Walk-in,Python for Data Analysis,Kolkata,15k-30k,60,2026-06-30,0.0,2,N,,0
LD17011,Organic Search,Digital Marketing,Chennai,15k-30k,69,2026-03-10,13.5,3,N,,0
LD17012,Instagram Ads,Power BI & Tableau,Chennai,30k-50k,73,2026-03-01,63.4,0,N,,0
LD17013,Instagram Ads,Power BI & Tableau,Pune,30k-50k,15,2026-02-08,0.9,3,N,,0
LD17014,Referral,Business Analytics,Pune,30k-50k,60,2026-03-23,28.2,3,N,,0
LD17015,LinkedIn,Full Stack Development,Pune,30k-50k,39,2026-04-09,14.0,2,N,,0
LD17016,Walk-in,Full Stack Development,Hyderabad,30k-50k,76,2026-03-21,9.9,3,N,,0
LD17017,Organic Search,Python for Data Analysis,Chennai,<15k,55,2026-02-15,3.3,6,Y,2026-02-26,11694
LD17018,LinkedIn,Python for Data Analysis,Hyderabad,30k-50k,41,2026-01-10,1.0,3,N,,0
LD17019,Google Ads,Python for Data Analysis,Bengaluru,<15k,46,2026-03-16,18.8,2,N,,0
LD17020,LinkedIn,Digital Marketing,Bengaluru,<15k,59,2026-02-23,32.1,0,N,,0
LD17021,Organic Search,Digital Marketing,Hyderabad,30k-50k,31,2026-02-28,9.1,2,N,,0
LD17022,Google Ads,Digital Marketing,Ahmedabad,50k+,55,2026-07-12,4.9,4,Y,2026-08-02,66732
LD17023,Instagram Ads,Digital Marketing,Ahmedabad,30k-50k,44,2026-03-13,18.0,2,N,,0
LD17024,LinkedIn,Business Analytics,Mumbai,30k-50k,66,2026-07-23,6.3,1,Y,2026-08-02,40726
LD17025,Google Ads,Digital Marketing,Delhi NCR,15k-30k,44,2026-06-12,22.0,4,N,,0
LD17026,Google Ads,Python for Data Analysis,Hyderabad,30k-50k,49,2025-12-09,8.0,4,N,,0
LD17027,Referral,Python for Data Analysis,Chennai,<15k,48,2025-12-04,7.3,3,N,,0
LD17028,Walk-in,Power BI & Tableau,Ahmedabad,30k-50k,15,2026-05-13,27.2,3,N,,0
LD17029,Organic Search,Business Analytics,Delhi NCR,30k-50k,67,2025-12-05,38.3,2,N,,0
LD17030,Instagram Ads,Power BI & Tableau,Bengaluru,15k-30k,90,2026-05-11,37.5,2,N,,0
LD17031,Google Ads,Digital Marketing,Ahmedabad,15k-30k,20,2026-06-23,9.1,1,N,,0
LD17032,Google Ads,Power BI & Tableau,Mumbai,<15k,50,2025-12-02,3.4,4,N,,0
LD17033,Google Ads,Business Analytics,Mumbai,<15k,95,2025-12-28,3.0,1,N,,0
LD17034,Walk-in,Python for Data Analysis,Hyderabad,<15k,60,2026-03-09,2.4,4,N,,0
LD17035,Instagram Ads,Full Stack Development,Mumbai,15k-30k,48,2026-05-22,5.6,4,N,,0
LD17036,Organic Search,Full Stack Development,Kolkata,15k-30k,30,2026-07-15,4.9,6,N,,0
LD17037,Organic Search,Data Science Bootcamp,Pune,50k+,49,2026-02-08,6.2,2,N,,0
LD17038,Instagram Ads,Power BI & Tableau,Chennai,<15k,43,2026-07-17,1.9,3,N,,0
LD17039,LinkedIn,Business Analytics,Ahmedabad,50k+,62,2026-04-13,13.5,2,N,,0
LD17040,Organic Search,Business Analytics,Delhi NCR,<15k,32,2026-02-19,12.9,3,N,,0
LD17041,Walk-in,Power BI & Tableau,Pune,50k+,55,2025-12-02,9.9,1,N,,0
LD17042,Organic Search,Digital Marketing,Chennai,<15k,0,2026-04-05,28.7,3,N,,0
LD17043,Instagram Ads,Business Analytics,Ahmedabad,<15k,31,2025-11-10,44.4,2,N,,0
LD17044,Instagram Ads,Full Stack Development,Kolkata,30k-50k,29,2025-12-11,3.6,1,N,,0
LD17045,Google Ads,Digital Marketing,Chennai,15k-30k,15,2026-02-09,32.1,2,N,,0
LD17046,Instagram Ads,Full Stack Development,Ahmedabad,15k-30k,36,2026-07-28,13.8,2,Y,2026-08-01,23272
LD17047,Walk-in,Power BI & Tableau,Hyderabad,<15k,55,2026-01-21,17.6,4,N,,0
LD17048,LinkedIn,Power BI & Tableau,Chennai,<15k,83,2026-03-12,9.8,2,N,,0
LD17049,LinkedIn,Python for Data Analysis,Mumbai,50k+,73,2026-06-03,34.8,2,N,,0
LD17050,Referral,Digital Marketing,Kolkata,30k-50k,74,2025-12-08,15.9,5,N,,0
LD17051,Instagram Ads,Python for Data Analysis,Ahmedabad,<15k,72,2026-04-09,2.9,3,N,,0
LD17052,Walk-in,Python for Data Analysis,Pune,50k+,46,2025-11-13,12.1,3,N,,0
LD17053,Google Ads,Power BI & Tableau,Hyderabad,50k+,59,2026-07-02,19.9,3,N,,0
LD17054,Instagram Ads,Digital Marketing,Mumbai,15k-30k,34,2026-06-30,34.1,3,Y,2026-07-12,21262
LD17055,Organic Search,Python for Data Analysis,Delhi NCR,15k-30k,52,2025-12-28,1.2,3,N,,0
LD17056,Instagram Ads,Python for Data Analysis,Delhi NCR,50k+,22,2026-06-11,13.7,5,N,,0
LD17057,Instagram Ads,Digital Marketing,Bengaluru,<15k,87,2026-03-13,2.6,4,Y,2026-03-26,11624
LD17058,Organic Search,Full Stack Development,Hyderabad,<15k,24,2025-12-03,97.5,2,N,,0
LD17059,Organic Search,Data Science Bootcamp,Ahmedabad,30k-50k,25,2026-02-03,6.3,2,N,,0
LD17060,Google Ads,Business Analytics,Mumbai,<15k,90,2026-06-25,6.8,2,N,,0
LD17061,Instagram Ads,Full Stack Development,Pune,30k-50k,40,2026-02-21,24.5,2,N,,0
LD17062,LinkedIn,Data Science Bootcamp,Kolkata,<15k,35,2026-04-05,8.3,2,N,,0
LD17063,Google Ads,Full Stack Development,Delhi NCR,30k-50k,100,2026-04-03,16.5,2,N,,0
LD17064,Google Ads,Business Analytics,Kolkata,30k-50k,62,2026-07-03,1.2,1,N,,0
LD17065,Organic Search,Digital Marketing,Ahmedabad,30k-50k,41,2026-06-01,47.6,5,N,,0
LD17066,Instagram Ads,Power BI & Tableau,Ahmedabad,30k-50k,42,2026-03-09,0.8,6,N,,0
LD17067,Instagram Ads,Business Analytics,Ahmedabad,30k-50k,36,2026-05-15,1.9,1,Y,2026-05-30,41124
LD17068,Referral,Digital Marketing,Pune,30k-50k,53,2026-04-14,9.3,3,Y,2026-04-17,39958
LD17069,Google Ads,Power BI & Tableau,Bengaluru,<15k,46,2026-05-27,30.8,5,N,,0
LD17070,Google Ads,Business Analytics,Hyderabad,15k-30k,50,2026-03-17,13.8,3,N,,0
LD17071,Google Ads,Python for Data Analysis,Hyderabad,50k+,76,2026-03-05,31.1,3,N,,0
LD17072,Instagram Ads,Business Analytics,Mumbai,30k-50k,57,2026-03-02,15.5,2,Y,2026-03-04,36058
LD17073,Google Ads,Full Stack Development,Hyderabad,50k+,28,2026-03-02,21.5,5,N,,0
LD17074,Instagram Ads,Python for Data Analysis,Chennai,<15k,53,2026-06-24,59.4,3,N,,0
LD17075,Organic Search,Power BI & Tableau,Delhi NCR,30k-50k,43,2026-01-27,4.7,3,N,,0
LD17076,Walk-in,Digital Marketing,Delhi NCR,<15k,24,2026-06-06,8.3,3,N,,0
LD17077,LinkedIn,Business Analytics,Ahmedabad,50k+,60,2026-04-30,6.9,2,N,,0
LD17078,Google Ads,Business Analytics,Hyderabad,50k+,51,2026-02-19,100.0,2,N,,0
LD17079,Google Ads,Data Science Bootcamp,Mumbai,15k-30k,74,2026-01-02,19.5,1,N,,0
LD17080,Organic Search,Full Stack Development,Mumbai,<15k,29,2026-02-15,5.6,2,N,,0
LD17081,Google Ads,Power BI & Tableau,Kolkata,30k-50k,44,2026-03-27,7.4,5,Y,2026-03-29,41061
LD17082,Referral,Power BI & Tableau,Hyderabad,<15k,56,2026-07-19,28.8,2,N,,0
LD17083,Instagram Ads,Power BI & Tableau,Ahmedabad,15k-30k,79,2026-06-30,10.0,4,Y,2026-07-03,20184
LD17084,Organic Search,Power BI & Tableau,Delhi NCR,<15k,76,2026-05-19,4.3,1,N,,0
LD17085,Instagram Ads,Digital Marketing,Bengaluru,<15k,58,2026-04-25,33.6,0,N,,0
LD17086,LinkedIn,Full Stack Development,Hyderabad,15k-30k,44,2026-06-24,1.6,2,N,,0
LD17087,Google Ads,Python for Data Analysis,Bengaluru,50k+,63,2026-05-12,16.0,4,N,,0
LD17088,Referral,Digital Marketing,Pune,30k-50k,57,2026-04-05,11.1,3,N,,0
LD17089,Referral,Power BI & Tableau,Kolkata,50k+,68,2026-06-05,3.7,3,Y,2026-06-06,60647
LD17090,Walk-in,Power BI & Tableau,Mumbai,15k-30k,60,2026-05-12,26.3,2,N,,0
LD17091,LinkedIn,Digital Marketing,Chennai,<15k,76,2026-04-02,8.7,3,N,,0
LD17092,Referral,Full Stack Development,Ahmedabad,<15k,65,2025-12-03,4.8,8,N,,0
LD17093,Walk-in,Full Stack Development,Chennai,<15k,46,2026-04-01,18.6,6,N,,0
LD17094,Google Ads,Business Analytics,Kolkata,15k-30k,25,2025-12-22,37.4,3,N,,0
LD17095,Google Ads,Data Science Bootcamp,Hyderabad,<15k,65,2026-04-17,4.1,2,N,,0
LD17096,Instagram Ads,Power BI & Tableau,Hyderabad,15k-30k,47,2026-04-06,6.9,1,N,,0
LD17097,Google Ads,Data Science Bootcamp,Pune,15k-30k,23,2025-11-14,9.1,5,N,,0
LD17098,LinkedIn,Power BI & Tableau,Delhi NCR,50k+,65,2026-04-04,1.3,3,N,,0
LD17099,Instagram Ads,Business Analytics,Chennai,30k-50k,51,2025-12-21,42.5,1,N,,0
LD17100,Google Ads,Data Science Bootcamp,Kolkata,15k-30k,51,2026-03-09,27.6,3,N,,0
LD17101,Organic Search,Data Science Bootcamp,Chennai,<15k,79,2026-07-02,17.4,1,N,,0
LD17102,Instagram Ads,Power BI & Tableau,Hyderabad,<15k,11,2025-12-02,4.0,5,N,,0
LD17103,Google Ads,Data Science Bootcamp,Chennai,30k-50k,67,2026-07-13,11.1,3,N,,0
LD17104,LinkedIn,Data Science Bootcamp,Delhi NCR,15k-30k,40,2025-12-19,14.6,3,N,,0
LD17105,Referral,Business Analytics,Mumbai,50k+,66,2025-11-05,33.1,3,N,,0
LD17106,Referral,Python for Data Analysis,Chennai,<15k,50,2026-06-02,18.3,1,N,,0
LD17107,Google Ads,Full Stack Development,Mumbai,50k+,44,2026-01-05,11.8,2,N,,0
LD17108,Google Ads,Python for Data Analysis,Pune,50k+,33,2026-05-11,15.5,2,N,,0
LD17109,Walk-in,Python for Data Analysis,Mumbai,<15k,45,2026-06-30,78.7,5,N,,0
LD17110,Referral,Full Stack Development,Kolkata,30k-50k,45,2026-03-01,23.1,1,N,,0
LD17111,Google Ads,Power BI & Tableau,Mumbai,15k-30k,48,2026-06-08,19.8,4,N,,0
LD17112,Organic Search,Digital Marketing,Bengaluru,15k-30k,74,2026-04-14,12.0,0,N,,0
LD17113,Google Ads,Full Stack Development,Chennai,<15k,68,2026-02-17,25.3,2,N,,0
LD17114,Referral,Power BI & Tableau,Kolkata,30k-50k,13,2025-11-12,27.1,2,N,,0
LD17115,Instagram Ads,Data Science Bootcamp,Delhi NCR,30k-50k,44,2026-06-23,9.5,3,N,,0
LD17116,Google Ads,Python for Data Analysis,Hyderabad,15k-30k,34,2025-11-06,18.2,2,N,,0
LD17117,Instagram Ads,Full Stack Development,Kolkata,30k-50k,81,2026-02-27,0.9,6,Y,2026-03-02,37048
LD17118,LinkedIn,Python for Data Analysis,Ahmedabad,15k-30k,61,2026-02-21,1.9,3,N,,0
LD17119,Google Ads,Power BI & Tableau,Chennai,15k-30k,28,2026-06-22,7.3,2,N,,0
LD17120,Organic Search,Digital Marketing,Hyderabad,<15k,68,2026-01-25,25.9,2,N,,0
LD17121,LinkedIn,Python for Data Analysis,Mumbai,30k-50k,58,2026-01-09,10.8,1,N,,0
LD17122,Instagram Ads,Python for Data Analysis,Pune,<15k,83,2025-12-01,0.1,5,N,,0
LD17123,Instagram Ads,Power BI & Tableau,Ahmedabad,15k-30k,47,2025-11-27,37.5,3,N,,0
LD17124,Instagram Ads,Python for Data Analysis,Ahmedabad,15k-30k,29,2025-12-15,8.6,3,N,,0
LD17125,Referral,Data Science Bootcamp,Kolkata,15k-30k,74,2025-12-09,10.9,3,N,,0
LD17126,Google Ads,Full Stack Development,Kolkata,50k+,36,2026-01-08,17.6,2,N,,0
LD17127,Walk-in,Data Science Bootcamp,Mumbai,30k-50k,62,2025-11-24,9.9,6,N,,0
LD17128,Google Ads,Digital Marketing,Hyderabad,15k-30k,67,2026-01-22,2.8,7,N,,0
LD17129,LinkedIn,Python for Data Analysis,Delhi NCR,30k-50k,47,2026-02-19,11.0,6,N,,0
LD17130,Walk-in,Data Science Bootcamp,Hyderabad,50k+,73,2025-12-16,17.6,7,N,,0
LD17131,Instagram Ads,Data Science Bootcamp,Ahmedabad,<15k,91,2026-04-16,7.5,5,N,,0
LD17132,Organic Search,Digital Marketing,Chennai,15k-30k,0,2026-01-27,13.2,4,N,,0
LD17133,Walk-in,Power BI & Tableau,Kolkata,30k-50k,2,2025-11-07,21.8,2,N,,0
LD17134,LinkedIn,Digital Marketing,Chennai,<15k,18,2025-11-15,69.7,3,N,,0
LD17135,Instagram Ads,Data Science Bootcamp,Mumbai,<15k,52,2026-02-14,5.9,0,N,,0
LD17136,Instagram Ads,Full Stack Development,Pune,<15k,68,2026-01-26,7.0,6,N,,0
LD17137,Referral,Python for Data Analysis,Bengaluru,15k-30k,51,2026-02-20,10.8,4,N,,0
LD17138,Instagram Ads,Digital Marketing,Ahmedabad,15k-30k,55,2026-01-27,1.7,2,N,,0
LD17139,Google Ads,Python for Data Analysis,Kolkata,15k-30k,52,2026-02-10,6.5,2,N,,0
LD17140,Google Ads,Business Analytics,Delhi NCR,<15k,45,2026-06-13,10.5,1,N,,0
LD17141,Google Ads,Full Stack Development,Delhi NCR,30k-50k,48,2025-12-03,9.0,3,N,,0
LD17142,Google Ads,Python for Data Analysis,Mumbai,<15k,39,2025-12-25,21.3,2,N,,0
LD17143,Google Ads,Power BI & Tableau,Mumbai,30k-50k,71,2026-05-24,0.3,3,N,,0
LD17144,Google Ads,Data Science Bootcamp,Bengaluru,50k+,39,2026-04-08,9.4,4,N,,0
LD17145,Instagram Ads,Python for Data Analysis,Kolkata,50k+,45,2026-03-14,1.2,2,N,,0
LD17146,Organic Search,Digital Marketing,Pune,<15k,17,2026-05-24,3.9,3,N,,0
LD17147,Instagram Ads,Business Analytics,Ahmedabad,30k-50k,57,2026-02-13,46.8,2,N,,0
LD17148,LinkedIn,Digital Marketing,Chennai,30k-50k,68,2025-12-01,8.9,6,Y,2025-12-11,42799
LD17149,Organic Search,Data Science Bootcamp,Chennai,15k-30k,84,2025-11-16,5.9,2,N,,0
LD17150,Google Ads,Power BI & Tableau,Pune,50k+,27,2026-03-06,8.0,4,N,,0
LD17151,Referral,Python for Data Analysis,Ahmedabad,<15k,53,2026-02-19,45.5,4,N,,0
LD17152,Walk-in,Digital Marketing,Bengaluru,15k-30k,39,2026-03-12,13.3,5,N,,0
LD17153,Organic Search,Full Stack Development,Hyderabad,50k+,70,2026-02-19,1.1,1,N,,0
LD17154,Instagram Ads,Data Science Bootcamp,Delhi NCR,50k+,44,2026-01-02,8.8,2,N,,0
LD17155,Google Ads,Full Stack Development,Mumbai,<15k,30,2026-06-29,42.3,4,N,,0
LD17156,Referral,Digital Marketing,Hyderabad,15k-30k,66,2026-01-12,19.0,1,N,,0
LD17157,Google Ads,Power BI & Tableau,Mumbai,50k+,30,2026-07-21,73.5,0,N,,0
LD17158,Instagram Ads,Power BI & Tableau,Ahmedabad,50k+,58,2026-05-03,19.9,5,N,,0
LD17159,LinkedIn,Full Stack Development,Mumbai,30k-50k,52,2026-01-06,4.3,1,N,,0
LD17160,Walk-in,Full Stack Development,Mumbai,15k-30k,74,2026-03-31,36.7,9,N,,0
LD17161,Instagram Ads,Python for Data Analysis,Ahmedabad,30k-50k,60,2026-06-02,18.1,6,N,,0
LD17162,LinkedIn,Python for Data Analysis,Delhi NCR,<15k,69,2026-01-22,7.1,3,N,,0
LD17163,Google Ads,Data Science Bootcamp,Bengaluru,15k-30k,54,2026-02-19,1.5,4,Y,2026-03-09,23855
LD17164,LinkedIn,Power BI & Tableau,Hyderabad,<15k,51,2025-11-22,3.1,4,N,,0
LD17165,Walk-in,Digital Marketing,Kolkata,15k-30k,66,2026-04-22,3.1,7,Y,2026-04-28,22721
LD17166,Organic Search,Data Science Bootcamp,Pune,15k-30k,45,2025-12-25,20.0,2,N,,0
LD17167,LinkedIn,Python for Data Analysis,Chennai,15k-30k,76,2026-07-22,39.9,4,N,,0
LD17168,Organic Search,Digital Marketing,Bengaluru,15k-30k,73,2026-02-09,13.5,3,N,,0
LD17169,Referral,Digital Marketing,Pune,<15k,42,2026-07-26,2.4,1,N,,0
LD17170,Instagram Ads,Business Analytics,Bengaluru,<15k,66,2026-06-01,4.6,3,N,,0
LD17171,Google Ads,Full Stack Development,Ahmedabad,30k-50k,64,2026-03-26,2.4,4,N,,0
LD17172,Instagram Ads,Python for Data Analysis,Bengaluru,15k-30k,91,2026-02-23,17.6,2,N,,0
LD17173,Instagram Ads,Digital Marketing,Hyderabad,30k-50k,56,2026-07-06,39.9,6,N,,0
LD17174,Walk-in,Data Science Bootcamp,Ahmedabad,<15k,39,2026-03-03,62.9,3,N,,0
LD17175,LinkedIn,Full Stack Development,Hyderabad,30k-50k,71,2025-10-31,40.8,1,N,,0
LD17176,Walk-in,Power BI & Tableau,Pune,15k-30k,77,2026-03-06,7.4,4,Y,2026-03-10,21845
LD17177,Google Ads,Digital Marketing,Mumbai,30k-50k,63,2026-06-14,41.8,1,N,,0
LD17178,LinkedIn,Power BI & Tableau,Bengaluru,<15k,41,2026-01-17,23.1,0,N,,0
LD17179,LinkedIn,Power BI & Tableau,Delhi NCR,50k+,73,2026-07-23,19.1,2,Y,2026-07-30,61530
LD17180,Walk-in,Data Science Bootcamp,Pune,15k-30k,55,2025-10-31,1.2,3,N,,0
LD17181,Instagram Ads,Digital Marketing,Bengaluru,50k+,51,2026-07-12,28.9,2,N,,0
LD17182,Referral,Power BI & Tableau,Pune,50k+,81,2026-03-11,19.0,3,N,,0
LD17183,Google Ads,Full Stack Development,Delhi NCR,50k+,33,2026-04-12,48.2,2,N,,0
LD17184,Referral,Power BI & Tableau,Mumbai,50k+,69,2026-06-17,15.0,5,N,,0
LD17185,LinkedIn,Business Analytics,Chennai,15k-30k,38,2026-02-11,0.9,2,N,,0
LD17186,Google Ads,Data Science Bootcamp,Delhi NCR,50k+,43,2026-02-03,12.8,4,Y,2026-02-28,67368
LD17187,Instagram Ads,Business Analytics,Delhi NCR,15k-30k,51,2026-04-21,11.6,2,N,,0
LD17188,Organic Search,Data Science Bootcamp,Mumbai,30k-50k,46,2026-04-08,11.6,2,N,,0
LD17189,Instagram Ads,Business Analytics,Hyderabad,50k+,38,2026-03-19,5.9,3,N,,0
LD17190,Instagram Ads,Data Science Bootcamp,Bengaluru,<15k,44,2025-11-12,2.7,1,N,,0
LD17191,Instagram Ads,Business Analytics,Kolkata,30k-50k,32,2026-05-20,0.2,3,N,,0
LD17192,Referral,Power BI & Tableau,Hyderabad,50k+,45,2026-04-02,59.8,2,N,,0
LD17193,Instagram Ads,Full Stack Development,Mumbai,50k+,5,2026-01-21,21.4,4,N,,0
LD17194,Google Ads,Data Science Bootcamp,Bengaluru,50k+,76,2026-02-15,54.7,5,N,,0
LD17195,Referral,Business Analytics,Ahmedabad,50k+,42,2025-12-03,8.3,2,N,,0
LD17196,Referral,Full Stack Development,Bengaluru,15k-30k,73,2025-12-08,26.2,5,N,,0
LD17197,Google Ads,Business Analytics,Bengaluru,<15k,40,2026-03-31,6.9,1,N,,0
LD17198,Google Ads,Power BI & Tableau,Mumbai,30k-50k,52,2026-01-15,4.2,1,N,,0
LD17199,LinkedIn,Python for Data Analysis,Pune,50k+,28,2026-02-25,2.5,2,N,,0
LD17200,Organic Search,Data Science Bootcamp,Mumbai,30k-50k,16,2026-04-15,32.9,1,N,,0
LD17201,Google Ads,Python for Data Analysis,Bengaluru,<15k,56,2026-07-19,30.8,5,N,,0
LD17202,Walk-in,Digital Marketing,Ahmedabad,50k+,36,2026-01-25,20.2,3,N,,0
LD17203,Instagram Ads,Power BI & Tableau,Bengaluru,30k-50k,29,2026-05-05,46.0,2,N,,0
LD17204,Referral,Data Science Bootcamp,Ahmedabad,<15k,83,2026-02-01,4.5,2,N,,0
LD17205,Instagram Ads,Business Analytics,Chennai,15k-30k,60,2026-01-10,10.7,1,N,,0
LD17206,Instagram Ads,Power BI & Tableau,Bengaluru,<15k,78,2026-05-24,4.3,3,N,,0
LD17207,Organic Search,Python for Data Analysis,Ahmedabad,15k-30k,61,2026-03-03,4.2,3,N,,0
LD17208,Organic Search,Data Science Bootcamp,Bengaluru,15k-30k,53,2026-01-06,1.7,3,Y,2026-01-17,23077
LD17209,Google Ads,Full Stack Development,Pune,50k+,36,2026-07-26,10.8,1,N,,0
LD17210,Walk-in,Business Analytics,Hyderabad,<15k,48,2026-02-01,5.5,4,N,,0
LD17211,Referral,Business Analytics,Bengaluru,50k+,79,2026-03-05,8.2,0,Y,2026-03-06,60043
LD17212,Organic Search,Full Stack Development,Hyderabad,50k+,47,2026-04-12,28.5,0,N,,0
LD17213,Referral,Full Stack Development,Ahmedabad,50k+,42,2025-11-04,13.1,5,N,,0
LD17214,Instagram Ads,Business Analytics,Hyderabad,15k-30k,82,2026-05-07,4.3,4,N,,0
LD17215,Referral,Data Science Bootcamp,Chennai,30k-50k,43,2026-04-25,5.1,4,N,,0
LD17216,Google Ads,Full Stack Development,Kolkata,30k-50k,65,2025-10-31,64.5,4,N,,0
LD17217,Google Ads,Data Science Bootcamp,Hyderabad,50k+,59,2026-03-10,7.1,1,Y,2026-03-12,59768
LD17218,Google Ads,Power BI & Tableau,Hyderabad,15k-30k,89,2026-07-04,16.3,5,N,,0
LD17219,Walk-in,Python for Data Analysis,Ahmedabad,<15k,47,2026-05-02,9.1,4,N,,0
LD17220,LinkedIn,Digital Marketing,Mumbai,30k-50k,50,2026-02-20,15.2,2,N,,0
LD17221,Referral,Python for Data Analysis,Pune,<15k,53,2026-07-02,48.1,3,N,,0
LD17222,Referral,Business Analytics,Delhi NCR,30k-50k,21,2026-05-11,4.3,3,N,,0
LD17223,Google Ads,Business Analytics,Chennai,15k-30k,90,2026-05-27,14.6,1,N,,0
LD17224,Walk-in,Business Analytics,Kolkata,<15k,35,2026-03-26,4.5,4,N,,0
LD17225,Instagram Ads,Data Science Bootcamp,Chennai,15k-30k,33,2026-06-02,22.0,3,N,,0
LD17226,Google Ads,Business Analytics,Delhi NCR,15k-30k,31,2026-04-26,42.8,2,N,,0
LD17227,Organic Search,Data Science Bootcamp,Bengaluru,15k-30k,91,2025-11-21,4.1,4,N,,0
LD17228,Instagram Ads,Power BI & Tableau,Delhi NCR,30k-50k,46,2025-11-08,8.3,3,N,,0
LD17229,LinkedIn,Full Stack Development,Ahmedabad,50k+,31,2026-06-15,24.0,2,N,,0
LD17230,Walk-in,Business Analytics,Bengaluru,50k+,59,2026-05-02,38.4,2,N,,0
LD17231,Walk-in,Business Analytics,Kolkata,15k-30k,69,2026-05-02,56.3,4,N,,0
LD17232,Walk-in,Full Stack Development,Chennai,30k-50k,38,2026-02-04,3.1,10,N,,0
LD17233,Organic Search,Data Science Bootcamp,Pune,15k-30k,100,2026-06-09,35.4,2,N,,0
LD17234,Instagram Ads,Python for Data Analysis,Hyderabad,50k+,60,2026-06-13,3.2,2,N,,0
LD17235,Instagram Ads,Full Stack Development,Delhi NCR,50k+,70,2026-02-05,25.5,4,N,,0
LD17236,Walk-in,Full Stack Development,Pune,<15k,68,2025-12-18,24.8,1,N,,0
LD17237,Instagram Ads,Digital Marketing,Chennai,30k-50k,46,2026-05-28,6.8,2,N,,0
LD17238,Instagram Ads,Power BI & Tableau,Hyderabad,30k-50k,57,2026-05-09,29.2,3,N,,0
LD17239,LinkedIn,Python for Data Analysis,Pune,<15k,55,2025-11-02,5.4,4,N,,0
LD17240,Instagram Ads,Data Science Bootcamp,Hyderabad,<15k,1,2026-03-06,16.5,3,N,,0
LD17241,Google Ads,Digital Marketing,Pune,<15k,55,2026-07-13,88.1,7,N,,0
LD17242,Google Ads,Python for Data Analysis,Delhi NCR,50k+,42,2026-03-01,1.9,5,N,,0
LD17243,Google Ads,Full Stack Development,Delhi NCR,50k+,72,2025-12-30,30.8,2,N,,0
LD17244,Referral,Python for Data Analysis,Kolkata,50k+,74,2025-11-05,4.8,6,Y,2025-11-06,60639
LD17245,Instagram Ads,Business Analytics,Ahmedabad,15k-30k,52,2026-01-15,18.4,5,N,,0
LD17246,Instagram Ads,Python for Data Analysis,Bengaluru,<15k,70,2026-07-09,22.9,7,N,,0
LD17247,Referral,Power BI & Tableau,Delhi NCR,30k-50k,33,2026-02-05,58.2,3,Y,2026-02-08,41163
LD17248,LinkedIn,Python for Data Analysis,Bengaluru,30k-50k,50,2025-11-24,29.9,1,N,,0
LD17249,Google Ads,Power BI & Tableau,Ahmedabad,15k-30k,73,2026-04-16,8.4,1,N,,0
LD17250,Organic Search,Full Stack Development,Hyderabad,<15k,14,2026-01-21,3.7,1,N,,0
LD17251,Instagram Ads,Power BI & Tableau,Ahmedabad,<15k,91,2026-05-14,1.6,3,N,,0
LD17252,Google Ads,Digital Marketing,Hyderabad,15k-30k,65,2026-01-02,12.1,2,N,,0
LD17253,Google Ads,Python for Data Analysis,Bengaluru,30k-50k,71,2026-03-14,33.3,4,N,,0
LD17254,Google Ads,Data Science Bootcamp,Mumbai,50k+,55,2026-02-07,0.6,1,N,,0
LD17255,Referral,Python for Data Analysis,Mumbai,15k-30k,61,2026-01-15,0.1,3,N,,0
LD17256,Referral,Digital Marketing,Delhi NCR,15k-30k,32,2026-07-04,3.0,3,N,,0
LD17257,Referral,Power BI & Tableau,Kolkata,30k-50k,47,2026-05-12,26.5,4,N,,0
LD17258,Instagram Ads,Digital Marketing,Bengaluru,50k+,40,2025-12-27,22.2,6,Y,2026-01-07,70339
LD17259,Instagram Ads,Power BI & Tableau,Hyderabad,15k-30k,66,2025-12-23,28.6,3,N,,0
LD17260,Referral,Business Analytics,Chennai,50k+,48,2026-06-12,24.9,1,N,,0
LD17261,Instagram Ads,Digital Marketing,Pune,50k+,79,2026-02-16,13.9,3,N,,0
LD17262,Google Ads,Business Analytics,Pune,<15k,62,2026-06-25,4.6,4,Y,2026-07-16,11959
LD17263,Organic Search,Data Science Bootcamp,Mumbai,15k-30k,42,2026-04-04,19.4,5,N,,0
LD17264,Instagram Ads,Full Stack Development,Pune,50k+,40,2026-03-14,36.7,1,N,,0
LD17265,LinkedIn,Data Science Bootcamp,Chennai,30k-50k,51,2026-03-30,3.5,2,N,,0
LD17266,Instagram Ads,Data Science Bootcamp,Mumbai,15k-30k,65,2026-04-29,0.6,2,N,,0
LD17267,Instagram Ads,Data Science Bootcamp,Bengaluru,<15k,32,2026-04-03,17.1,3,N,,0
LD17268,Google Ads,Data Science Bootcamp,Mumbai,50k+,40,2026-05-05,8.8,7,N,,0
LD17269,Google Ads,Digital Marketing,Ahmedabad,50k+,42,2026-04-03,38.1,2,N,,0
LD17270,Google Ads,Business Analytics,Bengaluru,<15k,10,2025-11-17,43.9,1,N,,0
LD17271,Instagram Ads,Data Science Bootcamp,Hyderabad,<15k,82,2025-12-05,16.4,5,Y,2025-12-06,12862
LD17272,Instagram Ads,Digital Marketing,Kolkata,<15k,42,2025-11-17,20.4,4,N,,0
LD17273,Referral,Data Science Bootcamp,Hyderabad,<15k,54,2026-01-09,44.6,1,N,,0
LD17274,Organic Search,Python for Data Analysis,Mumbai,15k-30k,26,2026-04-04,1.4,5,N,,0
LD17275,Instagram Ads,Business Analytics,Mumbai,50k+,50,2026-01-01,41.9,2,N,,0
LD17276,LinkedIn,Python for Data Analysis,Bengaluru,50k+,64,2026-03-22,5.0,6,N,,0
LD17277,Instagram Ads,Python for Data Analysis,Chennai,<15k,61,2026-06-01,3.6,0,Y,2026-06-04,11878
LD17278,Walk-in,Digital Marketing,Kolkata,<15k,44,2025-12-22,7.1,2,Y,2025-12-26,10938
LD17279,Referral,Python for Data Analysis,Kolkata,30k-50k,35,2026-05-04,12.2,3,N,,0
LD17280,LinkedIn,Business Analytics,Bengaluru,<15k,76,2026-07-28,12.1,3,N,,0
LD17281,Google Ads,Data Science Bootcamp,Mumbai,30k-50k,75,2026-05-08,18.5,3,N,,0
LD17282,Referral,Business Analytics,Hyderabad,50k+,41,2026-03-25,6.3,4,N,,0
LD17283,Referral,Data Science Bootcamp,Ahmedabad,15k-30k,54,2026-01-08,4.2,1,N,,0
LD17284,Instagram Ads,Data Science Bootcamp,Hyderabad,<15k,86,2026-04-01,17.5,2,N,,0
LD17285,Instagram Ads,Digital Marketing,Chennai,<15k,55,2026-03-03,26.7,6,N,,0
LD17286,LinkedIn,Full Stack Development,Chennai,30k-50k,31,2026-07-14,10.5,4,N,,0
LD17287,Instagram Ads,Power BI & Tableau,Delhi NCR,15k-30k,51,2026-04-23,81.7,1,N,,0
LD17288,Referral,Business Analytics,Mumbai,<15k,63,2026-07-15,44.7,3,N,,0
LD17289,Instagram Ads,Full Stack Development,Bengaluru,30k-50k,26,2025-11-14,19.9,2,N,,0
LD17290,Google Ads,Data Science Bootcamp,Mumbai,30k-50k,44,2026-07-14,10.7,3,N,,0
LD17291,Referral,Digital Marketing,Delhi NCR,15k-30k,38,2026-02-26,0.4,1,N,,0
LD17292,Instagram Ads,Python for Data Analysis,Bengaluru,50k+,39,2026-07-29,38.8,2,N,,0
LD17293,Referral,Python for Data Analysis,Kolkata,30k-50k,31,2026-01-13,17.0,3,N,,0
LD17294,Instagram Ads,Power BI & Tableau,Delhi NCR,30k-50k,52,2026-05-04,14.5,1,N,,0
LD17295,LinkedIn,Power BI & Tableau,Kolkata,30k-50k,71,2026-03-07,1.0,6,N,,0
LD17296,Organic Search,Python for Data Analysis,Pune,50k+,8,2026-02-06,0.2,0,N,,0
LD17297,LinkedIn,Full Stack Development,Hyderabad,<15k,59,2026-05-26,27.0,3,N,,0
LD17298,Walk-in,Data Science Bootcamp,Delhi NCR,15k-30k,27,2026-06-29,11.6,2,N,,0
LD17299,Referral,Full Stack Development,Pune,<15k,65,2025-12-31,22.6,3,N,,0
LD17300,Google Ads,Full Stack Development,Pune,<15k,60,2026-01-14,16.1,3,N,,0
LD17301,Instagram Ads,Business Analytics,Ahmedabad,15k-30k,66,2026-02-22,8.9,4,N,,0
LD17302,Google Ads,Power BI & Tableau,Bengaluru,30k-50k,83,2026-03-02,1.4,1,Y,2026-03-05,40583
LD17303,Walk-in,Business Analytics,Pune,50k+,71,2025-11-01,1.7,6,N,,0
LD17304,Referral,Data Science Bootcamp,Hyderabad,30k-50k,59,2025-12-23,7.4,4,N,,0
LD17305,Google Ads,Python for Data Analysis,Chennai,30k-50k,69,2025-11-22,1.6,2,Y,2025-12-05,36002
LD17306,LinkedIn,Business Analytics,Mumbai,50k+,39,2026-04-05,1.2,4,Y,2026-04-09,65486
LD17307,LinkedIn,Digital Marketing,Kolkata,15k-30k,41,2025-11-06,14.1,5,N,,0
LD17308,LinkedIn,Digital Marketing,Mumbai,15k-30k,71,2026-05-20,1.2,7,N,,0
LD17309,Instagram Ads,Digital Marketing,Bengaluru,50k+,43,2026-07-25,1.3,5,N,,0
LD17310,Google Ads,Data Science Bootcamp,Hyderabad,30k-50k,63,2026-02-23,12.3,1,N,,0
LD17311,Instagram Ads,Business Analytics,Pune,<15k,54,2025-11-20,29.1,3,N,,0
LD17312,LinkedIn,Power BI & Tableau,Hyderabad,30k-50k,43,2026-01-07,16.5,4,N,,0
LD17313,Referral,Power BI & Tableau,Kolkata,<15k,56,2025-12-14,8.3,1,N,,0
LD17314,Google Ads,Data Science Bootcamp,Chennai,15k-30k,44,2026-01-23,15.4,5,N,,0
LD17315,Walk-in,Digital Marketing,Delhi NCR,<15k,62,2026-04-19,3.6,4,N,,0
LD17316,Instagram Ads,Full Stack Development,Hyderabad,50k+,49,2025-11-26,22.5,0,N,,0
LD17317,Referral,Data Science Bootcamp,Ahmedabad,<15k,5,2026-03-11,11.2,8,N,,0
LD17318,Google Ads,Power BI & Tableau,Mumbai,15k-30k,71,2026-06-08,16.3,1,N,,0
LD17319,Referral,Data Science Bootcamp,Kolkata,30k-50k,59,2026-04-10,16.2,1,N,,0
LD17320,Google Ads,Python for Data Analysis,Bengaluru,<15k,51,2026-04-19,8.9,2,N,,0
LD17321,Organic Search,Data Science Bootcamp,Mumbai,15k-30k,51,2026-01-30,44.4,1,Y,2026-02-16,22909
LD17322,Google Ads,Power BI & Tableau,Ahmedabad,15k-30k,45,2026-01-07,8.5,2,N,,0
LD17323,Instagram Ads,Data Science Bootcamp,Hyderabad,<15k,38,2025-11-29,23.3,1,N,,0
LD17324,Google Ads,Full Stack Development,Mumbai,15k-30k,100,2026-01-04,25.5,4,Y,2026-01-12,20264
LD17325,Referral,Business Analytics,Hyderabad,50k+,60,2026-02-01,23.0,1,N,,0
LD17326,LinkedIn,Digital Marketing,Pune,<15k,58,2025-11-14,38.6,7,N,,0
LD17327,Instagram Ads,Data Science Bootcamp,Chennai,30k-50k,64,2026-01-30,3.9,5,N,,0
LD17328,Instagram Ads,Data Science Bootcamp,Kolkata,50k+,44,2026-06-04,33.2,4,N,,0
LD17329,Google Ads,Python for Data Analysis,Mumbai,30k-50k,35,2026-07-15,57.3,3,N,,0
LD17330,Walk-in,Full Stack Development,Delhi NCR,30k-50k,68,2026-05-30,8.3,5,N,,0
LD17331,Organic Search,Python for Data Analysis,Delhi NCR,<15k,73,2026-04-18,35.9,1,N,,0
LD17332,LinkedIn,Full Stack Development,Pune,15k-30k,31,2026-05-27,4.5,7,N,,0
LD17333,LinkedIn,Python for Data Analysis,Mumbai,50k+,29,2026-04-19,3.7,3,N,,0
LD17334,LinkedIn,Full Stack Development,Kolkata,30k-50k,44,2026-04-07,5.2,1,N,,0
LD17335,Instagram Ads,Data Science Bootcamp,Hyderabad,<15k,42,2025-11-23,39.3,9,N,,0
LD17336,Walk-in,Digital Marketing,Bengaluru,15k-30k,59,2025-11-16,9.5,2,N,,0
LD17337,Google Ads,Digital Marketing,Mumbai,50k+,40,2025-11-09,17.9,2,N,,0
LD17338,Instagram Ads,Full Stack Development,Ahmedabad,30k-50k,35,2026-01-24,11.3,3,N,,0
LD17339,LinkedIn,Business Analytics,Mumbai,30k-50k,43,2026-06-19,6.5,2,N,,0
LD17340,LinkedIn,Digital Marketing,Hyderabad,50k+,24,2025-11-17,10.5,7,N,,0
LD17341,Instagram Ads,Python for Data Analysis,Pune,50k+,65,2025-12-04,36.2,2,N,,0
LD17342,Referral,Business Analytics,Hyderabad,30k-50k,31,2026-07-08,7.8,4,N,,0
LD17343,Organic Search,Full Stack Development,Ahmedabad,15k-30k,44,2026-02-28,55.0,2,N,,0
LD17344,Referral,Full Stack Development,Kolkata,15k-30k,75,2026-01-21,40.4,1,N,,0
LD17345,Organic Search,Python for Data Analysis,Kolkata,<15k,61,2026-04-19,29.8,2,N,,0
LD17346,Instagram Ads,Python for Data Analysis,Chennai,50k+,70,2025-11-17,21.0,4,N,,0
LD17347,Walk-in,Full Stack Development,Pune,50k+,77,2026-05-03,4.3,3,Y,2026-05-06,70387
LD17348,Referral,Business Analytics,Hyderabad,30k-50k,76,2026-04-01,0.3,2,Y,2026-04-02,41044
LD17349,Google Ads,Power BI & Tableau,Kolkata,50k+,67,2026-01-19,8.4,1,N,,0
LD17350,Organic Search,Power BI & Tableau,Delhi NCR,50k+,65,2026-02-12,15.5,2,N,,0
LD17351,Organic Search,Power BI & Tableau,Ahmedabad,30k-50k,49,2025-11-26,47.1,4,N,,0
LD17352,Instagram Ads,Python for Data Analysis,Pune,<15k,47,2026-05-24,15.2,5,N,,0
LD17353,Referral,Power BI & Tableau,Mumbai,<15k,37,2026-01-02,15.1,6,N,,0
LD17354,Walk-in,Digital Marketing,Bengaluru,<15k,62,2026-04-12,7.1,1,N,,0
LD17355,Instagram Ads,Python for Data Analysis,Delhi NCR,<15k,62,2026-04-29,10.0,4,Y,2026-05-01,12247
LD17356,Instagram Ads,Power BI & Tableau,Delhi NCR,50k+,52,2025-11-02,1.0,1,N,,0
LD17357,Organic Search,Business Analytics,Mumbai,15k-30k,75,2026-02-12,2.5,3,N,,0
LD17358,Walk-in,Digital Marketing,Mumbai,30k-50k,60,2026-06-05,23.1,3,N,,0
LD17359,Organic Search,Digital Marketing,Delhi NCR,<15k,23,2026-06-28,42.7,3,N,,0
LD17360,LinkedIn,Full Stack Development,Kolkata,50k+,39,2026-04-18,30.8,5,N,,0
LD17361,Instagram Ads,Power BI & Tableau,Hyderabad,15k-30k,18,2026-01-31,8.9,5,N,,0
LD17362,Instagram Ads,Business Analytics,Chennai,<15k,65,2026-07-13,14.9,2,N,,0
LD17363,Google Ads,Full Stack Development,Delhi NCR,50k+,45,2026-06-01,2.4,0,N,,0
LD17364,Walk-in,Power BI & Tableau,Pune,30k-50k,38,2026-03-03,5.7,4,N,,0
LD17365,Instagram Ads,Digital Marketing,Pune,30k-50k,19,2026-01-28,12.0,6,N,,0
LD17366,Instagram Ads,Data Science Bootcamp,Delhi NCR,50k+,57,2025-12-22,2.9,6,N,,0
LD17367,LinkedIn,Digital Marketing,Hyderabad,<15k,68,2025-11-28,6.9,3,N,,0
LD17368,Google Ads,Data Science Bootcamp,Mumbai,50k+,24,2026-04-11,0.6,3,Y,2026-04-14,65343
LD17369,Instagram Ads,Power BI & Tableau,Pune,<15k,62,2025-11-18,1.2,3,N,,0
LD17370,Google Ads,Python for Data Analysis,Bengaluru,15k-30k,60,2026-06-03,31.9,4,N,,0
LD17371,Google Ads,Full Stack Development,Mumbai,50k+,35,2025-12-22,5.6,3,N,,0
LD17372,LinkedIn,Digital Marketing,Chennai,15k-30k,64,2026-04-05,5.4,6,Y,2026-04-10,23054
LD17373,Instagram Ads,Full Stack Development,Pune,30k-50k,40,2026-04-23,1.9,1,N,,0
LD17374,Instagram Ads,Full Stack Development,Delhi NCR,<15k,64,2026-01-08,87.0,1,N,,0
LD17375,Google Ads,Power BI & Tableau,Bengaluru,50k+,52,2026-02-22,16.8,5,N,,0
LD17376,Walk-in,Python for Data Analysis,Delhi NCR,50k+,58,2026-05-16,3.0,4,N,,0
LD17377,Google Ads,Data Science Bootcamp,Hyderabad,30k-50k,47,2026-03-01,87.7,5,N,,0
LD17378,Google Ads,Data Science Bootcamp,Pune,<15k,40,2026-01-05,4.3,1,N,,0
LD17379,LinkedIn,Data Science Bootcamp,Chennai,15k-30k,79,2026-06-05,20.7,0,N,,0
LD17380,Google Ads,Digital Marketing,Delhi NCR,15k-30k,60,2025-11-16,6.0,0,Y,2025-11-17,22119
LD17381,Referral,Data Science Bootcamp,Mumbai,15k-30k,78,2026-01-24,6.6,3,N,,0
LD17382,Google Ads,Data Science Bootcamp,Kolkata,<15k,35,2026-02-26,3.0,4,Y,2026-03-02,12249
LD17383,Google Ads,Data Science Bootcamp,Kolkata,30k-50k,64,2026-07-20,3.6,4,N,,0
LD17384,Walk-in,Data Science Bootcamp,Ahmedabad,15k-30k,46,2026-05-24,23.0,2,N,,0
LD17385,Referral,Business Analytics,Kolkata,<15k,40,2026-01-23,16.1,2,N,,0
LD17386,Google Ads,Data Science Bootcamp,Mumbai,<15k,38,2026-06-29,4.0,3,N,,0
LD17387,Instagram Ads,Business Analytics,Mumbai,<15k,59,2026-05-30,23.2,2,N,,0
LD17388,Organic Search,Data Science Bootcamp,Bengaluru,50k+,61,2025-12-10,1.3,6,N,,0
LD17389,Organic Search,Data Science Bootcamp,Delhi NCR,<15k,75,2026-01-23,26.4,5,N,,0
LD17390,Walk-in,Data Science Bootcamp,Mumbai,<15k,27,2026-02-01,2.9,2,N,,0
LD17391,Google Ads,Digital Marketing,Hyderabad,50k+,6,2026-02-08,36.5,2,N,,0
LD17392,Instagram Ads,Business Analytics,Ahmedabad,<15k,46,2025-11-02,12.0,6,N,,0
LD17393,LinkedIn,Full Stack Development,Ahmedabad,<15k,89,2026-04-09,31.1,4,N,,0
LD17394,Google Ads,Full Stack Development,Bengaluru,50k+,17,2026-05-04,14.3,4,N,,0
LD17395,Instagram Ads,Full Stack Development,Kolkata,<15k,33,2025-11-15,20.2,2,N,,0
LD17396,Referral,Business Analytics,Bengaluru,30k-50k,55,2026-03-18,11.2,1,N,,0
LD17397,LinkedIn,Full Stack Development,Hyderabad,30k-50k,55,2026-06-16,23.8,7,N,,0
LD17398,Instagram Ads,Power BI & Tableau,Ahmedabad,30k-50k,49,2026-06-22,0.3,4,Y,2026-07-15,38711
LD17399,Instagram Ads,Power BI & Tableau,Chennai,30k-50k,89,2026-02-23,0.9,2,N,,0
LD17400,Google Ads,Data Science Bootcamp,Hyderabad,<15k,42,2025-12-23,30.4,3,N,,0
LD17401,Instagram Ads,Business Analytics,Chennai,50k+,87,2025-12-24,0.4,3,N,,0
LD17402,Organic Search,Business Analytics,Pune,30k-50k,31,2026-07-06,4.7,2,N,,0
LD17403,Instagram Ads,Full Stack Development,Bengaluru,<15k,57,2026-06-02,6.2,2,N,,0
LD17404,Google Ads,Python for Data Analysis,Ahmedabad,15k-30k,61,2026-02-01,8.2,4,N,,0
LD17405,Organic Search,Power BI & Tableau,Ahmedabad,<15k,82,2026-05-01,3.9,4,N,,0
LD17406,Instagram Ads,Business Analytics,Bengaluru,50k+,53,2026-05-08,1.1,3,Y,2026-05-10,65071
LD17407,Instagram Ads,Full Stack Development,Ahmedabad,15k-30k,18,2026-07-26,46.0,3,N,,0
LD17408,Instagram Ads,Data Science Bootcamp,Hyderabad,50k+,50,2026-04-12,17.8,4,N,,0
LD17409,Google Ads,Python for Data Analysis,Hyderabad,<15k,59,2026-01-29,112.5,1,Y,2026-02-16,12074
LD17410,LinkedIn,Power BI & Tableau,Pune,50k+,26,2026-04-06,7.6,1,N,,0
LD17411,Instagram Ads,Business Analytics,Kolkata,15k-30k,100,2026-07-20,27.4,6,N,,0
LD17412,Google Ads,Digital Marketing,Ahmedabad,50k+,72,2026-04-17,1.7,3,N,,0
LD17413,Referral,Data Science Bootcamp,Ahmedabad,15k-30k,68,2026-02-22,0.3,1,N,,0
LD17414,Instagram Ads,Digital Marketing,Bengaluru,15k-30k,73,2025-12-14,45.2,4,N,,0
LD17415,Instagram Ads,Python for Data Analysis,Hyderabad,50k+,54,2026-03-04,15.1,7,N,,0
LD17416,Organic Search,Data Science Bootcamp,Delhi NCR,15k-30k,48,2026-06-03,10.7,3,N,,0
LD17417,Google Ads,Power BI & Tableau,Chennai,<15k,52,2025-11-11,8.8,3,Y,2025-11-24,13086
LD17418,Google Ads,Digital Marketing,Bengaluru,50k+,37,2025-12-29,13.8,3,N,,0
LD17419,Instagram Ads,Data Science Bootcamp,Delhi NCR,15k-30k,49,2025-11-01,4.1,1,N,,0
LD17420,Google Ads,Full Stack Development,Mumbai,30k-50k,28,2025-12-30,42.6,2,N,,0
LD17421,Google Ads,Business Analytics,Kolkata,15k-30k,90,2026-01-01,8.7,1,N,,0
LD17422,LinkedIn,Business Analytics,Hyderabad,15k-30k,46,2026-04-19,11.3,1,N,,0
LD17423,Instagram Ads,Python for Data Analysis,Kolkata,<15k,4,2026-01-04,3.3,1,N,,0
LD17424,Organic Search,Power BI & Tableau,Chennai,50k+,68,2026-05-19,21.3,4,N,,0
LD17425,Walk-in,Python for Data Analysis,Kolkata,30k-50k,45,2026-07-18,4.6,3,N,,0
LD17426,Instagram Ads,Full Stack Development,Bengaluru,50k+,67,2026-01-29,17.3,2,N,,0
LD17427,LinkedIn,Python for Data Analysis,Chennai,50k+,35,2026-05-21,25.6,4,N,,0
LD17428,Google Ads,Data Science Bootcamp,Hyderabad,50k+,83,2025-12-26,20.6,2,N,,0
LD17429,Instagram Ads,Business Analytics,Pune,30k-50k,53,2025-12-20,20.7,4,N,,0
LD17430,Instagram Ads,Data Science Bootcamp,Bengaluru,30k-50k,53,2026-07-28,3.1,3,N,,0
LD17431,Google Ads,Full Stack Development,Kolkata,<15k,42,2026-02-07,13.6,4,N,,0
LD17432,Instagram Ads,Digital Marketing,Kolkata,15k-30k,52,2025-11-20,11.4,3,N,,0
LD17433,Instagram Ads,Data Science Bootcamp,Ahmedabad,<15k,34,2025-11-08,5.0,5,N,,0
LD17434,Referral,Data Science Bootcamp,Mumbai,15k-30k,56,2025-12-01,29.9,3,N,,0
LD17435,Organic Search,Digital Marketing,Delhi NCR,<15k,77,2026-01-18,4.8,4,N,,0
LD17436,Google Ads,Business Analytics,Mumbai,30k-50k,85,2025-12-23,37.9,6,N,,0
LD17437,Organic Search,Full Stack Development,Mumbai,<15k,84,2026-04-08,9.5,3,N,,0
LD17438,LinkedIn,Power BI & Tableau,Delhi NCR,15k-30k,64,2026-05-27,2.5,5,N,,0
LD17439,Referral,Power BI & Tableau,Hyderabad,30k-50k,42,2025-11-11,35.1,2,N,,0
LD17440,Organic Search,Business Analytics,Bengaluru,<15k,44,2025-11-08,19.2,2,N,,0
LD17441,Google Ads,Digital Marketing,Kolkata,<15k,67,2025-12-24,2.8,3,Y,2026-01-10,10947
LD17442,Referral,Power BI & Tableau,Bengaluru,<15k,62,2025-12-17,0.4,3,N,,0
LD17443,Organic Search,Digital Marketing,Bengaluru,15k-30k,66,2026-06-29,65.0,4,N,,0
LD17444,Referral,Business Analytics,Chennai,<15k,55,2026-05-15,31.5,5,N,,0
LD17445,Instagram Ads,Data Science Bootcamp,Ahmedabad,50k+,99,2026-01-31,40.4,4,N,,0
LD17446,Organic Search,Full Stack Development,Kolkata,30k-50k,86,2026-03-31,48.4,4,N,,0
LD17447,Organic Search,Full Stack Development,Kolkata,30k-50k,53,2025-12-18,10.4,4,N,,0
LD17448,LinkedIn,Full Stack Development,Mumbai,15k-30k,55,2025-11-05,53.1,1,Y,2025-11-20,20111
LD17449,Instagram Ads,Full Stack Development,Mumbai,30k-50k,84,2026-06-18,4.6,6,N,,0
LD17450,Instagram Ads,Digital Marketing,Hyderabad,<15k,65,2026-07-06,4.3,4,Y,2026-07-11,11866
LD17451,LinkedIn,Data Science Bootcamp,Bengaluru,30k-50k,25,2025-11-05,3.6,1,N,,0
LD17452,Instagram Ads,Data Science Bootcamp,Ahmedabad,30k-50k,42,2026-05-03,4.7,3,N,,0
LD17453,LinkedIn,Python for Data Analysis,Pune,30k-50k,51,2026-02-11,1.9,2,N,,0
LD17454,Google Ads,Python for Data Analysis,Hyderabad,50k+,53,2026-06-02,29.6,4,N,,0
LD17455,Google Ads,Digital Marketing,Mumbai,50k+,53,2025-11-30,1.8,3,N,,0
LD17456,Instagram Ads,Power BI & Tableau,Chennai,30k-50k,46,2026-07-13,4.4,1,N,,0
LD17457,Google Ads,Full Stack Development,Pune,<15k,50,2026-01-22,1.8,3,N,,0
LD17458,Google Ads,Power BI & Tableau,Ahmedabad,<15k,51,2026-01-04,5.1,6,N,,0
LD17459,Organic Search,Python for Data Analysis,Hyderabad,30k-50k,71,2026-06-08,6.9,1,Y,2026-06-16,38880
LD17460,Google Ads,Business Analytics,Chennai,15k-30k,49,2026-04-29,24.7,2,N,,0
LD17461,Referral,Power BI & Tableau,Hyderabad,50k+,53,2026-07-14,11.4,3,N,,0
LD17462,Referral,Digital Marketing,Delhi NCR,30k-50k,26,2026-07-24,13.6,2,N,,0
LD17463,Walk-in,Business Analytics,Bengaluru,50k+,38,2026-07-30,37.6,3,Y,2026-08-01,66413
LD17464,Organic Search,Full Stack Development,Pune,50k+,90,2026-06-28,1.8,6,Y,2026-07-06,63233
LD17465,Walk-in,Business Analytics,Bengaluru,50k+,77,2026-06-27,11.1,3,Y,2026-06-28,64964
LD17466,Walk-in,Business Analytics,Delhi NCR,30k-50k,47,2025-11-17,5.7,5,N,,0
LD17467,Google Ads,Python for Data Analysis,Delhi NCR,30k-50k,75,2025-12-09,6.8,2,N,,0
LD17468,Google Ads,Python for Data Analysis,Ahmedabad,50k+,77,2026-07-10,10.2,4,Y,2026-07-15,67816
LD17469,Organic Search,Business Analytics,Chennai,<15k,63,2026-06-05,22.9,1,N,,0
LD17470,Organic Search,Data Science Bootcamp,Hyderabad,50k+,73,2025-12-22,12.9,2,Y,2025-12-23,69499
LD17471,Referral,Data Science Bootcamp,Mumbai,50k+,40,2026-02-11,8.1,3,N,,0
LD17472,Google Ads,Data Science Bootcamp,Hyderabad,50k+,67,2026-02-10,12.5,4,N,,0
LD17473,Organic Search,Digital Marketing,Delhi NCR,50k+,38,2026-04-12,12.8,1,N,,0
LD17474,Google Ads,Full Stack Development,Mumbai,50k+,40,2026-07-24,0.3,3,N,,0
LD17475,Walk-in,Python for Data Analysis,Mumbai,<15k,89,2026-01-05,1.4,3,N,,0
LD17476,Organic Search,Data Science Bootcamp,Chennai,50k+,66,2025-11-12,2.1,1,N,,0
LD17477,Referral,Digital Marketing,Bengaluru,15k-30k,62,2026-04-17,27.1,0,Y,2026-04-19,19973
LD17478,Organic Search,Business Analytics,Delhi NCR,50k+,71,2025-12-21,3.4,0,Y,2025-12-27,64941
LD17479,Instagram Ads,Data Science Bootcamp,Chennai,30k-50k,10,2026-03-26,51.5,5,N,,0
LD17480,Referral,Full Stack Development,Pune,50k+,78,2026-06-03,31.7,1,N,,0
LD17481,LinkedIn,Python for Data Analysis,Pune,<15k,45,2026-01-28,2.7,4,N,,0
LD17482,Instagram Ads,Power BI & Tableau,Chennai,15k-30k,41,2025-11-14,15.6,3,N,,0
LD17483,Referral,Digital Marketing,Kolkata,50k+,89,2026-06-05,2.4,4,Y,2026-06-06,70270
LD17484,Organic Search,Business Analytics,Pune,50k+,0,2026-06-26,11.4,3,N,,0
LD17485,Google Ads,Power BI & Tableau,Bengaluru,30k-50k,65,2026-06-20,11.2,6,N,,0
LD17486,Google Ads,Python for Data Analysis,Kolkata,50k+,62,2026-07-22,16.6,3,N,,0
LD17487,Instagram Ads,Digital Marketing,Bengaluru,15k-30k,51,2026-06-29,10.7,3,N,,0
LD17488,Google Ads,Python for Data Analysis,Mumbai,50k+,64,2025-12-27,3.5,1,N,,0
LD17489,Organic Search,Business Analytics,Hyderabad,50k+,41,2025-11-22,12.9,1,N,,0
LD17490,Referral,Full Stack Development,Chennai,15k-30k,65,2026-03-08,24.2,4,N,,0
LD17491,Instagram Ads,Business Analytics,Ahmedabad,50k+,37,2026-04-30,10.0,4,N,,0
LD17492,Instagram Ads,Python for Data Analysis,Chennai,15k-30k,54,2025-11-17,5.4,2,N,,0
LD17493,Walk-in,Power BI & Tableau,Mumbai,15k-30k,55,2026-03-18,11.2,6,N,,0
LD17494,Google Ads,Power BI & Tableau,Ahmedabad,50k+,75,2026-05-24,44.9,1,Y,2026-06-01,59985
LD17495,Organic Search,Power BI & Tableau,Kolkata,<15k,93,2026-04-25,7.0,2,Y,2026-04-28,11296
LD17496,LinkedIn,Full Stack Development,Delhi NCR,<15k,40,2026-03-19,18.8,5,N,,0
LD17497,Instagram Ads,Power BI & Tableau,Mumbai,50k+,74,2026-03-16,7.6,2,Y,2026-03-17,68989
LD17498,Google Ads,Business Analytics,Chennai,<15k,44,2026-03-06,50.1,3,N,,0
LD17499,Walk-in,Digital Marketing,Delhi NCR,15k-30k,51,2026-01-26,22.2,1,N,,0
LD17500,Referral,Data Science Bootcamp,Bengaluru,30k-50k,87,2026-02-10,5.7,3,N,,0
LD17501,Instagram Ads,Full Stack Development,Ahmedabad,15k-30k,48,2026-05-08,3.4,0,N,,0
LD17502,Google Ads,Business Analytics,Hyderabad,50k+,45,2026-05-14,1.0,3,N,,0
LD17503,Instagram Ads,Digital Marketing,Kolkata,50k+,67,2026-03-15,5.0,4,N,,0
LD17504,LinkedIn,Digital Marketing,Chennai,<15k,70,2026-01-12,13.2,6,N,,0
LD17505,Referral,Business Analytics,Kolkata,30k-50k,74,2026-02-17,0.9,2,N,,0
LD17506,Instagram Ads,Python for Data Analysis,Ahmedabad,<15k,15,2026-07-09,20.2,2,N,,0
LD17507,LinkedIn,Power BI & Tableau,Ahmedabad,50k+,61,2026-04-08,3.4,1,N,,0
LD17508,LinkedIn,Full Stack Development,Chennai,30k-50k,67,2025-11-09,47.4,4,N,,0
LD17509,Organic Search,Digital Marketing,Kolkata,15k-30k,44,2025-12-29,2.4,3,N,,0
LD17510,Google Ads,Data Science Bootcamp,Mumbai,<15k,32,2025-12-25,34.5,3,N,,0
LD17511,Google Ads,Power BI & Tableau,Pune,30k-50k,37,2026-06-23,0.5,1,N,,0
LD17512,Walk-in,Business Analytics,Mumbai,50k+,54,2026-02-16,16.3,1,Y,2026-02-26,64146
LD17513,Instagram Ads,Python for Data Analysis,Ahmedabad,15k-30k,45,2026-01-22,5.9,2,N,,0
LD17514,Google Ads,Full Stack Development,Pune,15k-30k,50,2026-06-30,47.6,3,N,,0
LD17515,Instagram Ads,Data Science Bootcamp,Pune,15k-30k,84,2026-04-04,36.7,1,N,,0
LD17516,Organic Search,Full Stack Development,Ahmedabad,15k-30k,52,2026-07-13,3.7,5,N,,0
LD17517,Google Ads,Data Science Bootcamp,Hyderabad,<15k,47,2026-02-10,20.2,3,N,,0
LD17518,Instagram Ads,Python for Data Analysis,Ahmedabad,30k-50k,83,2026-03-30,5.9,4,N,,0
LD17519,Walk-in,Python for Data Analysis,Ahmedabad,<15k,48,2025-12-06,6.3,7,N,,0
LD17520,LinkedIn,Data Science Bootcamp,Pune,50k+,73,2025-11-22,41.8,7,N,,0
LD17521,Walk-in,Data Science Bootcamp,Pune,30k-50k,72,2026-03-01,29.4,1,Y,2026-03-03,38615
LD17522,LinkedIn,Power BI & Tableau,Hyderabad,30k-50k,30,2026-02-03,0.9,1,N,,0
LD17523,Instagram Ads,Digital Marketing,Kolkata,30k-50k,47,2026-04-08,3.7,1,N,,0
LD17524,LinkedIn,Power BI & Tableau,Bengaluru,15k-30k,62,2026-03-07,14.7,2,N,,0
LD17525,Walk-in,Digital Marketing,Hyderabad,15k-30k,99,2026-04-18,20.8,0,Y,2026-04-26,20580
LD17526,Google Ads,Python for Data Analysis,Mumbai,<15k,47,2026-02-24,17.7,3,N,,0
LD17527,LinkedIn,Power BI & Tableau,Pune,15k-30k,59,2026-03-07,3.0,0,N,,0
LD17528,Instagram Ads,Data Science Bootcamp,Kolkata,15k-30k,80,2026-02-19,32.2,3,N,,0
LD17529,Google Ads,Power BI & Tableau,Hyderabad,<15k,22,2026-06-07,4.1,6,N,,0
LD17530,Google Ads,Digital Marketing,Kolkata,15k-30k,18,2026-01-25,1.6,1,N,,0
LD17531,LinkedIn,Digital Marketing,Hyderabad,50k+,56,2026-02-12,11.9,5,N,,0
LD17532,Walk-in,Data Science Bootcamp,Bengaluru,50k+,56,2025-12-19,0.4,2,N,,0
LD17533,Google Ads,Data Science Bootcamp,Ahmedabad,50k+,60,2026-01-02,10.0,2,N,,0
LD17534,Organic Search,Data Science Bootcamp,Hyderabad,15k-30k,28,2026-04-25,8.3,2,N,,0
LD17535,Referral,Python for Data Analysis,Ahmedabad,15k-30k,50,2026-02-06,64.0,2,N,,0
LD17536,Instagram Ads,Data Science Bootcamp,Bengaluru,30k-50k,60,2025-11-22,14.7,9,N,,0
LD17537,Referral,Data Science Bootcamp,Mumbai,30k-50k,21,2026-06-18,2.4,5,N,,0
LD17538,Instagram Ads,Business Analytics,Kolkata,15k-30k,44,2026-03-19,0.6,5,N,,0
LD17539,Instagram Ads,Python for Data Analysis,Delhi NCR,15k-30k,51,2026-04-24,40.1,2,N,,0
LD17540,Google Ads,Digital Marketing,Mumbai,50k+,68,2026-06-02,9.5,4,N,,0
LD17541,Google Ads,Data Science Bootcamp,Pune,50k+,68,2026-07-10,16.4,3,Y,2026-07-22,65152
LD17542,Referral,Power BI & Tableau,Ahmedabad,30k-50k,53,2025-11-26,20.8,4,N,,0
LD17543,Google Ads,Python for Data Analysis,Bengaluru,15k-30k,23,2025-11-19,31.2,0,N,,0
LD17544,Instagram Ads,Power BI & Tableau,Bengaluru,15k-30k,76,2025-11-10,14.6,2,Y,2025-11-17,20105
LD17545,Instagram Ads,Full Stack Development,Chennai,50k+,18,2025-12-24,10.0,1,N,,0
LD17546,Referral,Digital Marketing,Pune,<15k,51,2025-12-23,6.2,2,N,,0
LD17547,Referral,Digital Marketing,Hyderabad,30k-50k,53,2026-01-28,56.1,3,N,,0
LD17548,Google Ads,Full Stack Development,Mumbai,15k-30k,47,2026-01-21,14.4,1,N,,0
LD17549,Google Ads,Business Analytics,Pune,50k+,30,2026-06-10,5.9,4,N,,0
LD17550,Instagram Ads,Python for Data Analysis,Hyderabad,15k-30k,53,2026-05-05,33.0,4,N,,0
LD17551,Google Ads,Business Analytics,Kolkata,<15k,50,2026-01-13,14.5,3,N,,0
LD17552,Referral,Business Analytics,Bengaluru,30k-50k,22,2026-05-11,14.9,1,Y,2026-06-02,41162
LD17553,LinkedIn,Digital Marketing,Bengaluru,50k+,84,2026-07-30,14.0,3,N,,0
LD17554,Instagram Ads,Business Analytics,Kolkata,50k+,29,2026-07-30,30.5,3,N,,0
LD17555,Instagram Ads,Python for Data Analysis,Chennai,50k+,70,2026-05-24,5.5,4,Y,2026-06-10,63331
LD17556,Google Ads,Business Analytics,Pune,50k+,37,2026-05-20,0.4,6,N,,0
LD17557,Google Ads,Power BI & Tableau,Chennai,30k-50k,59,2026-07-07,10.7,6,N,,0
LD17558,Organic Search,Business Analytics,Delhi NCR,50k+,89,2025-11-02,5.6,4,N,,0
LD17559,Organic Search,Power BI & Tableau,Bengaluru,30k-50k,79,2026-01-20,0.2,4,Y,2026-01-22,36618
LD17560,Referral,Python for Data Analysis,Kolkata,<15k,66,2026-06-12,20.7,2,N,,0
LD17561,Instagram Ads,Digital Marketing,Kolkata,<15k,65,2026-06-01,16.9,9,N,,0
LD17562,LinkedIn,Full Stack Development,Chennai,50k+,44,2026-02-18,37.1,4,N,,0
LD17563,Organic Search,Python for Data Analysis,Pune,<15k,63,2026-02-18,6.3,1,N,,0
LD17564,LinkedIn,Data Science Bootcamp,Hyderabad,<15k,54,2026-04-07,62.0,0,N,,0
LD17565,Google Ads,Power BI & Tableau,Bengaluru,15k-30k,46,2026-04-27,36.7,3,N,,0
LD17566,Walk-in,Business Analytics,Hyderabad,15k-30k,56,2026-03-08,0.8,5,N,,0
LD17567,Organic Search,Digital Marketing,Mumbai,30k-50k,23,2026-03-19,2.1,2,N,,0
LD17568,Google Ads,Power BI & Tableau,Delhi NCR,<15k,60,2026-05-26,39.3,4,N,,0
LD17569,LinkedIn,Digital Marketing,Mumbai,<15k,64,2025-12-10,29.8,6,N,,0
LD17570,Organic Search,Business Analytics,Chennai,15k-30k,70,2026-02-16,11.8,4,Y,2026-02-21,23533
LD17571,Instagram Ads,Business Analytics,Mumbai,15k-30k,56,2025-12-31,21.3,2,N,,0
LD17572,Google Ads,Business Analytics,Pune,<15k,39,2026-05-23,63.4,3,N,,0
LD17573,Walk-in,Business Analytics,Hyderabad,30k-50k,39,2026-03-09,41.1,1,N,,0
LD17574,Instagram Ads,Data Science Bootcamp,Chennai,15k-30k,56,2026-03-20,18.6,1,N,,0
LD17575,Instagram Ads,Full Stack Development,Chennai,30k-50k,54,2026-06-02,3.9,1,N,,0
LD17576,Google Ads,Data Science Bootcamp,Mumbai,<15k,64,2026-05-25,0.8,1,N,,0
LD17577,Instagram Ads,Digital Marketing,Chennai,30k-50k,82,2026-05-16,20.0,4,N,,0
LD17578,Organic Search,Full Stack Development,Mumbai,<15k,49,2026-03-05,25.6,2,N,,0
LD17579,Instagram Ads,Python for Data Analysis,Mumbai,30k-50k,62,2026-06-04,45.2,3,N,,0
LD17580,Instagram Ads,Power BI & Tableau,Mumbai,15k-30k,69,2026-01-24,22.2,3,N,,0
LD17581,Organic Search,Business Analytics,Delhi NCR,15k-30k,92,2025-12-21,1.8,3,N,,0
LD17582,Instagram Ads,Business Analytics,Pune,50k+,28,2026-05-29,5.3,2,Y,2026-05-30,58688
LD17583,Instagram Ads,Power BI & Tableau,Pune,50k+,56,2026-05-09,3.9,1,N,,0
LD17584,Referral,Data Science Bootcamp,Chennai,<15k,37,2025-12-27,14.6,4,N,,0
LD17585,Referral,Power BI & Tableau,Hyderabad,15k-30k,81,2026-03-02,10.8,2,N,,0
LD17586,Instagram Ads,Business Analytics,Delhi NCR,30k-50k,53,2026-04-01,26.9,6,N,,0
LD17587,LinkedIn,Data Science Bootcamp,Bengaluru,15k-30k,81,2026-02-10,34.1,2,N,,0
LD17588,Instagram Ads,Python for Data Analysis,Kolkata,30k-50k,39,2026-04-06,36.4,2,N,,0
LD17589,Instagram Ads,Digital Marketing,Bengaluru,15k-30k,63,2025-12-05,61.8,4,N,,0
LD17590,LinkedIn,Data Science Bootcamp,Mumbai,15k-30k,47,2026-07-15,2.1,5,N,,0
LD17591,Instagram Ads,Python for Data Analysis,Mumbai,50k+,48,2025-11-02,18.4,3,N,,0
LD17592,Walk-in,Data Science Bootcamp,Ahmedabad,50k+,63,2026-06-09,9.3,3,N,,0
LD17593,Google Ads,Digital Marketing,Delhi NCR,30k-50k,41,2026-06-15,5.1,0,Y,2026-06-21,37014
LD17594,Referral,Business Analytics,Bengaluru,<15k,38,2026-01-31,3.8,2,N,,0
LD17595,Google Ads,Python for Data Analysis,Delhi NCR,15k-30k,53,2026-02-22,30.9,3,N,,0
LD17596,Google Ads,Full Stack Development,Mumbai,<15k,4,2026-05-06,20.8,3,N,,0
LD17597,LinkedIn,Python for Data Analysis,Hyderabad,30k-50k,96,2026-02-18,19.0,4,N,,0
LD17598,Organic Search,Power BI & Tableau,Pune,15k-30k,33,2026-05-31,18.8,4,N,,0
LD17599,Google Ads,Python for Data Analysis,Hyderabad,50k+,49,2026-03-26,19.7,2,N,,0
LD17600,Referral,Full Stack Development,Hyderabad,15k-30k,78,2026-01-28,2.4,5,N,,0
LD17601,Instagram Ads,Python for Data Analysis,Mumbai,30k-50k,63,2025-11-06,23.2,3,N,,0
LD17602,Google Ads,Full Stack Development,Pune,50k+,48,2026-06-02,39.5,2,N,,0
LD17603,Google Ads,Python for Data Analysis,Ahmedabad,30k-50k,80,2026-07-09,5.1,2,N,,0
LD17604,LinkedIn,Digital Marketing,Kolkata,15k-30k,35,2025-12-11,25.5,0,N,,0
LD17605,Instagram Ads,Digital Marketing,Hyderabad,50k+,60,2026-07-18,1.4,8,Y,2026-07-19,61048
LD17606,Organic Search,Business Analytics,Kolkata,<15k,33,2026-01-29,47.2,4,N,,0
LD17607,LinkedIn,Data Science Bootcamp,Mumbai,50k+,78,2026-04-20,8.1,3,Y,2026-04-29,67729
LD17608,Instagram Ads,Data Science Bootcamp,Pune,<15k,29,2026-04-13,9.1,5,N,,0
LD17609,Instagram Ads,Full Stack Development,Chennai,30k-50k,74,2026-04-14,2.2,3,N,,0
LD17610,Referral,Business Analytics,Bengaluru,30k-50k,43,2026-06-24,24.3,0,N,,0
LD17611,Instagram Ads,Business Analytics,Hyderabad,15k-30k,48,2026-07-25,1.5,3,N,,0
LD17612,Google Ads,Data Science Bootcamp,Mumbai,30k-50k,35,2025-12-25,10.6,5,N,,0
LD17613,Referral,Digital Marketing,Bengaluru,30k-50k,57,2026-02-14,12.0,3,N,,0
LD17614,Google Ads,Digital Marketing,Delhi NCR,<15k,53,2026-03-25,17.3,3,N,,0
LD17615,Instagram Ads,Business Analytics,Hyderabad,15k-30k,82,2025-12-21,25.0,1,N,,0
LD17616,Walk-in,Power BI & Tableau,Delhi NCR,<15k,64,2025-11-29,3.5,6,N,,0
LD17617,Google Ads,Business Analytics,Ahmedabad,<15k,85,2026-04-04,34.3,4,N,,0
LD17618,Organic Search,Python for Data Analysis,Pune,50k+,91,2026-03-03,0.5,4,Y,2026-03-15,67645
LD17619,Google Ads,Digital Marketing,Pune,50k+,50,2026-07-02,50.0,2,N,,0
LD17620,Google Ads,Digital Marketing,Pune,30k-50k,43,2025-11-25,35.4,3,N,,0
LD17621,Referral,Business Analytics,Mumbai,<15k,31,2025-11-28,16.1,3,N,,0
LD17622,Referral,Full Stack Development,Chennai,30k-50k,36,2026-03-30,35.0,2,N,,0
LD17623,Google Ads,Full Stack Development,Pune,<15k,38,2025-11-08,1.9,4,N,,0
LD17624,Referral,Full Stack Development,Delhi NCR,<15k,62,2026-05-07,12.0,1,N,,0
LD17625,Instagram Ads,Power BI & Tableau,Ahmedabad,50k+,100,2026-03-13,55.5,5,Y,2026-03-14,64525
LD17626,Instagram Ads,Data Science Bootcamp,Ahmedabad,50k+,50,2025-12-20,0.9,4,N,,0
LD17627,Google Ads,Full Stack Development,Mumbai,50k+,77,2025-11-18,1.2,1,Y,2025-11-27,59102
LD17628,Walk-in,Business Analytics,Pune,15k-30k,54,2026-07-20,20.6,6,N,,0
LD17629,Referral,Power BI & Tableau,Chennai,50k+,79,2026-01-16,8.2,1,Y,2026-01-19,59169
LD17630,Referral,Data Science Bootcamp,Bengaluru,30k-50k,57,2026-01-02,6.9,5,N,,0
LD17631,Instagram Ads,Business Analytics,Ahmedabad,30k-50k,51,2026-04-29,48.4,7,N,,0
LD17632,Instagram Ads,Full Stack Development,Kolkata,30k-50k,34,2025-11-19,1.8,3,N,,0
LD17633,Instagram Ads,Digital Marketing,Chennai,<15k,53,2025-11-15,1.9,5,Y,2025-11-28,11206
LD17634,Organic Search,Full Stack Development,Mumbai,30k-50k,61,2026-03-21,0.3,2,N,,0
LD17635,Organic Search,Full Stack Development,Chennai,15k-30k,60,2025-12-16,7.2,6,N,,0
LD17636,Google Ads,Full Stack Development,Ahmedabad,50k+,64,2026-06-22,19.5,3,N,,0
LD17637,Referral,Business Analytics,Pune,50k+,27,2026-02-20,26.1,5,N,,0
LD17638,Google Ads,Data Science Bootcamp,Kolkata,30k-50k,65,2025-12-12,54.4,4,N,,0
LD17639,LinkedIn,Python for Data Analysis,Pune,15k-30k,42,2025-11-30,0.8,3,Y,2025-12-02,23042
LD17640,Organic Search,Digital Marketing,Mumbai,30k-50k,33,2026-03-26,26.4,1,N,,0
LD17641,Google Ads,Full Stack Development,Chennai,30k-50k,31,2026-03-10,27.0,2,N,,0
LD17642,Referral,Data Science Bootcamp,Pune,50k+,20,2025-11-18,0.7,1,N,,0
LD17643,Instagram Ads,Power BI & Tableau,Pune,15k-30k,73,2026-07-18,11.0,1,N,,0
LD17644,Google Ads,Business Analytics,Bengaluru,30k-50k,69,2026-06-24,84.4,4,N,,0
LD17645,Instagram Ads,Data Science Bootcamp,Chennai,15k-30k,60,2025-12-05,13.2,2,N,,0
LD17646,Google Ads,Full Stack Development,Pune,50k+,55,2025-12-26,2.7,3,N,,0
LD17647,Google Ads,Digital Marketing,Pune,50k+,48,2026-02-25,4.5,3,N,,0
LD17648,LinkedIn,Power BI & Tableau,Mumbai,50k+,35,2026-05-12,15.3,1,Y,2026-05-21,69512
LD17649,Organic Search,Power BI & Tableau,Pune,30k-50k,54,2026-03-09,28.1,2,Y,2026-03-13,38800
LD17650,Referral,Full Stack Development,Hyderabad,<15k,20,2026-04-13,22.8,1,N,,0
LD17651,Referral,Business Analytics,Mumbai,15k-30k,94,2026-07-14,13.8,4,N,,0
LD17652,Google Ads,Digital Marketing,Delhi NCR,<15k,55,2026-04-09,0.6,2,N,,0
LD17653,Instagram Ads,Power BI & Tableau,Bengaluru,15k-30k,34,2026-03-17,0.9,2,N,,0
LD17654,Organic Search,Data Science Bootcamp,Kolkata,50k+,62,2026-05-05,20.7,1,N,,0
LD17655,Referral,Business Analytics,Bengaluru,50k+,91,2026-01-14,39.7,2,N,,0
LD17656,Instagram Ads,Business Analytics,Kolkata,50k+,28,2025-11-02,3.7,2,N,,0
LD17657,Google Ads,Data Science Bootcamp,Chennai,30k-50k,38,2025-12-08,14.6,2,N,,0
LD17658,Google Ads,Data Science Bootcamp,Kolkata,30k-50k,20,2025-11-17,34.3,3,N,,0
LD17659,Organic Search,Business Analytics,Hyderabad,15k-30k,89,2026-02-16,16.3,5,N,,0
LD17660,Instagram Ads,Python for Data Analysis,Bengaluru,30k-50k,43,2026-06-08,120.2,2,N,,0
LD17661,LinkedIn,Data Science Bootcamp,Hyderabad,15k-30k,53,2026-03-23,17.1,3,N,,0
LD17662,Walk-in,Data Science Bootcamp,Mumbai,<15k,47,2026-07-06,8.0,5,Y,2026-07-15,10933
LD17663,Instagram Ads,Business Analytics,Mumbai,30k-50k,51,2026-06-28,1.9,3,Y,2026-06-30,42281
LD17664,Organic Search,Power BI & Tableau,Pune,15k-30k,83,2026-03-05,3.8,0,N,,0
LD17665,Organic Search,Business Analytics,Ahmedabad,30k-50k,73,2026-04-06,50.2,2,N,,0
LD17666,Instagram Ads,Data Science Bootcamp,Mumbai,<15k,51,2026-05-20,26.9,6,N,,0
LD17667,Referral,Python for Data Analysis,Bengaluru,<15k,84,2026-01-17,11.0,4,Y,2026-01-18,11231
LD17668,LinkedIn,Python for Data Analysis,Pune,<15k,65,2026-06-28,14.6,2,Y,2026-07-01,11397
LD17669,Google Ads,Python for Data Analysis,Bengaluru,50k+,40,2026-03-04,65.4,7,N,,0
LD17670,LinkedIn,Digital Marketing,Delhi NCR,50k+,98,2026-05-10,58.4,4,N,,0
LD17671,Google Ads,Python for Data Analysis,Kolkata,<15k,27,2026-05-13,3.0,3,N,,0
LD17672,Walk-in,Data Science Bootcamp,Kolkata,50k+,47,2026-01-20,32.3,7,N,,0
LD17673,Instagram Ads,Business Analytics,Delhi NCR,50k+,56,2026-04-16,33.9,2,N,,0
LD17674,Referral,Business Analytics,Bengaluru,30k-50k,61,2026-06-09,7.5,1,N,,0
LD17675,Instagram Ads,Data Science Bootcamp,Mumbai,30k-50k,75,2025-12-17,15.1,2,N,,0
LD17676,Google Ads,Python for Data Analysis,Mumbai,15k-30k,51,2026-01-07,17.9,2,N,,0
LD17677,Google Ads,Digital Marketing,Hyderabad,50k+,56,2026-07-03,6.9,2,N,,0
LD17678,Walk-in,Python for Data Analysis,Pune,50k+,86,2026-05-19,45.9,4,N,,0
LD17679,Referral,Business Analytics,Mumbai,<15k,100,2026-03-04,0.8,4,N,,0
LD17680,Organic Search,Business Analytics,Hyderabad,50k+,66,2026-07-06,14.2,4,N,,0
LD17681,Instagram Ads,Data Science Bootcamp,Delhi NCR,30k-50k,66,2025-12-20,18.2,1,N,,0
LD17682,Walk-in,Full Stack Development,Kolkata,<15k,36,2026-04-04,25.6,2,N,,0
LD17683,Instagram Ads,Digital Marketing,Mumbai,15k-30k,49,2026-02-15,1.3,5,N,,0
LD17684,Referral,Full Stack Development,Kolkata,<15k,74,2026-07-16,1.3,4,N,,0
LD17685,Organic Search,Digital Marketing,Delhi NCR,30k-50k,56,2026-01-04,14.9,1,N,,0
LD17686,Instagram Ads,Data Science Bootcamp,Ahmedabad,15k-30k,52,2026-06-25,13.4,4,N,,0
LD17687,Referral,Business Analytics,Ahmedabad,50k+,40,2026-01-13,1.3,4,Y,2026-01-20,66675
LD17688,Walk-in,Full Stack Development,Chennai,50k+,55,2026-04-20,16.8,1,N,,0
LD17689,LinkedIn,Python for Data Analysis,Bengaluru,50k+,42,2026-01-18,17.1,3,N,,0
LD17690,Instagram Ads,Python for Data Analysis,Delhi NCR,15k-30k,55,2026-07-08,7.3,2,N,,0
LD17691,Instagram Ads,Power BI & Tableau,Pune,30k-50k,60,2026-05-09,0.0,2,N,,0
LD17692,Google Ads,Power BI & Tableau,Delhi NCR,<15k,67,2026-05-16,53.9,4,N,,0
LD17693,Organic Search,Python for Data Analysis,Ahmedabad,<15k,23,2025-12-29,38.8,3,Y,2026-01-03,11300
LD17694,Instagram Ads,Digital Marketing,Hyderabad,30k-50k,29,2026-03-14,22.3,5,N,,0
LD17695,Google Ads,Power BI & Tableau,Bengaluru,50k+,53,2026-07-28,2.4,3,N,,0
LD17696,Walk-in,Data Science Bootcamp,Mumbai,50k+,47,2026-03-30,46.1,3,N,,0
LD17697,Organic Search,Business Analytics,Pune,30k-50k,98,2026-07-29,7.3,1,N,,0
LD17698,Instagram Ads,Data Science Bootcamp,Delhi NCR,15k-30k,90,2025-11-20,79.8,2,N,,0
LD17699,Google Ads,Power BI & Tableau,Ahmedabad,15k-30k,63,2025-11-28,12.0,3,N,,0
LD17700,Instagram Ads,Digital Marketing,Delhi NCR,30k-50k,56,2026-05-28,6.9,5,N,,0
LD17701,Organic Search,Data Science Bootcamp,Pune,50k+,31,2026-01-28,30.8,3,N,,0
LD17702,Instagram Ads,Business Analytics,Chennai,30k-50k,30,2026-03-03,4.1,3,N,,0
LD17703,Instagram Ads,Python for Data Analysis,Mumbai,30k-50k,43,2026-01-08,79.8,2,N,,0
LD17704,Instagram Ads,Power BI & Tableau,Delhi NCR,50k+,75,2026-03-18,2.5,4,N,,0
LD17705,LinkedIn,Python for Data Analysis,Pune,<15k,61,2026-03-06,0.3,2,N,,0
LD17706,Google Ads,Digital Marketing,Chennai,30k-50k,48,2025-11-19,11.2,4,N,,0
LD17707,Referral,Full Stack Development,Kolkata,15k-30k,85,2026-05-08,4.9,3,N,,0
LD17708,Google Ads,Business Analytics,Bengaluru,50k+,47,2026-05-23,61.7,3,N,,0
LD17709,Google Ads,Digital Marketing,Pune,50k+,41,2026-02-12,20.5,7,N,,0
LD17710,Organic Search,Business Analytics,Delhi NCR,50k+,37,2026-05-22,0.7,4,Y,2026-05-23,69145
LD17711,Referral,Data Science Bootcamp,Bengaluru,<15k,87,2026-06-21,5.1,0,N,,0
LD17712,Instagram Ads,Power BI & Tableau,Mumbai,30k-50k,58,2026-02-16,95.6,3,N,,0
LD17713,Organic Search,Power BI & Tableau,Chennai,30k-50k,32,2025-11-02,9.5,4,N,,0
LD17714,Walk-in,Python for Data Analysis,Pune,30k-50k,44,2025-12-01,29.8,1,Y,2025-12-09,39276
LD17715,Instagram Ads,Data Science Bootcamp,Delhi NCR,50k+,79,2026-07-08,24.3,3,N,,0
LD17716,LinkedIn,Business Analytics,Bengaluru,30k-50k,66,2026-01-28,3.6,3,N,,0
LD17717,Organic Search,Data Science Bootcamp,Ahmedabad,15k-30k,42,2026-05-23,46.0,4,N,,0
LD17718,Organic Search,Power BI & Tableau,Delhi NCR,<15k,46,2026-03-12,6.2,2,Y,2026-03-14,11307
LD17719,LinkedIn,Full Stack Development,Bengaluru,50k+,47,2025-11-18,27.1,2,N,,0
LD17720,LinkedIn,Digital Marketing,Kolkata,50k+,70,2026-03-29,26.5,3,N,,0
LD17721,Google Ads,Full Stack Development,Delhi NCR,<15k,84,2026-01-05,21.8,4,N,,0
LD17722,Organic Search,Business Analytics,Delhi NCR,50k+,57,2026-07-17,23.2,3,N,,0
LD17723,Instagram Ads,Digital Marketing,Ahmedabad,15k-30k,57,2025-12-08,7.5,2,Y,2025-12-24,23854
LD17724,Google Ads,Data Science Bootcamp,Kolkata,50k+,40,2026-06-11,26.4,2,N,,0
LD17725,Google Ads,Data Science Bootcamp,Chennai,50k+,87,2026-06-17,45.5,5,N,,0
LD17726,Walk-in,Python for Data Analysis,Kolkata,30k-50k,74,2025-12-16,1.1,0,N,,0
LD17727,Instagram Ads,Python for Data Analysis,Kolkata,15k-30k,18,2025-11-04,14.2,0,N,,0
LD17728,Google Ads,Business Analytics,Hyderabad,50k+,47,2025-11-27,34.7,3,N,,0
LD17729,Google Ads,Digital Marketing,Hyderabad,30k-50k,74,2026-01-19,51.1,2,N,,0
LD17730,Instagram Ads,Power BI & Tableau,Bengaluru,30k-50k,39,2026-03-25,44.1,1,N,,0
LD17731,LinkedIn,Data Science Bootcamp,Ahmedabad,15k-30k,25,2026-02-14,73.0,4,N,,0
LD17732,Google Ads,Python for Data Analysis,Hyderabad,15k-30k,78,2025-11-21,0.9,1,N,,0
LD17733,Organic Search,Data Science Bootcamp,Chennai,30k-50k,37,2026-05-27,3.9,3,N,,0
LD17734,Referral,Data Science Bootcamp,Kolkata,50k+,14,2026-05-03,13.0,2,N,,0
LD17735,Organic Search,Data Science Bootcamp,Mumbai,30k-50k,82,2025-12-11,21.5,5,N,,0
LD17736,Google Ads,Digital Marketing,Kolkata,50k+,35,2026-02-05,14.8,0,N,,0
LD17737,Google Ads,Data Science Bootcamp,Bengaluru,30k-50k,13,2025-12-29,33.3,1,N,,0
LD17738,Instagram Ads,Business Analytics,Ahmedabad,15k-30k,29,2025-11-09,65.8,1,N,,0
LD17739,Instagram Ads,Digital Marketing,Mumbai,50k+,43,2026-05-03,8.9,6,N,,0
LD17740,LinkedIn,Business Analytics,Kolkata,<15k,38,2025-12-29,14.5,1,N,,0
LD17741,Organic Search,Python for Data Analysis,Mumbai,50k+,21,2026-05-09,30.8,5,N,,0
LD17742,Organic Search,Data Science Bootcamp,Ahmedabad,50k+,33,2026-06-16,19.3,2,Y,2026-06-25,60825
LD17743,LinkedIn,Full Stack Development,Pune,<15k,51,2026-06-09,9.2,3,N,,0
LD17744,Organic Search,Business Analytics,Kolkata,15k-30k,80,2026-04-23,2.6,4,N,,0
LD17745,Google Ads,Python for Data Analysis,Delhi NCR,50k+,63,2026-05-14,20.6,2,Y,2026-05-24,66037
LD17746,Referral,Data Science Bootcamp,Ahmedabad,<15k,78,2026-07-02,7.9,2,N,,0
LD17747,Organic Search,Power BI & Tableau,Chennai,50k+,32,2026-02-14,20.0,2,Y,2026-03-03,59860
LD17748,Organic Search,Business Analytics,Bengaluru,30k-50k,79,2026-01-23,1.9,2,Y,2026-02-07,39211
LD17749,Instagram Ads,Python for Data Analysis,Mumbai,50k+,60,2025-11-14,17.8,4,N,,0
LD17750,Organic Search,Power BI & Tableau,Mumbai,50k+,76,2025-11-01,49.9,4,N,,0
LD17751,LinkedIn,Digital Marketing,Ahmedabad,15k-30k,37,2026-05-29,18.9,1,N,,0
LD17752,Referral,Python for Data Analysis,Chennai,<15k,71,2026-05-28,5.5,4,N,,0
LD17753,Organic Search,Full Stack Development,Bengaluru,30k-50k,29,2026-07-11,32.0,4,N,,0
LD17754,Google Ads,Full Stack Development,Pune,30k-50k,59,2026-02-10,30.4,3,N,,0
LD17755,Referral,Business Analytics,Ahmedabad,<15k,50,2026-01-04,23.3,2,N,,0
LD17756,Instagram Ads,Data Science Bootcamp,Kolkata,30k-50k,70,2025-11-24,8.3,2,N,,0
LD17757,Referral,Full Stack Development,Kolkata,<15k,72,2026-02-23,13.2,3,N,,0
LD17758,Referral,Full Stack Development,Bengaluru,50k+,89,2026-07-28,4.2,1,N,,0
LD17759,Google Ads,Python for Data Analysis,Mumbai,50k+,44,2026-01-31,38.4,6,N,,0
LD17760,LinkedIn,Business Analytics,Hyderabad,<15k,0,2025-12-22,2.2,4,N,,0
LD17761,Referral,Python for Data Analysis,Bengaluru,15k-30k,16,2026-05-01,3.3,4,Y,2026-05-03,22522
LD17762,Instagram Ads,Python for Data Analysis,Pune,15k-30k,59,2025-12-30,1.6,2,N,,0
LD17763,Walk-in,Power BI & Tableau,Pune,<15k,56,2026-06-28,11.8,4,N,,0
LD17764,Organic Search,Python for Data Analysis,Pune,<15k,41,2026-06-05,16.1,3,N,,0
LD17765,Instagram Ads,Python for Data Analysis,Mumbai,30k-50k,79,2026-06-14,30.5,1,N,,0
LD17766,Referral,Business Analytics,Hyderabad,50k+,34,2025-12-15,26.8,4,N,,0
LD17767,LinkedIn,Python for Data Analysis,Kolkata,<15k,58,2025-12-15,67.1,3,N,,0
LD17768,Referral,Digital Marketing,Pune,30k-50k,53,2026-02-21,55.4,3,N,,0
LD17769,Walk-in,Python for Data Analysis,Pune,30k-50k,70,2025-11-29,12.3,2,N,,0
LD17770,LinkedIn,Data Science Bootcamp,Mumbai,15k-30k,35,2026-01-28,21.7,2,N,,0
LD17771,Referral,Data Science Bootcamp,Chennai,15k-30k,68,2026-04-02,7.5,1,N,,0
LD17772,Google Ads,Digital Marketing,Hyderabad,<15k,36,2025-12-21,32.6,8,N,,0
LD17773,Instagram Ads,Digital Marketing,Kolkata,30k-50k,57,2025-12-26,3.8,6,N,,0
LD17774,LinkedIn,Python for Data Analysis,Kolkata,<15k,58,2026-03-27,9.1,3,N,,0
LD17775,Instagram Ads,Power BI & Tableau,Hyderabad,15k-30k,82,2026-07-14,1.0,3,N,,0
LD17776,Google Ads,Power BI & Tableau,Ahmedabad,30k-50k,60,2025-12-02,23.5,9,N,,0
LD17777,Instagram Ads,Business Analytics,Chennai,<15k,48,2025-12-28,5.3,0,N,,0
LD17778,Instagram Ads,Digital Marketing,Delhi NCR,15k-30k,43,2026-02-05,1.0,5,N,,0
LD17779,Organic Search,Business Analytics,Mumbai,30k-50k,82,2025-12-17,14.1,2,Y,2025-12-19,40469
LD17780,Walk-in,Data Science Bootcamp,Hyderabad,15k-30k,53,2026-02-17,1.6,2,N,,0
LD17781,Referral,Python for Data Analysis,Kolkata,<15k,47,2026-01-25,31.6,3,N,,0
LD17782,Organic Search,Python for Data Analysis,Kolkata,<15k,60,2026-02-14,58.4,2,Y,2026-02-27,12020
LD17783,Instagram Ads,Full Stack Development,Delhi NCR,50k+,18,2026-03-05,40.6,3,N,,0
LD17784,Referral,Full Stack Development,Hyderabad,15k-30k,49,2025-11-18,1.8,8,Y,2025-11-24,22720
LD17785,Google Ads,Digital Marketing,Hyderabad,<15k,63,2026-06-10,8.7,4,N,,0
LD17786,Google Ads,Python for Data Analysis,Pune,30k-50k,47,2026-04-26,23.1,2,N,,0
LD17787,Instagram Ads,Full Stack Development,Chennai,<15k,62,2026-02-08,30.5,6,N,,0
LD17788,Organic Search,Data Science Bootcamp,Ahmedabad,15k-30k,69,2025-11-18,6.1,2,Y,2025-11-19,21113
LD17789,Instagram Ads,Data Science Bootcamp,Ahmedabad,<15k,55,2025-12-29,29.1,3,Y,2026-01-01,12600
LD17790,Instagram Ads,Data Science Bootcamp,Kolkata,15k-30k,90,2026-01-21,58.8,3,N,,0
LD17791,Instagram Ads,Full Stack Development,Bengaluru,30k-50k,63,2026-04-12,141.7,1,N,,0
LD17792,Organic Search,Python for Data Analysis,Mumbai,<15k,54,2026-07-26,1.5,4,N,,0
LD17793,Instagram Ads,Data Science Bootcamp,Hyderabad,<15k,65,2025-11-27,30.3,5,N,,0
LD17794,Instagram Ads,Python for Data Analysis,Kolkata,15k-30k,78,2026-03-26,50.1,2,N,,0
LD17795,Instagram Ads,Business Analytics,Kolkata,15k-30k,37,2026-07-28,2.7,3,N,,0
LD17796,Organic Search,Power BI & Tableau,Delhi NCR,15k-30k,27,2026-06-20,17.8,3,N,,0
LD17797,Google Ads,Digital Marketing,Bengaluru,30k-50k,63,2025-12-16,17.0,2,N,,0
LD17798,Referral,Full Stack Development,Ahmedabad,<15k,40,2026-07-19,13.6,4,N,,0
LD17799,Organic Search,Business Analytics,Pune,30k-50k,29,2026-04-12,14.7,6,N,,0
LD17800,Referral,Full Stack Development,Delhi NCR,50k+,34,2026-07-25,29.9,2,N,,0
LD17801,Instagram Ads,Data Science Bootcamp,Kolkata,<15k,59,2026-05-09,3.7,2,N,,0
LD17802,Instagram Ads,Power BI & Tableau,Kolkata,<15k,63,2026-05-04,27.7,3,N,,0
LD17803,LinkedIn,Power BI & Tableau,Kolkata,<15k,71,2026-07-23,26.6,8,Y,2026-08-03,12143
LD17804,Organic Search,Data Science Bootcamp,Ahmedabad,15k-30k,24,2026-05-08,2.8,5,N,,0
LD17805,Organic Search,Python for Data Analysis,Pune,50k+,84,2026-01-29,11.6,6,N,,0
LD17806,Google Ads,Data Science Bootcamp,Pune,<15k,75,2026-04-22,9.2,1,N,,0
LD17807,Instagram Ads,Data Science Bootcamp,Hyderabad,15k-30k,45,2026-06-29,1.4,6,N,,0
LD17808,Referral,Python for Data Analysis,Pune,<15k,80,2026-01-25,9.0,1,N,,0
LD17809,LinkedIn,Python for Data Analysis,Delhi NCR,15k-30k,72,2026-06-20,0.5,2,N,,0
LD17810,Instagram Ads,Digital Marketing,Mumbai,30k-50k,94,2026-03-11,48.2,0,Y,2026-03-13,43947
LD17811,Instagram Ads,Digital Marketing,Pune,50k+,65,2026-01-30,37.4,1,N,,0
LD17812,Instagram Ads,Full Stack Development,Chennai,30k-50k,63,2026-04-15,38.1,1,N,,0
LD17813,Instagram Ads,Power BI & Tableau,Bengaluru,50k+,41,2026-04-08,15.6,5,N,,0
LD17814,Referral,Data Science Bootcamp,Bengaluru,15k-30k,55,2026-02-12,21.8,3,N,,0
LD17815,Instagram Ads,Full Stack Development,Pune,30k-50k,79,2026-04-23,13.3,2,Y,2026-04-24,42472
LD17816,Instagram Ads,Digital Marketing,Chennai,15k-30k,57,2026-01-02,8.2,1,N,,0
LD17817,Referral,Business Analytics,Bengaluru,50k+,51,2026-04-09,6.2,5,N,,0
LD17818,Instagram Ads,Power BI & Tableau,Pune,<15k,37,2026-07-27,38.0,1,N,,0
LD17819,Instagram Ads,Business Analytics,Chennai,50k+,62,2026-01-02,11.2,1,N,,0
LD17820,Google Ads,Business Analytics,Pune,<15k,57,2026-04-17,22.4,2,N,,0
LD17821,Organic Search,Power BI & Tableau,Ahmedabad,30k-50k,78,2026-07-02,2.3,3,Y,2026-07-06,41919
LD17822,Google Ads,Python for Data Analysis,Mumbai,<15k,68,2026-01-23,19.8,2,N,,0
LD17823,Instagram Ads,Power BI & Tableau,Ahmedabad,50k+,38,2026-05-20,9.4,1,Y,2026-05-25,66902
LD17824,Instagram Ads,Data Science Bootcamp,Delhi NCR,15k-30k,57,2026-05-25,8.2,1,N,,0
LD17825,Google Ads,Business Analytics,Chennai,50k+,81,2026-04-18,15.5,3,Y,2026-05-02,62806
LD17826,Organic Search,Business Analytics,Bengaluru,30k-50k,42,2025-11-16,38.7,4,N,,0
LD17827,Organic Search,Digital Marketing,Mumbai,30k-50k,52,2026-02-10,28.6,2,N,,0
LD17828,LinkedIn,Full Stack Development,Delhi NCR,50k+,94,2026-01-19,26.6,3,Y,2026-01-27,67489
LD17829,Walk-in,Power BI & Tableau,Ahmedabad,<15k,79,2025-12-11,10.9,5,N,,0
LD17830,Google Ads,Digital Marketing,Bengaluru,30k-50k,56,2025-12-25,26.6,4,N,,0
LD17831,Organic Search,Business Analytics,Delhi NCR,50k+,65,2025-11-10,3.0,4,Y,2025-11-14,59909
LD17832,LinkedIn,Power BI & Tableau,Hyderabad,15k-30k,16,2026-07-10,9.5,2,N,,0
LD17833,Organic Search,Digital Marketing,Ahmedabad,50k+,32,2026-04-12,3.8,1,N,,0
LD17834,Google Ads,Business Analytics,Delhi NCR,30k-50k,29,2026-07-16,5.7,1,N,,0
LD17835,Instagram Ads,Full Stack Development,Kolkata,50k+,46,2026-05-20,1.2,1,N,,0
LD17836,Instagram Ads,Business Analytics,Pune,15k-30k,50,2026-01-28,1.2,4,N,,0
LD17837,Organic Search,Business Analytics,Bengaluru,50k+,32,2026-01-14,5.0,1,N,,0
LD17838,Referral,Python for Data Analysis,Ahmedabad,50k+,67,2026-04-24,24.9,6,N,,0
LD17839,Referral,Power BI & Tableau,Delhi NCR,50k+,79,2026-05-26,7.0,3,Y,2026-07-02,67315
LD17840,LinkedIn,Power BI & Tableau,Pune,<15k,46,2026-03-22,32.8,1,N,,0
LD17841,Instagram Ads,Digital Marketing,Ahmedabad,30k-50k,57,2026-07-24,36.9,2,N,,0
LD17842,Instagram Ads,Full Stack Development,Pune,15k-30k,50,2026-04-25,13.1,0,N,,0
LD17843,Instagram Ads,Full Stack Development,Delhi NCR,<15k,53,2026-01-17,48.0,4,N,,0
LD17844,Google Ads,Business Analytics,Pune,50k+,27,2025-11-06,0.5,2,N,,0
LD17845,Google Ads,Business Analytics,Pune,50k+,75,2026-06-19,6.1,0,N,,0
LD17846,LinkedIn,Data Science Bootcamp,Kolkata,50k+,51,2026-01-29,0.7,8,N,,0
LD17847,Google Ads,Python for Data Analysis,Ahmedabad,<15k,52,2026-01-05,8.0,7,N,,0
LD17848,Instagram Ads,Power BI & Tableau,Pune,50k+,47,2026-03-27,7.6,4,N,,0
LD17849,Google Ads,Business Analytics,Kolkata,30k-50k,24,2026-07-05,23.1,5,N,,0
LD17850,Walk-in,Power BI & Tableau,Mumbai,15k-30k,71,2026-04-30,1.0,3,Y,2026-05-03,23002
LD17851,Google Ads,Business Analytics,Ahmedabad,30k-50k,49,2026-01-06,16.3,3,N,,0
LD17852,Referral,Python for Data Analysis,Ahmedabad,50k+,61,2026-05-06,17.1,2,Y,2026-05-10,64222
LD17853,Instagram Ads,Python for Data Analysis,Chennai,15k-30k,55,2026-05-15,6.2,3,N,,0
LD17854,Referral,Python for Data Analysis,Delhi NCR,<15k,52,2026-04-15,17.4,3,N,,0
LD17855,Instagram Ads,Data Science Bootcamp,Delhi NCR,15k-30k,0,2026-02-12,9.7,3,N,,0
LD17856,Instagram Ads,Power BI & Tableau,Bengaluru,15k-30k,51,2026-01-26,11.6,4,N,,0
LD17857,Organic Search,Power BI & Tableau,Mumbai,30k-50k,61,2026-02-28,4.2,4,N,,0
LD17858,Instagram Ads,Data Science Bootcamp,Mumbai,30k-50k,60,2025-11-01,25.8,4,N,,0
LD17859,Google Ads,Power BI & Tableau,Hyderabad,15k-30k,58,2026-06-25,6.5,2,N,,0
LD17860,Instagram Ads,Business Analytics,Kolkata,15k-30k,46,2025-11-19,56.7,6,N,,0
LD17861,Google Ads,Data Science Bootcamp,Bengaluru,<15k,29,2025-12-22,11.2,3,N,,0
LD17862,Referral,Data Science Bootcamp,Delhi NCR,30k-50k,100,2026-04-22,10.1,4,N,,0
LD17863,Referral,Data Science Bootcamp,Kolkata,50k+,83,2025-12-08,43.3,2,N,,0
LD17864,LinkedIn,Business Analytics,Delhi NCR,<15k,50,2025-12-25,14.3,4,N,,0
LD17865,Referral,Full Stack Development,Bengaluru,15k-30k,50,2025-11-25,26.1,2,Y,2025-11-27,24066
LD17866,Google Ads,Digital Marketing,Mumbai,<15k,69,2026-04-10,17.1,5,Y,2026-04-12,11487
LD17867,Google Ads,Digital Marketing,Bengaluru,<15k,77,2026-06-14,15.5,4,N,,0
LD17868,Organic Search,Business Analytics,Chennai,50k+,36,2026-07-12,13.6,1,Y,2026-07-23,63499
LD17869,LinkedIn,Business Analytics,Pune,50k+,87,2026-01-03,12.5,0,N,,0
LD17870,Referral,Data Science Bootcamp,Chennai,50k+,76,2025-11-21,6.2,4,N,,0
LD17871,Instagram Ads,Full Stack Development,Delhi NCR,50k+,35,2026-05-16,1.4,5,N,,0
LD17872,Organic Search,Business Analytics,Delhi NCR,15k-30k,6,2026-01-24,4.4,2,N,,0
LD17873,Instagram Ads,Data Science Bootcamp,Pune,30k-50k,41,2026-05-16,15.9,1,N,,0
LD17874,Google Ads,Data Science Bootcamp,Mumbai,15k-30k,19,2026-01-05,44.5,2,N,,0
LD17875,Google Ads,Digital Marketing,Bengaluru,15k-30k,67,2025-12-18,15.8,2,N,,0
LD17876,Referral,Power BI & Tableau,Kolkata,50k+,94,2026-01-06,46.5,3,Y,2026-01-08,61313
LD17877,Organic Search,Python for Data Analysis,Delhi NCR,<15k,100,2026-01-16,8.8,1,N,,0
LD17878,Referral,Power BI & Tableau,Pune,50k+,70,2026-03-02,0.1,1,Y,2026-03-13,59902
LD17879,Instagram Ads,Power BI & Tableau,Chennai,<15k,32,2026-04-22,19.8,5,N,,0
LD17880,Instagram Ads,Python for Data Analysis,Bengaluru,15k-30k,24,2026-01-13,19.9,5,N,,0
LD17881,Organic Search,Data Science Bootcamp,Chennai,50k+,69,2026-06-01,35.7,2,N,,0
LD17882,Google Ads,Business Analytics,Ahmedabad,<15k,59,2025-11-21,32.0,4,N,,0
LD17883,Organic Search,Power BI & Tableau,Kolkata,50k+,64,2026-07-23,8.6,2,N,,0
LD17884,Google Ads,Data Science Bootcamp,Chennai,50k+,35,2026-02-16,7.1,3,N,,0
LD17885,Instagram Ads,Python for Data Analysis,Delhi NCR,15k-30k,77,2025-12-15,20.2,3,N,,0
LD17886,Organic Search,Data Science Bootcamp,Mumbai,30k-50k,26,2026-02-28,7.8,4,N,,0
LD17887,LinkedIn,Digital Marketing,Delhi NCR,50k+,66,2026-03-17,4.1,3,Y,2026-04-02,69561
LD17888,Referral,Data Science Bootcamp,Chennai,15k-30k,62,2026-05-19,5.8,3,N,,0
LD17889,Walk-in,Business Analytics,Mumbai,<15k,23,2026-05-26,28.6,2,N,,0
LD17890,LinkedIn,Python for Data Analysis,Kolkata,30k-50k,76,2026-06-11,75.6,0,N,,0
LD17891,Google Ads,Data Science Bootcamp,Bengaluru,<15k,14,2026-06-04,7.4,2,N,,0
LD17892,Google Ads,Python for Data Analysis,Ahmedabad,50k+,66,2025-11-05,47.3,0,N,,0
LD17893,Google Ads,Business Analytics,Hyderabad,15k-30k,69,2026-02-12,39.2,3,N,,0
LD17894,Google Ads,Python for Data Analysis,Bengaluru,30k-50k,29,2026-06-21,3.9,3,N,,0
LD17895,LinkedIn,Business Analytics,Hyderabad,50k+,41,2026-05-26,14.0,0,N,,0
LD17896,Instagram Ads,Power BI & Tableau,Bengaluru,15k-30k,46,2026-07-09,36.7,4,N,,0
LD17897,Instagram Ads,Business Analytics,Hyderabad,30k-50k,71,2026-04-11,24.2,5,N,,0
LD17898,Walk-in,Power BI & Tableau,Ahmedabad,15k-30k,46,2025-12-11,11.7,2,N,,0
LD17899,Instagram Ads,Business Analytics,Ahmedabad,15k-30k,49,2026-05-17,23.8,5,N,,0
LD17900,Google Ads,Data Science Bootcamp,Delhi NCR,15k-30k,38,2026-01-09,10.9,6,N,,0
LD17901,Instagram Ads,Full Stack Development,Delhi NCR,15k-30k,41,2026-03-06,45.3,4,N,,0
LD17902,Referral,Digital Marketing,Ahmedabad,30k-50k,36,2026-03-03,26.2,6,N,,0
LD17903,LinkedIn,Digital Marketing,Delhi NCR,<15k,43,2026-02-10,1.4,4,N,,0
LD17904,Instagram Ads,Python for Data Analysis,Bengaluru,50k+,20,2026-04-14,13.0,4,N,,0
LD17905,LinkedIn,Python for Data Analysis,Pune,50k+,43,2025-11-19,20.3,3,N,,0
LD17906,Organic Search,Business Analytics,Hyderabad,30k-50k,17,2025-12-07,49.6,1,Y,2025-12-08,43504
LD17907,Walk-in,Data Science Bootcamp,Kolkata,50k+,79,2026-03-08,0.9,2,N,,0
LD17908,Organic Search,Digital Marketing,Hyderabad,<15k,62,2025-12-12,1.5,3,N,,0
LD17909,Instagram Ads,Python for Data Analysis,Chennai,<15k,66,2025-12-21,7.0,2,N,,0
LD17910,Referral,Data Science Bootcamp,Mumbai,50k+,58,2025-11-03,5.7,3,N,,0
LD17911,Instagram Ads,Full Stack Development,Chennai,15k-30k,58,2026-03-16,6.4,3,Y,2026-03-26,22098
LD17912,Walk-in,Data Science Bootcamp,Chennai,30k-50k,24,2026-05-17,2.0,3,N,,0
LD17913,Google Ads,Python for Data Analysis,Delhi NCR,15k-30k,63,2026-03-14,0.4,2,N,,0
LD17914,Referral,Data Science Bootcamp,Chennai,<15k,79,2026-07-10,12.7,3,N,,0
LD17915,Referral,Power BI & Tableau,Chennai,<15k,53,2026-07-14,16.0,1,N,,0
LD17916,Referral,Digital Marketing,Hyderabad,<15k,48,2026-07-22,10.7,5,N,,0
LD17917,Google Ads,Digital Marketing,Delhi NCR,50k+,91,2026-02-09,0.9,1,N,,0
LD17918,Instagram Ads,Digital Marketing,Chennai,50k+,44,2026-03-13,22.1,2,N,,0
LD17919,Referral,Business Analytics,Kolkata,<15k,33,2026-04-24,36.9,7,N,,0
LD17920,Organic Search,Data Science Bootcamp,Ahmedabad,50k+,43,2026-04-09,4.1,3,N,,0
LD17921,Instagram Ads,Data Science Bootcamp,Delhi NCR,<15k,37,2026-02-19,65.0,2,N,,0
LD17922,Walk-in,Data Science Bootcamp,Bengaluru,15k-30k,64,2025-11-10,37.7,2,N,,0
LD17923,Google Ads,Full Stack Development,Chennai,30k-50k,28,2026-07-09,8.1,4,N,,0
LD17924,LinkedIn,Digital Marketing,Delhi NCR,<15k,43,2026-02-13,35.5,3,N,,0
LD17925,Instagram Ads,Data Science Bootcamp,Pune,15k-30k,58,2026-04-03,16.6,2,N,,0
LD17926,Instagram Ads,Business Analytics,Bengaluru,<15k,28,2025-12-23,15.6,5,N,,0
LD17927,Organic Search,Full Stack Development,Kolkata,15k-30k,90,2026-02-27,36.0,5,N,,0
LD17928,Organic Search,Python for Data Analysis,Bengaluru,15k-30k,68,2026-01-08,46.7,1,N,,0
LD17929,Referral,Business Analytics,Kolkata,30k-50k,53,2026-07-07,7.5,5,N,,0
LD17930,Google Ads,Full Stack Development,Bengaluru,30k-50k,59,2026-05-16,0.2,1,N,,0
LD17931,Google Ads,Full Stack Development,Bengaluru,50k+,78,2026-03-19,16.0,3,N,,0
LD17932,Google Ads,Business Analytics,Chennai,50k+,25,2026-03-13,25.8,0,N,,0
LD17933,Referral,Business Analytics,Hyderabad,30k-50k,76,2026-05-06,14.6,6,N,,0
LD17934,Google Ads,Python for Data Analysis,Kolkata,30k-50k,45,2026-05-09,2.6,3,N,,0
LD17935,Instagram Ads,Full Stack Development,Mumbai,15k-30k,39,2026-04-26,3.4,5,N,,0
LD17936,Instagram Ads,Full Stack Development,Chennai,15k-30k,2,2026-07-10,7.7,1,N,,0
LD17937,Google Ads,Full Stack Development,Pune,50k+,58,2026-05-19,13.9,5,Y,2026-05-27,67004
LD17938,LinkedIn,Business Analytics,Mumbai,<15k,17,2026-01-05,12.5,2,N,,0
LD17939,Instagram Ads,Power BI & Tableau,Delhi NCR,50k+,67,2025-11-09,10.0,2,N,,0
LD17940,Instagram Ads,Digital Marketing,Bengaluru,<15k,42,2026-06-09,34.0,2,N,,0
LD17941,Referral,Python for Data Analysis,Bengaluru,50k+,19,2026-04-21,29.4,4,N,,0
LD17942,Google Ads,Power BI & Tableau,Bengaluru,50k+,35,2026-05-03,10.3,6,N,,0
LD17943,Walk-in,Power BI & Tableau,Bengaluru,15k-30k,47,2026-05-09,14.0,2,Y,2026-05-10,20763
LD17944,Instagram Ads,Full Stack Development,Hyderabad,<15k,57,2026-04-25,34.2,2,N,,0
LD17945,Google Ads,Power BI & Tableau,Mumbai,30k-50k,86,2026-01-10,9.5,5,Y,2026-01-18,37117
LD17946,LinkedIn,Data Science Bootcamp,Mumbai,<15k,50,2026-03-04,15.1,0,N,,0
LD17947,LinkedIn,Full Stack Development,Kolkata,15k-30k,69,2026-05-04,0.6,2,N,,0
LD17948,Instagram Ads,Python for Data Analysis,Hyderabad,<15k,40,2026-01-08,23.0,8,N,,0
LD17949,LinkedIn,Digital Marketing,Chennai,30k-50k,49,2026-04-13,14.4,3,N,,0
LD17950,Instagram Ads,Power BI & Tableau,Chennai,<15k,63,2026-07-17,20.6,4,N,,0
LD17951,Instagram Ads,Business Analytics,Mumbai,50k+,64,2026-06-17,1.8,3,N,,0
LD17952,Instagram Ads,Business Analytics,Hyderabad,<15k,50,2025-11-03,10.7,1,N,,0
LD17953,Referral,Power BI & Tableau,Bengaluru,50k+,38,2026-05-29,2.0,5,N,,0
LD17954,Instagram Ads,Digital Marketing,Pune,50k+,67,2026-04-24,0.0,3,N,,0
LD17955,LinkedIn,Business Analytics,Chennai,<15k,90,2026-07-08,21.6,1,N,,0
LD17956,LinkedIn,Business Analytics,Bengaluru,50k+,55,2026-02-16,2.6,3,Y,2026-02-20,65529
LD17957,Google Ads,Python for Data Analysis,Delhi NCR,50k+,16,2026-04-09,35.5,2,N,,0
LD17958,Google Ads,Digital Marketing,Delhi NCR,30k-50k,31,2026-07-03,4.8,7,N,,0
LD17959,Instagram Ads,Python for Data Analysis,Pune,<15k,65,2026-03-21,14.7,4,N,,0
LD17960,Instagram Ads,Full Stack Development,Hyderabad,15k-30k,35,2025-12-21,7.9,1,N,,0
LD17961,Instagram Ads,Python for Data Analysis,Delhi NCR,<15k,50,2026-02-23,32.0,7,N,,0
LD17962,Instagram Ads,Python for Data Analysis,Chennai,<15k,41,2026-06-14,54.2,4,N,,0
LD17963,Google Ads,Full Stack Development,Delhi NCR,15k-30k,96,2026-01-08,20.0,3,N,,0
LD17964,Google Ads,Python for Data Analysis,Kolkata,50k+,66,2026-01-21,6.3,3,Y,2026-01-22,69777
LD17965,Google Ads,Python for Data Analysis,Kolkata,15k-30k,73,2026-07-22,19.3,3,N,,0
LD17966,LinkedIn,Business Analytics,Chennai,15k-30k,82,2026-04-28,36.1,0,N,,0
LD17967,Organic Search,Full Stack Development,Bengaluru,50k+,77,2026-02-12,3.6,1,N,,0
LD17968,Organic Search,Digital Marketing,Bengaluru,15k-30k,59,2026-01-23,13.6,4,N,,0
LD17969,Instagram Ads,Business Analytics,Hyderabad,50k+,44,2026-02-20,14.9,2,N,,0
LD17970,Instagram Ads,Full Stack Development,Bengaluru,30k-50k,78,2026-06-27,4.5,7,N,,0
LD17971,Instagram Ads,Business Analytics,Ahmedabad,30k-50k,50,2026-05-17,11.3,3,N,,0
LD17972,Instagram Ads,Power BI & Tableau,Bengaluru,50k+,29,2025-11-24,31.1,4,N,,0
LD17973,Walk-in,Business Analytics,Kolkata,50k+,38,2026-04-22,2.7,1,N,,0
LD17974,Google Ads,Data Science Bootcamp,Bengaluru,30k-50k,53,2026-05-31,31.1,4,Y,2026-06-02,37691
LD17975,Instagram Ads,Python for Data Analysis,Bengaluru,15k-30k,72,2026-02-02,10.9,1,N,,0
LD17976,LinkedIn,Python for Data Analysis,Mumbai,50k+,61,2025-12-08,30.7,3,N,,0
LD17977,Referral,Python for Data Analysis,Chennai,<15k,49,2026-05-23,30.5,6,N,,0
LD17978,Google Ads,Data Science Bootcamp,Hyderabad,15k-30k,67,2026-07-11,10.4,2,N,,0
LD17979,LinkedIn,Full Stack Development,Delhi NCR,50k+,78,2026-02-16,0.6,2,Y,2026-03-17,59259
LD17980,Google Ads,Data Science Bootcamp,Bengaluru,<15k,45,2026-01-23,26.8,2,N,,0
LD17981,Instagram Ads,Business Analytics,Hyderabad,<15k,36,2026-07-27,34.0,6,N,,0
LD17982,Instagram Ads,Business Analytics,Mumbai,<15k,70,2026-06-10,40.4,2,N,,0
LD17983,Google Ads,Full Stack Development,Pune,<15k,48,2025-10-31,16.3,5,N,,0
LD17984,Walk-in,Digital Marketing,Bengaluru,15k-30k,45,2025-11-19,8.6,3,N,,0
LD17985,Google Ads,Power BI & Tableau,Chennai,30k-50k,80,2026-05-09,55.4,3,N,,0
LD17986,Instagram Ads,Business Analytics,Ahmedabad,15k-30k,44,2026-03-23,1.8,4,N,,0
LD17987,Referral,Digital Marketing,Chennai,50k+,54,2026-04-27,4.4,3,Y,2026-05-03,64390
LD17988,Referral,Business Analytics,Pune,<15k,36,2026-05-19,6.4,4,N,,0
LD17989,Organic Search,Python for Data Analysis,Bengaluru,<15k,56,2025-12-16,1.4,4,N,,0
LD17990,Google Ads,Power BI & Tableau,Bengaluru,50k+,61,2026-02-10,20.3,4,N,,0
LD17991,Google Ads,Business Analytics,Chennai,50k+,24,2026-05-11,4.9,0,N,,0
LD17992,Instagram Ads,Python for Data Analysis,Chennai,30k-50k,25,2025-12-24,12.8,2,N,,0
LD17993,Walk-in,Digital Marketing,Pune,30k-50k,79,2025-12-19,10.4,2,N,,0
LD17994,Google Ads,Data Science Bootcamp,Delhi NCR,30k-50k,68,2026-07-16,10.8,3,Y,2026-07-30,39869
LD17995,Organic Search,Full Stack Development,Delhi NCR,30k-50k,42,2026-03-03,0.6,3,N,,0
LD17996,Instagram Ads,Digital Marketing,Hyderabad,15k-30k,35,2026-06-10,16.2,3,N,,0
LD17997,Instagram Ads,Data Science Bootcamp,Hyderabad,<15k,75,2025-12-20,11.1,3,N,,0
LD17998,Walk-in,Full Stack Development,Chennai,50k+,52,2025-11-16,40.4,1,N,,0
LD17999,Organic Search,Full Stack Development,Mumbai,30k-50k,63,2025-12-19,2.5,3,N,,0
LD18000,Organic Search,Digital Marketing,Chennai,30k-50k,49,2026-05-26,9.1,4,N,,0
